2026-03-27 16:10:17 [main] INFO  k.c.k.l.adminweb.AdminWebApplication logStarting 55 
 - Starting AdminWebApplication using Java 17.0.12 on BOOK-MATTTOCA92 with PID 2476 (C:\Users\KEVIT\git\local-csms\localcsms\web\admin-web\target\evAdmin.jar started by KEVIT in C:\Users\KEVIT\git\local-csms)
2026-03-27 16:10:17 [main] INFO  k.c.k.l.adminweb.AdminWebApplication logStartupProfileInfo 632 
 - No active profile set, falling back to 1 default profile: "default"
2026-03-27 16:10:17 [main] DEBUG o.s.boot.SpringApplication load 665 
 - Loading source class kr.co.kevit.localcsms.adminweb.AdminWebApplication
2026-03-27 16:10:17 [main] DEBUG o.s.b.w.s.c.AnnotationConfigServletWebServerApplicationContext prepareRefresh 637 
 - Refreshing org.springframework.boot.web.servlet.context.AnnotationConfigServletWebServerApplicationContext@5c33f1a9
2026-03-27 16:10:17 [main] DEBUG o.s.b.f.s.DefaultListableBeanFactory getSingleton 225 
 - Creating shared instance of singleton bean 'org.springframework.context.annotation.internalConfigurationAnnotationProcessor'
2026-03-27 16:10:17 [main] DEBUG o.s.b.f.s.DefaultListableBeanFactory getSingleton 225 
 - Creating shared instance of singleton bean 'org.springframework.boot.autoconfigure.internalCachingMetadataReaderFactory'
2026-03-27 16:10:17 [main] DEBUG o.s.c.a.ClassPathBeanDefinitionScanner scanCandidateComponents 435 
 - Identified candidate component class: URL [jar:file:/C:/Users/KEVIT/git/local-csms/localcsms/web/admin-web/target/evAdmin.jar!/BOOT-INF/classes!/kr/co/kevit/localcsms/adminweb/client/ApiEaiClient.class]
2026-03-27 16:10:17 [main] DEBUG o.s.c.a.ClassPathBeanDefinitionScanner scanCandidateComponents 435 
 - Identified candidate component class: URL [jar:file:/C:/Users/KEVIT/git/local-csms/localcsms/web/admin-web/target/evAdmin.jar!/BOOT-INF/classes!/kr/co/kevit/localcsms/adminweb/config/CommonModelAdvice.class]
2026-03-27 16:10:17 [main] DEBUG o.s.c.a.ClassPathBeanDefinitionScanner scanCandidateComponents 435 
 - Identified candidate component class: URL [jar:file:/C:/Users/KEVIT/git/local-csms/localcsms/web/admin-web/target/evAdmin.jar!/BOOT-INF/classes!/kr/co/kevit/localcsms/adminweb/config/SecurityConfig.class]
2026-03-27 16:10:17 [main] DEBUG o.s.c.a.ClassPathBeanDefinitionScanner scanCandidateComponents 435 
 - Identified candidate component class: URL [jar:file:/C:/Users/KEVIT/git/local-csms/localcsms/web/admin-web/target/evAdmin.jar!/BOOT-INF/classes!/kr/co/kevit/localcsms/adminweb/config/WebMvcConfig.class]
2026-03-27 16:10:17 [main] DEBUG o.s.c.a.ClassPathBeanDefinitionScanner scanCandidateComponents 435 
 - Identified candidate component class: URL [jar:file:/C:/Users/KEVIT/git/local-csms/localcsms/web/admin-web/target/evAdmin.jar!/BOOT-INF/classes!/kr/co/kevit/localcsms/adminweb/controller/certificate/CsCertController.class]
2026-03-27 16:10:17 [main] DEBUG o.s.c.a.ClassPathBeanDefinitionScanner scanCandidateComponents 435 
 - Identified candidate component class: URL [jar:file:/C:/Users/KEVIT/git/local-csms/localcsms/web/admin-web/target/evAdmin.jar!/BOOT-INF/classes!/kr/co/kevit/localcsms/adminweb/controller/certificate/CustomerCertController.class]
2026-03-27 16:10:17 [main] DEBUG o.s.c.a.ClassPathBeanDefinitionScanner scanCandidateComponents 435 
 - Identified candidate component class: URL [jar:file:/C:/Users/KEVIT/git/local-csms/localcsms/web/admin-web/target/evAdmin.jar!/BOOT-INF/classes!/kr/co/kevit/localcsms/adminweb/controller/charger/BreakdownController.class]
2026-03-27 16:10:17 [main] DEBUG o.s.c.a.ClassPathBeanDefinitionScanner scanCandidateComponents 435 
 - Identified candidate component class: URL [jar:file:/C:/Users/KEVIT/git/local-csms/localcsms/web/admin-web/target/evAdmin.jar!/BOOT-INF/classes!/kr/co/kevit/localcsms/adminweb/controller/charger/ChargePointController.class]
2026-03-27 16:10:17 [main] DEBUG o.s.c.a.ClassPathBeanDefinitionScanner scanCandidateComponents 435 
 - Identified candidate component class: URL [jar:file:/C:/Users/KEVIT/git/local-csms/localcsms/web/admin-web/target/evAdmin.jar!/BOOT-INF/classes!/kr/co/kevit/localcsms/adminweb/controller/charger/ChargerStatusInfoController.class]
2026-03-27 16:10:17 [main] DEBUG o.s.c.a.ClassPathBeanDefinitionScanner scanCandidateComponents 435 
 - Identified candidate component class: URL [jar:file:/C:/Users/KEVIT/git/local-csms/localcsms/web/admin-web/target/evAdmin.jar!/BOOT-INF/classes!/kr/co/kevit/localcsms/adminweb/controller/charger/ChargerStatusLogController.class]
2026-03-27 16:10:17 [main] DEBUG o.s.c.a.ClassPathBeanDefinitionScanner scanCandidateComponents 435 
 - Identified candidate component class: URL [jar:file:/C:/Users/KEVIT/git/local-csms/localcsms/web/admin-web/target/evAdmin.jar!/BOOT-INF/classes!/kr/co/kevit/localcsms/adminweb/controller/charger/ChargingProfileController.class]
2026-03-27 16:10:17 [main] DEBUG o.s.c.a.ClassPathBeanDefinitionScanner scanCandidateComponents 435 
 - Identified candidate component class: URL [jar:file:/C:/Users/KEVIT/git/local-csms/localcsms/web/admin-web/target/evAdmin.jar!/BOOT-INF/classes!/kr/co/kevit/localcsms/adminweb/controller/charger/ChargingStationController.class]
2026-03-27 16:10:17 [main] DEBUG o.s.c.a.ClassPathBeanDefinitionScanner scanCandidateComponents 435 
 - Identified candidate component class: URL [jar:file:/C:/Users/KEVIT/git/local-csms/localcsms/web/admin-web/target/evAdmin.jar!/BOOT-INF/classes!/kr/co/kevit/localcsms/adminweb/controller/charger/CSCmdController.class]
2026-03-27 16:10:17 [main] DEBUG o.s.c.a.ClassPathBeanDefinitionScanner scanCandidateComponents 435 
 - Identified candidate component class: URL [jar:file:/C:/Users/KEVIT/git/local-csms/localcsms/web/admin-web/target/evAdmin.jar!/BOOT-INF/classes!/kr/co/kevit/localcsms/adminweb/controller/charger/CsConfigurationController.class]
2026-03-27 16:10:17 [main] DEBUG o.s.c.a.ClassPathBeanDefinitionScanner scanCandidateComponents 435 
 - Identified candidate component class: URL [jar:file:/C:/Users/KEVIT/git/local-csms/localcsms/web/admin-web/target/evAdmin.jar!/BOOT-INF/classes!/kr/co/kevit/localcsms/adminweb/controller/charger/CSDrCmdController.class]
2026-03-27 16:10:17 [main] DEBUG o.s.c.a.ClassPathBeanDefinitionScanner scanCandidateComponents 435 
 - Identified candidate component class: URL [jar:file:/C:/Users/KEVIT/git/local-csms/localcsms/web/admin-web/target/evAdmin.jar!/BOOT-INF/classes!/kr/co/kevit/localcsms/adminweb/controller/charger/CsVariableController.class]
2026-03-27 16:10:17 [main] DEBUG o.s.c.a.ClassPathBeanDefinitionScanner scanCandidateComponents 435 
 - Identified candidate component class: URL [jar:file:/C:/Users/KEVIT/git/local-csms/localcsms/web/admin-web/target/evAdmin.jar!/BOOT-INF/classes!/kr/co/kevit/localcsms/adminweb/controller/charger/DisplayMessageController.class]
2026-03-27 16:10:17 [main] DEBUG o.s.c.a.ClassPathBeanDefinitionScanner scanCandidateComponents 435 
 - Identified candidate component class: URL [jar:file:/C:/Users/KEVIT/git/local-csms/localcsms/web/admin-web/target/evAdmin.jar!/BOOT-INF/classes!/kr/co/kevit/localcsms/adminweb/controller/charger/LocalCustomerController.class]
2026-03-27 16:10:17 [main] DEBUG o.s.c.a.ClassPathBeanDefinitionScanner scanCandidateComponents 435 
 - Identified candidate component class: URL [jar:file:/C:/Users/KEVIT/git/local-csms/localcsms/web/admin-web/target/evAdmin.jar!/BOOT-INF/classes!/kr/co/kevit/localcsms/adminweb/controller/ChargerControlController.class]
2026-03-27 16:10:17 [main] DEBUG o.s.c.a.ClassPathBeanDefinitionScanner scanCandidateComponents 435 
 - Identified candidate component class: URL [jar:file:/C:/Users/KEVIT/git/local-csms/localcsms/web/admin-web/target/evAdmin.jar!/BOOT-INF/classes!/kr/co/kevit/localcsms/adminweb/controller/customer/CustomerCardController.class]
2026-03-27 16:10:17 [main] DEBUG o.s.c.a.ClassPathBeanDefinitionScanner scanCandidateComponents 435 
 - Identified candidate component class: URL [jar:file:/C:/Users/KEVIT/git/local-csms/localcsms/web/admin-web/target/evAdmin.jar!/BOOT-INF/classes!/kr/co/kevit/localcsms/adminweb/controller/customer/CustomerController.class]
2026-03-27 16:10:17 [main] DEBUG o.s.c.a.ClassPathBeanDefinitionScanner scanCandidateComponents 435 
 - Identified candidate component class: URL [jar:file:/C:/Users/KEVIT/git/local-csms/localcsms/web/admin-web/target/evAdmin.jar!/BOOT-INF/classes!/kr/co/kevit/localcsms/adminweb/controller/customer/ReCustomerCardController.class]
2026-03-27 16:10:17 [main] DEBUG o.s.c.a.ClassPathBeanDefinitionScanner scanCandidateComponents 435 
 - Identified candidate component class: URL [jar:file:/C:/Users/KEVIT/git/local-csms/localcsms/web/admin-web/target/evAdmin.jar!/BOOT-INF/classes!/kr/co/kevit/localcsms/adminweb/controller/LoginController.class]
2026-03-27 16:10:17 [main] DEBUG o.s.c.a.ClassPathBeanDefinitionScanner scanCandidateComponents 435 
 - Identified candidate component class: URL [jar:file:/C:/Users/KEVIT/git/local-csms/localcsms/web/admin-web/target/evAdmin.jar!/BOOT-INF/classes!/kr/co/kevit/localcsms/adminweb/controller/MainController.class]
2026-03-27 16:10:17 [main] DEBUG o.s.c.a.ClassPathBeanDefinitionScanner scanCandidateComponents 435 
 - Identified candidate component class: URL [jar:file:/C:/Users/KEVIT/git/local-csms/localcsms/web/admin-web/target/evAdmin.jar!/BOOT-INF/classes!/kr/co/kevit/localcsms/adminweb/controller/organization/CompanyController.class]
2026-03-27 16:10:17 [main] DEBUG o.s.c.a.ClassPathBeanDefinitionScanner scanCandidateComponents 435 
 - Identified candidate component class: URL [jar:file:/C:/Users/KEVIT/git/local-csms/localcsms/web/admin-web/target/evAdmin.jar!/BOOT-INF/classes!/kr/co/kevit/localcsms/adminweb/controller/organization/EmployeeController.class]
2026-03-27 16:10:17 [main] DEBUG o.s.c.a.ClassPathBeanDefinitionScanner scanCandidateComponents 435 
 - Identified candidate component class: URL [jar:file:/C:/Users/KEVIT/git/local-csms/localcsms/web/admin-web/target/evAdmin.jar!/BOOT-INF/classes!/kr/co/kevit/localcsms/adminweb/controller/product/ProductController.class]
2026-03-27 16:10:17 [main] DEBUG o.s.c.a.ClassPathBeanDefinitionScanner scanCandidateComponents 435 
 - Identified candidate component class: URL [jar:file:/C:/Users/KEVIT/git/local-csms/localcsms/web/admin-web/target/evAdmin.jar!/BOOT-INF/classes!/kr/co/kevit/localcsms/adminweb/controller/recharging/RechargingController.class]
2026-03-27 16:10:17 [main] DEBUG o.s.c.a.ClassPathBeanDefinitionScanner scanCandidateComponents 435 
 - Identified candidate component class: URL [jar:file:/C:/Users/KEVIT/git/local-csms/localcsms/web/admin-web/target/evAdmin.jar!/BOOT-INF/classes!/kr/co/kevit/localcsms/adminweb/controller/recharging/ReservationController.class]
2026-03-27 16:10:17 [main] DEBUG o.s.c.a.ClassPathBeanDefinitionScanner scanCandidateComponents 435 
 - Identified candidate component class: URL [jar:file:/C:/Users/KEVIT/git/local-csms/localcsms/web/admin-web/target/evAdmin.jar!/BOOT-INF/classes!/kr/co/kevit/localcsms/adminweb/controller/recharging/StationExcepController.class]
2026-03-27 16:10:17 [main] DEBUG o.s.c.a.ClassPathBeanDefinitionScanner scanCandidateComponents 435 
 - Identified candidate component class: URL [jar:file:/C:/Users/KEVIT/git/local-csms/localcsms/web/admin-web/target/evAdmin.jar!/BOOT-INF/classes!/kr/co/kevit/localcsms/adminweb/controller/system/AccessLogController.class]
2026-03-27 16:10:17 [main] DEBUG o.s.c.a.ClassPathBeanDefinitionScanner scanCandidateComponents 435 
 - Identified candidate component class: URL [jar:file:/C:/Users/KEVIT/git/local-csms/localcsms/web/admin-web/target/evAdmin.jar!/BOOT-INF/classes!/kr/co/kevit/localcsms/adminweb/controller/system/AuthorityController.class]
2026-03-27 16:10:17 [main] DEBUG o.s.c.a.ClassPathBeanDefinitionScanner scanCandidateComponents 435 
 - Identified candidate component class: URL [jar:file:/C:/Users/KEVIT/git/local-csms/localcsms/web/admin-web/target/evAdmin.jar!/BOOT-INF/classes!/kr/co/kevit/localcsms/adminweb/controller/system/CarModelController.class]
2026-03-27 16:10:17 [main] DEBUG o.s.c.a.ClassPathBeanDefinitionScanner scanCandidateComponents 435 
 - Identified candidate component class: URL [jar:file:/C:/Users/KEVIT/git/local-csms/localcsms/web/admin-web/target/evAdmin.jar!/BOOT-INF/classes!/kr/co/kevit/localcsms/adminweb/controller/system/CommonCodeController.class]
2026-03-27 16:10:17 [main] DEBUG o.s.c.a.ClassPathBeanDefinitionScanner scanCandidateComponents 435 
 - Identified candidate component class: URL [jar:file:/C:/Users/KEVIT/git/local-csms/localcsms/web/admin-web/target/evAdmin.jar!/BOOT-INF/classes!/kr/co/kevit/localcsms/adminweb/controller/system/ConsultCodeController.class]
2026-03-27 16:10:17 [main] DEBUG o.s.c.a.ClassPathBeanDefinitionScanner scanCandidateComponents 435 
 - Identified candidate component class: URL [jar:file:/C:/Users/KEVIT/git/local-csms/localcsms/web/admin-web/target/evAdmin.jar!/BOOT-INF/classes!/kr/co/kevit/localcsms/adminweb/controller/system/MenuController.class]
2026-03-27 16:10:17 [main] DEBUG o.s.c.a.ClassPathBeanDefinitionScanner scanCandidateComponents 435 
 - Identified candidate component class: URL [jar:file:/C:/Users/KEVIT/git/local-csms/localcsms/web/admin-web/target/evAdmin.jar!/BOOT-INF/classes!/kr/co/kevit/localcsms/adminweb/controller/system/RemoteLogController.class]
2026-03-27 16:10:17 [main] DEBUG o.s.c.a.ClassPathBeanDefinitionScanner scanCandidateComponents 435 
 - Identified candidate component class: URL [jar:file:/C:/Users/KEVIT/git/local-csms/localcsms/web/admin-web/target/evAdmin.jar!/BOOT-INF/classes!/kr/co/kevit/localcsms/adminweb/resource/certificate/CsCertResource.class]
2026-03-27 16:10:17 [main] DEBUG o.s.c.a.ClassPathBeanDefinitionScanner scanCandidateComponents 435 
 - Identified candidate component class: URL [jar:file:/C:/Users/KEVIT/git/local-csms/localcsms/web/admin-web/target/evAdmin.jar!/BOOT-INF/classes!/kr/co/kevit/localcsms/adminweb/resource/certificate/CustomerCertResource.class]
2026-03-27 16:10:17 [main] DEBUG o.s.c.a.ClassPathBeanDefinitionScanner scanCandidateComponents 435 
 - Identified candidate component class: URL [jar:file:/C:/Users/KEVIT/git/local-csms/localcsms/web/admin-web/target/evAdmin.jar!/BOOT-INF/classes!/kr/co/kevit/localcsms/adminweb/resource/charger/BreakdownResource.class]
2026-03-27 16:10:17 [main] DEBUG o.s.c.a.ClassPathBeanDefinitionScanner scanCandidateComponents 435 
 - Identified candidate component class: URL [jar:file:/C:/Users/KEVIT/git/local-csms/localcsms/web/admin-web/target/evAdmin.jar!/BOOT-INF/classes!/kr/co/kevit/localcsms/adminweb/resource/charger/ChargePointResource.class]
2026-03-27 16:10:17 [main] DEBUG o.s.c.a.ClassPathBeanDefinitionScanner scanCandidateComponents 435 
 - Identified candidate component class: URL [jar:file:/C:/Users/KEVIT/git/local-csms/localcsms/web/admin-web/target/evAdmin.jar!/BOOT-INF/classes!/kr/co/kevit/localcsms/adminweb/resource/charger/ChargerStatusLogResource.class]
2026-03-27 16:10:17 [main] DEBUG o.s.c.a.ClassPathBeanDefinitionScanner scanCandidateComponents 435 
 - Identified candidate component class: URL [jar:file:/C:/Users/KEVIT/git/local-csms/localcsms/web/admin-web/target/evAdmin.jar!/BOOT-INF/classes!/kr/co/kevit/localcsms/adminweb/resource/charger/ChargerStatusResource.class]
2026-03-27 16:10:17 [main] DEBUG o.s.c.a.ClassPathBeanDefinitionScanner scanCandidateComponents 435 
 - Identified candidate component class: URL [jar:file:/C:/Users/KEVIT/git/local-csms/localcsms/web/admin-web/target/evAdmin.jar!/BOOT-INF/classes!/kr/co/kevit/localcsms/adminweb/resource/charger/ChargingProfileResource.class]
2026-03-27 16:10:17 [main] DEBUG o.s.c.a.ClassPathBeanDefinitionScanner scanCandidateComponents 435 
 - Identified candidate component class: URL [jar:file:/C:/Users/KEVIT/git/local-csms/localcsms/web/admin-web/target/evAdmin.jar!/BOOT-INF/classes!/kr/co/kevit/localcsms/adminweb/resource/charger/ChargingStationInfoResource.class]
2026-03-27 16:10:17 [main] DEBUG o.s.c.a.ClassPathBeanDefinitionScanner scanCandidateComponents 435 
 - Identified candidate component class: URL [jar:file:/C:/Users/KEVIT/git/local-csms/localcsms/web/admin-web/target/evAdmin.jar!/BOOT-INF/classes!/kr/co/kevit/localcsms/adminweb/resource/charger/CsConfigurationResource.class]
2026-03-27 16:10:17 [main] DEBUG o.s.c.a.ClassPathBeanDefinitionScanner scanCandidateComponents 435 
 - Identified candidate component class: URL [jar:file:/C:/Users/KEVIT/git/local-csms/localcsms/web/admin-web/target/evAdmin.jar!/BOOT-INF/classes!/kr/co/kevit/localcsms/adminweb/resource/charger/CsVariableResource.class]
2026-03-27 16:10:17 [main] DEBUG o.s.c.a.ClassPathBeanDefinitionScanner scanCandidateComponents 435 
 - Identified candidate component class: URL [jar:file:/C:/Users/KEVIT/git/local-csms/localcsms/web/admin-web/target/evAdmin.jar!/BOOT-INF/classes!/kr/co/kevit/localcsms/adminweb/resource/charger/DisplayMessageResource.class]
2026-03-27 16:10:17 [main] DEBUG o.s.c.a.ClassPathBeanDefinitionScanner scanCandidateComponents 435 
 - Identified candidate component class: URL [jar:file:/C:/Users/KEVIT/git/local-csms/localcsms/web/admin-web/target/evAdmin.jar!/BOOT-INF/classes!/kr/co/kevit/localcsms/adminweb/resource/charger/LocalCustomerResource.class]
2026-03-27 16:10:17 [main] DEBUG o.s.c.a.ClassPathBeanDefinitionScanner scanCandidateComponents 435 
 - Identified candidate component class: URL [jar:file:/C:/Users/KEVIT/git/local-csms/localcsms/web/admin-web/target/evAdmin.jar!/BOOT-INF/classes!/kr/co/kevit/localcsms/adminweb/resource/cmd/Ocpp16CmdResource.class]
2026-03-27 16:10:17 [main] DEBUG o.s.c.a.ClassPathBeanDefinitionScanner scanCandidateComponents 435 
 - Identified candidate component class: URL [jar:file:/C:/Users/KEVIT/git/local-csms/localcsms/web/admin-web/target/evAdmin.jar!/BOOT-INF/classes!/kr/co/kevit/localcsms/adminweb/resource/cmd/Ocpp20CmdResource.class]
2026-03-27 16:10:17 [main] DEBUG o.s.c.a.ClassPathBeanDefinitionScanner scanCandidateComponents 435 
 - Identified candidate component class: URL [jar:file:/C:/Users/KEVIT/git/local-csms/localcsms/web/admin-web/target/evAdmin.jar!/BOOT-INF/classes!/kr/co/kevit/localcsms/adminweb/resource/common/CarModelResource.class]
2026-03-27 16:10:17 [main] DEBUG o.s.c.a.ClassPathBeanDefinitionScanner scanCandidateComponents 435 
 - Identified candidate component class: URL [jar:file:/C:/Users/KEVIT/git/local-csms/localcsms/web/admin-web/target/evAdmin.jar!/BOOT-INF/classes!/kr/co/kevit/localcsms/adminweb/resource/common/CommonCodeResource.class]
2026-03-27 16:10:17 [main] DEBUG o.s.c.a.ClassPathBeanDefinitionScanner scanCandidateComponents 435 
 - Identified candidate component class: URL [jar:file:/C:/Users/KEVIT/git/local-csms/localcsms/web/admin-web/target/evAdmin.jar!/BOOT-INF/classes!/kr/co/kevit/localcsms/adminweb/resource/common/CommonValResource.class]
2026-03-27 16:10:17 [main] DEBUG o.s.c.a.ClassPathBeanDefinitionScanner scanCandidateComponents 435 
 - Identified candidate component class: URL [jar:file:/C:/Users/KEVIT/git/local-csms/localcsms/web/admin-web/target/evAdmin.jar!/BOOT-INF/classes!/kr/co/kevit/localcsms/adminweb/resource/common/FileResource.class]
2026-03-27 16:10:17 [main] DEBUG o.s.c.a.ClassPathBeanDefinitionScanner scanCandidateComponents 435 
 - Identified candidate component class: URL [jar:file:/C:/Users/KEVIT/git/local-csms/localcsms/web/admin-web/target/evAdmin.jar!/BOOT-INF/classes!/kr/co/kevit/localcsms/adminweb/resource/customer/CustomerCardResource.class]
2026-03-27 16:10:17 [main] DEBUG o.s.c.a.ClassPathBeanDefinitionScanner scanCandidateComponents 435 
 - Identified candidate component class: URL [jar:file:/C:/Users/KEVIT/git/local-csms/localcsms/web/admin-web/target/evAdmin.jar!/BOOT-INF/classes!/kr/co/kevit/localcsms/adminweb/resource/customer/CustomerResource.class]
2026-03-27 16:10:17 [main] DEBUG o.s.c.a.ClassPathBeanDefinitionScanner scanCandidateComponents 435 
 - Identified candidate component class: URL [jar:file:/C:/Users/KEVIT/git/local-csms/localcsms/web/admin-web/target/evAdmin.jar!/BOOT-INF/classes!/kr/co/kevit/localcsms/adminweb/resource/organization/CompanyResource.class]
2026-03-27 16:10:17 [main] DEBUG o.s.c.a.ClassPathBeanDefinitionScanner scanCandidateComponents 435 
 - Identified candidate component class: URL [jar:file:/C:/Users/KEVIT/git/local-csms/localcsms/web/admin-web/target/evAdmin.jar!/BOOT-INF/classes!/kr/co/kevit/localcsms/adminweb/resource/organization/EmployeeResource.class]
2026-03-27 16:10:17 [main] DEBUG o.s.c.a.ClassPathBeanDefinitionScanner scanCandidateComponents 435 
 - Identified candidate component class: URL [jar:file:/C:/Users/KEVIT/git/local-csms/localcsms/web/admin-web/target/evAdmin.jar!/BOOT-INF/classes!/kr/co/kevit/localcsms/adminweb/resource/product/ProductResource.class]
2026-03-27 16:10:17 [main] DEBUG o.s.c.a.ClassPathBeanDefinitionScanner scanCandidateComponents 435 
 - Identified candidate component class: URL [jar:file:/C:/Users/KEVIT/git/local-csms/localcsms/web/admin-web/target/evAdmin.jar!/BOOT-INF/classes!/kr/co/kevit/localcsms/adminweb/resource/recharging/ChargingSchedueResource.class]
2026-03-27 16:10:17 [main] DEBUG o.s.c.a.ClassPathBeanDefinitionScanner scanCandidateComponents 435 
 - Identified candidate component class: URL [jar:file:/C:/Users/KEVIT/git/local-csms/localcsms/web/admin-web/target/evAdmin.jar!/BOOT-INF/classes!/kr/co/kevit/localcsms/adminweb/resource/recharging/RechargingResource.class]
2026-03-27 16:10:17 [main] DEBUG o.s.c.a.ClassPathBeanDefinitionScanner scanCandidateComponents 435 
 - Identified candidate component class: URL [jar:file:/C:/Users/KEVIT/git/local-csms/localcsms/web/admin-web/target/evAdmin.jar!/BOOT-INF/classes!/kr/co/kevit/localcsms/adminweb/resource/recharging/ReservationResource.class]
2026-03-27 16:10:17 [main] DEBUG o.s.c.a.ClassPathBeanDefinitionScanner scanCandidateComponents 435 
 - Identified candidate component class: URL [jar:file:/C:/Users/KEVIT/git/local-csms/localcsms/web/admin-web/target/evAdmin.jar!/BOOT-INF/classes!/kr/co/kevit/localcsms/adminweb/resource/system/AccessLogResource.class]
2026-03-27 16:10:17 [main] DEBUG o.s.c.a.ClassPathBeanDefinitionScanner scanCandidateComponents 435 
 - Identified candidate component class: URL [jar:file:/C:/Users/KEVIT/git/local-csms/localcsms/web/admin-web/target/evAdmin.jar!/BOOT-INF/classes!/kr/co/kevit/localcsms/adminweb/resource/system/AuthorityResource.class]
2026-03-27 16:10:17 [main] DEBUG o.s.c.a.ClassPathBeanDefinitionScanner scanCandidateComponents 435 
 - Identified candidate component class: URL [jar:file:/C:/Users/KEVIT/git/local-csms/localcsms/web/admin-web/target/evAdmin.jar!/BOOT-INF/classes!/kr/co/kevit/localcsms/adminweb/resource/system/CarModeResource.class]
2026-03-27 16:10:17 [main] DEBUG o.s.c.a.ClassPathBeanDefinitionScanner scanCandidateComponents 435 
 - Identified candidate component class: URL [jar:file:/C:/Users/KEVIT/git/local-csms/localcsms/web/admin-web/target/evAdmin.jar!/BOOT-INF/classes!/kr/co/kevit/localcsms/adminweb/resource/system/CommonCodeMgtResource.class]
2026-03-27 16:10:17 [main] DEBUG o.s.c.a.ClassPathBeanDefinitionScanner scanCandidateComponents 435 
 - Identified candidate component class: URL [jar:file:/C:/Users/KEVIT/git/local-csms/localcsms/web/admin-web/target/evAdmin.jar!/BOOT-INF/classes!/kr/co/kevit/localcsms/adminweb/resource/system/MenuResource.class]
2026-03-27 16:10:17 [main] DEBUG o.s.c.a.ClassPathBeanDefinitionScanner scanCandidateComponents 435 
 - Identified candidate component class: URL [jar:file:/C:/Users/KEVIT/git/local-csms/localcsms/web/admin-web/target/evAdmin.jar!/BOOT-INF/classes!/kr/co/kevit/localcsms/adminweb/resource/system/RemoteLogResource.class]
2026-03-27 16:10:17 [main] DEBUG o.s.c.a.ClassPathBeanDefinitionScanner scanCandidateComponents 435 
 - Identified candidate component class: URL [jar:file:/C:/Users/KEVIT/git/local-csms/localcsms/web/admin-web/target/evAdmin.jar!/BOOT-INF/classes!/kr/co/kevit/localcsms/adminweb/resource/system/UserResource.class]
2026-03-27 16:10:17 [main] DEBUG o.s.c.a.ClassPathBeanDefinitionScanner scanCandidateComponents 435 
 - Identified candidate component class: URL [jar:file:/C:/Users/KEVIT/git/local-csms/localcsms/web/admin-web/target/evAdmin.jar!/BOOT-INF/lib/authority-process-0.0.1.jar!/kr/co/kevit/localcsms/authority/process/logic/MenuServiceImpl.class]
2026-03-27 16:10:17 [main] DEBUG o.s.c.a.ClassPathBeanDefinitionScanner scanCandidateComponents 435 
 - Identified candidate component class: URL [jar:file:/C:/Users/KEVIT/git/local-csms/localcsms/web/admin-web/target/evAdmin.jar!/BOOT-INF/lib/authority-process-0.0.1.jar!/kr/co/kevit/localcsms/authority/process/logic/RoleAuthorityServiceImpl.class]
2026-03-27 16:10:17 [main] DEBUG o.s.c.a.ClassPathBeanDefinitionScanner scanCandidateComponents 435 
 - Identified candidate component class: URL [jar:file:/C:/Users/KEVIT/git/local-csms/localcsms/web/admin-web/target/evAdmin.jar!/BOOT-INF/lib/authority-process-0.0.1.jar!/kr/co/kevit/localcsms/authority/process/logic/UserServiceImpl.class]
2026-03-27 16:10:17 [main] DEBUG o.s.c.a.ClassPathBeanDefinitionScanner scanCandidateComponents 441 
 - Ignored because not a concrete top-level class: URL [jar:file:/C:/Users/KEVIT/git/local-csms/localcsms/web/admin-web/target/evAdmin.jar!/BOOT-INF/lib/authority-entity-0.0.1.jar!/kr/co/kevit/localcsms/authority/entity/dao/MenuMapper.class]
2026-03-27 16:10:17 [main] DEBUG o.s.c.a.ClassPathBeanDefinitionScanner scanCandidateComponents 441 
 - Ignored because not a concrete top-level class: URL [jar:file:/C:/Users/KEVIT/git/local-csms/localcsms/web/admin-web/target/evAdmin.jar!/BOOT-INF/lib/authority-entity-0.0.1.jar!/kr/co/kevit/localcsms/authority/entity/dao/RoleAuthorityMapper.class]
2026-03-27 16:10:17 [main] DEBUG o.s.c.a.ClassPathBeanDefinitionScanner scanCandidateComponents 441 
 - Ignored because not a concrete top-level class: URL [jar:file:/C:/Users/KEVIT/git/local-csms/localcsms/web/admin-web/target/evAdmin.jar!/BOOT-INF/lib/authority-entity-0.0.1.jar!/kr/co/kevit/localcsms/authority/entity/dao/UserMapper.class]
2026-03-27 16:10:17 [main] DEBUG o.s.c.a.ClassPathBeanDefinitionScanner scanCandidateComponents 435 
 - Identified candidate component class: URL [jar:file:/C:/Users/KEVIT/git/local-csms/localcsms/web/admin-web/target/evAdmin.jar!/BOOT-INF/lib/authority-entity-0.0.1.jar!/kr/co/kevit/localcsms/authority/entity/logic/MenuProviderImpl.class]
2026-03-27 16:10:17 [main] DEBUG o.s.c.a.ClassPathBeanDefinitionScanner scanCandidateComponents 435 
 - Identified candidate component class: URL [jar:file:/C:/Users/KEVIT/git/local-csms/localcsms/web/admin-web/target/evAdmin.jar!/BOOT-INF/lib/authority-entity-0.0.1.jar!/kr/co/kevit/localcsms/authority/entity/logic/RoleAuthorityProviderImpl.class]
2026-03-27 16:10:17 [main] DEBUG o.s.c.a.ClassPathBeanDefinitionScanner scanCandidateComponents 435 
 - Identified candidate component class: URL [jar:file:/C:/Users/KEVIT/git/local-csms/localcsms/web/admin-web/target/evAdmin.jar!/BOOT-INF/lib/authority-entity-0.0.1.jar!/kr/co/kevit/localcsms/authority/entity/logic/UserProviderImpl.class]
2026-03-27 16:10:17 [main] DEBUG o.s.c.a.ClassPathBeanDefinitionScanner scanCandidateComponents 441 
 - Ignored because not a concrete top-level class: URL [jar:file:/C:/Users/KEVIT/git/local-csms/localcsms/web/admin-web/target/evAdmin.jar!/BOOT-INF/lib/authority-entity-0.0.1.jar!/kr/co/kevit/localcsms/authority/entity/MenuProvider.class]
2026-03-27 16:10:17 [main] DEBUG o.s.c.a.ClassPathBeanDefinitionScanner scanCandidateComponents 441 
 - Ignored because not a concrete top-level class: URL [jar:file:/C:/Users/KEVIT/git/local-csms/localcsms/web/admin-web/target/evAdmin.jar!/BOOT-INF/lib/authority-entity-0.0.1.jar!/kr/co/kevit/localcsms/authority/entity/RoleAuthorityProvider.class]
2026-03-27 16:10:17 [main] DEBUG o.s.c.a.ClassPathBeanDefinitionScanner scanCandidateComponents 435 
 - Identified candidate component class: URL [jar:file:/C:/Users/KEVIT/git/local-csms/localcsms/web/admin-web/target/evAdmin.jar!/BOOT-INF/lib/authority-entity-0.0.1.jar!/kr/co/kevit/localcsms/authority/external/logic/UserExtProcessImpl.class]
2026-03-27 16:10:17 [main] DEBUG o.s.c.a.ClassPathBeanDefinitionScanner scanCandidateComponents 441 
 - Ignored because not a concrete top-level class: URL [jar:file:/C:/Users/KEVIT/git/local-csms/localcsms/web/admin-web/target/evAdmin.jar!/BOOT-INF/lib/organization-entity-0.0.1.jar!/kr/co/kevit/localcsms/organization/entity/CompanyProvider.class]
2026-03-27 16:10:17 [main] DEBUG o.s.c.a.ClassPathBeanDefinitionScanner scanCandidateComponents 441 
 - Ignored because not a concrete top-level class: URL [jar:file:/C:/Users/KEVIT/git/local-csms/localcsms/web/admin-web/target/evAdmin.jar!/BOOT-INF/lib/organization-entity-0.0.1.jar!/kr/co/kevit/localcsms/organization/entity/dao/CompanyMapper.class]
2026-03-27 16:10:17 [main] DEBUG o.s.c.a.ClassPathBeanDefinitionScanner scanCandidateComponents 441 
 - Ignored because not a concrete top-level class: URL [jar:file:/C:/Users/KEVIT/git/local-csms/localcsms/web/admin-web/target/evAdmin.jar!/BOOT-INF/lib/organization-entity-0.0.1.jar!/kr/co/kevit/localcsms/organization/entity/dao/EmployeeMapper.class]
2026-03-27 16:10:17 [main] DEBUG o.s.c.a.ClassPathBeanDefinitionScanner scanCandidateComponents 441 
 - Ignored because not a concrete top-level class: URL [jar:file:/C:/Users/KEVIT/git/local-csms/localcsms/web/admin-web/target/evAdmin.jar!/BOOT-INF/lib/organization-entity-0.0.1.jar!/kr/co/kevit/localcsms/organization/entity/EmployeeProvider.class]
2026-03-27 16:10:17 [main] DEBUG o.s.c.a.ClassPathBeanDefinitionScanner scanCandidateComponents 435 
 - Identified candidate component class: URL [jar:file:/C:/Users/KEVIT/git/local-csms/localcsms/web/admin-web/target/evAdmin.jar!/BOOT-INF/lib/organization-entity-0.0.1.jar!/kr/co/kevit/localcsms/organization/entity/logic/CompanyProviderImpl.class]
2026-03-27 16:10:17 [main] DEBUG o.s.c.a.ClassPathBeanDefinitionScanner scanCandidateComponents 435 
 - Identified candidate component class: URL [jar:file:/C:/Users/KEVIT/git/local-csms/localcsms/web/admin-web/target/evAdmin.jar!/BOOT-INF/lib/organization-entity-0.0.1.jar!/kr/co/kevit/localcsms/organization/entity/logic/EmployeeProviderImpl.class]
2026-03-27 16:10:17 [main] DEBUG o.s.c.a.ClassPathBeanDefinitionScanner scanCandidateComponents 441 
 - Ignored because not a concrete top-level class: URL [jar:file:/C:/Users/KEVIT/git/local-csms/localcsms/web/admin-web/target/evAdmin.jar!/BOOT-INF/lib/organization-entity-0.0.1.jar!/kr/co/kevit/localcsms/organization/external/CompanyExtProcess.class]
2026-03-27 16:10:17 [main] DEBUG o.s.c.a.ClassPathBeanDefinitionScanner scanCandidateComponents 441 
 - Ignored because not a concrete top-level class: URL [jar:file:/C:/Users/KEVIT/git/local-csms/localcsms/web/admin-web/target/evAdmin.jar!/BOOT-INF/lib/organization-entity-0.0.1.jar!/kr/co/kevit/localcsms/organization/external/EmployeeExtProcess.class]
2026-03-27 16:10:17 [main] DEBUG o.s.c.a.ClassPathBeanDefinitionScanner scanCandidateComponents 435 
 - Identified candidate component class: URL [jar:file:/C:/Users/KEVIT/git/local-csms/localcsms/web/admin-web/target/evAdmin.jar!/BOOT-INF/lib/organization-entity-0.0.1.jar!/kr/co/kevit/localcsms/organization/external/logic/CompanyExtProcessImpl.class]
2026-03-27 16:10:17 [main] DEBUG o.s.c.a.ClassPathBeanDefinitionScanner scanCandidateComponents 435 
 - Identified candidate component class: URL [jar:file:/C:/Users/KEVIT/git/local-csms/localcsms/web/admin-web/target/evAdmin.jar!/BOOT-INF/lib/organization-entity-0.0.1.jar!/kr/co/kevit/localcsms/organization/external/logic/EmployeeExtProcessImpl.class]
2026-03-27 16:10:17 [main] DEBUG o.s.c.a.ClassPathBeanDefinitionScanner scanCandidateComponents 435 
 - Identified candidate component class: URL [jar:file:/C:/Users/KEVIT/git/local-csms/localcsms/web/admin-web/target/evAdmin.jar!/BOOT-INF/lib/customer-process-0.0.1.jar!/kr/co/kevit/localcsms/customer/process/logic/CustomerCardServiceImpl.class]
2026-03-27 16:10:17 [main] DEBUG o.s.c.a.ClassPathBeanDefinitionScanner scanCandidateComponents 435 
 - Identified candidate component class: URL [jar:file:/C:/Users/KEVIT/git/local-csms/localcsms/web/admin-web/target/evAdmin.jar!/BOOT-INF/lib/customer-process-0.0.1.jar!/kr/co/kevit/localcsms/customer/process/logic/CustomerMgtServiceImpl.class]
2026-03-27 16:10:17 [main] DEBUG o.s.c.a.ClassPathBeanDefinitionScanner scanCandidateComponents 435 
 - Identified candidate component class: URL [jar:file:/C:/Users/KEVIT/git/local-csms/localcsms/web/admin-web/target/evAdmin.jar!/BOOT-INF/lib/customer-process-0.0.1.jar!/kr/co/kevit/localcsms/customer/process/logic/CustomerServiceImpl.class]
2026-03-27 16:10:17 [main] DEBUG o.s.c.a.ClassPathBeanDefinitionScanner scanCandidateComponents 441 
 - Ignored because not a concrete top-level class: URL [jar:file:/C:/Users/KEVIT/git/local-csms/localcsms/web/admin-web/target/evAdmin.jar!/BOOT-INF/lib/customer-entity-0.0.1.jar!/kr/co/kevit/localcsms/customer/entity/dao/CustomerCardMapper.class]
2026-03-27 16:10:17 [main] DEBUG o.s.c.a.ClassPathBeanDefinitionScanner scanCandidateComponents 441 
 - Ignored because not a concrete top-level class: URL [jar:file:/C:/Users/KEVIT/git/local-csms/localcsms/web/admin-web/target/evAdmin.jar!/BOOT-INF/lib/customer-entity-0.0.1.jar!/kr/co/kevit/localcsms/customer/entity/dao/CustomerMapper.class]
2026-03-27 16:10:17 [main] DEBUG o.s.c.a.ClassPathBeanDefinitionScanner scanCandidateComponents 441 
 - Ignored because not a concrete top-level class: URL [jar:file:/C:/Users/KEVIT/git/local-csms/localcsms/web/admin-web/target/evAdmin.jar!/BOOT-INF/lib/customer-entity-0.0.1.jar!/kr/co/kevit/localcsms/customer/entity/dao/CustomerMgtMapper.class]
2026-03-27 16:10:17 [main] DEBUG o.s.c.a.ClassPathBeanDefinitionScanner scanCandidateComponents 435 
 - Identified candidate component class: URL [jar:file:/C:/Users/KEVIT/git/local-csms/localcsms/web/admin-web/target/evAdmin.jar!/BOOT-INF/lib/customer-entity-0.0.1.jar!/kr/co/kevit/localcsms/customer/entity/logic/CustomerCardProviderImpl.class]
2026-03-27 16:10:17 [main] DEBUG o.s.c.a.ClassPathBeanDefinitionScanner scanCandidateComponents 435 
 - Identified candidate component class: URL [jar:file:/C:/Users/KEVIT/git/local-csms/localcsms/web/admin-web/target/evAdmin.jar!/BOOT-INF/lib/customer-entity-0.0.1.jar!/kr/co/kevit/localcsms/customer/entity/logic/CustomerMgtProviderImpl.class]
2026-03-27 16:10:17 [main] DEBUG o.s.c.a.ClassPathBeanDefinitionScanner scanCandidateComponents 435 
 - Identified candidate component class: URL [jar:file:/C:/Users/KEVIT/git/local-csms/localcsms/web/admin-web/target/evAdmin.jar!/BOOT-INF/lib/customer-entity-0.0.1.jar!/kr/co/kevit/localcsms/customer/entity/logic/CustomerProviderImpl.class]
2026-03-27 16:10:17 [main] DEBUG o.s.c.a.ClassPathBeanDefinitionScanner scanCandidateComponents 435 
 - Identified candidate component class: URL [jar:file:/C:/Users/KEVIT/git/local-csms/localcsms/web/admin-web/target/evAdmin.jar!/BOOT-INF/lib/customer-entity-0.0.1.jar!/kr/co/kevit/localcsms/customer/external/logic/CustomerExtProcessImpl.class]
2026-03-27 16:10:17 [main] DEBUG o.s.c.a.ClassPathBeanDefinitionScanner scanCandidateComponents 435 
 - Identified candidate component class: URL [jar:file:/C:/Users/KEVIT/git/local-csms/localcsms/web/admin-web/target/evAdmin.jar!/BOOT-INF/lib/organization-process-0.0.1.jar!/kr/co/kevit/localcsms/organization/process/logic/CompanyServiceImpl.class]
2026-03-27 16:10:17 [main] DEBUG o.s.c.a.ClassPathBeanDefinitionScanner scanCandidateComponents 435 
 - Identified candidate component class: URL [jar:file:/C:/Users/KEVIT/git/local-csms/localcsms/web/admin-web/target/evAdmin.jar!/BOOT-INF/lib/organization-process-0.0.1.jar!/kr/co/kevit/localcsms/organization/process/logic/EmployeeServiceImpl.class]
2026-03-27 16:10:17 [main] DEBUG o.s.c.a.ClassPathBeanDefinitionScanner scanCandidateComponents 435 
 - Identified candidate component class: URL [jar:file:/C:/Users/KEVIT/git/local-csms/localcsms/web/admin-web/target/evAdmin.jar!/BOOT-INF/lib/common-process-0.0.1.jar!/kr/co/kevit/localcsms/common/process/logic/AccessLogServiceImpl.class]
2026-03-27 16:10:17 [main] DEBUG o.s.c.a.ClassPathBeanDefinitionScanner scanCandidateComponents 435 
 - Identified candidate component class: URL [jar:file:/C:/Users/KEVIT/git/local-csms/localcsms/web/admin-web/target/evAdmin.jar!/BOOT-INF/lib/common-process-0.0.1.jar!/kr/co/kevit/localcsms/common/process/logic/CarModelServiceImpl.class]
2026-03-27 16:10:17 [main] DEBUG o.s.c.a.ClassPathBeanDefinitionScanner scanCandidateComponents 435 
 - Identified candidate component class: URL [jar:file:/C:/Users/KEVIT/git/local-csms/localcsms/web/admin-web/target/evAdmin.jar!/BOOT-INF/lib/common-process-0.0.1.jar!/kr/co/kevit/localcsms/common/process/logic/CodeServiceImpl.class]
2026-03-27 16:10:17 [main] DEBUG o.s.c.a.ClassPathBeanDefinitionScanner scanCandidateComponents 435 
 - Identified candidate component class: URL [jar:file:/C:/Users/KEVIT/git/local-csms/localcsms/web/admin-web/target/evAdmin.jar!/BOOT-INF/lib/common-process-0.0.1.jar!/kr/co/kevit/localcsms/common/process/logic/CodeValServiceImpl.class]
2026-03-27 16:10:17 [main] DEBUG o.s.c.a.ClassPathBeanDefinitionScanner scanCandidateComponents 435 
 - Identified candidate component class: URL [jar:file:/C:/Users/KEVIT/git/local-csms/localcsms/web/admin-web/target/evAdmin.jar!/BOOT-INF/lib/common-process-0.0.1.jar!/kr/co/kevit/localcsms/common/process/logic/FileManagementServiceImpl.class]
2026-03-27 16:10:17 [main] DEBUG o.s.c.a.ClassPathBeanDefinitionScanner scanCandidateComponents 435 
 - Identified candidate component class: URL [jar:file:/C:/Users/KEVIT/git/local-csms/localcsms/web/admin-web/target/evAdmin.jar!/BOOT-INF/lib/common-process-0.0.1.jar!/kr/co/kevit/localcsms/common/process/logic/SequenceServiceImpl.class]
2026-03-27 16:10:17 [main] DEBUG o.s.c.a.ClassPathBeanDefinitionScanner scanCandidateComponents 441 
 - Ignored because not a concrete top-level class: URL [jar:file:/C:/Users/KEVIT/git/local-csms/localcsms/web/admin-web/target/evAdmin.jar!/BOOT-INF/lib/common-entity-0.0.1.jar!/kr/co/kevit/localcsms/common/entity/dao/AccessLogMapper.class]
2026-03-27 16:10:17 [main] DEBUG o.s.c.a.ClassPathBeanDefinitionScanner scanCandidateComponents 441 
 - Ignored because not a concrete top-level class: URL [jar:file:/C:/Users/KEVIT/git/local-csms/localcsms/web/admin-web/target/evAdmin.jar!/BOOT-INF/lib/common-entity-0.0.1.jar!/kr/co/kevit/localcsms/common/entity/dao/CarModelMapper.class]
2026-03-27 16:10:17 [main] DEBUG o.s.c.a.ClassPathBeanDefinitionScanner scanCandidateComponents 441 
 - Ignored because not a concrete top-level class: URL [jar:file:/C:/Users/KEVIT/git/local-csms/localcsms/web/admin-web/target/evAdmin.jar!/BOOT-INF/lib/common-entity-0.0.1.jar!/kr/co/kevit/localcsms/common/entity/dao/CodeMapper.class]
2026-03-27 16:10:17 [main] DEBUG o.s.c.a.ClassPathBeanDefinitionScanner scanCandidateComponents 441 
 - Ignored because not a concrete top-level class: URL [jar:file:/C:/Users/KEVIT/git/local-csms/localcsms/web/admin-web/target/evAdmin.jar!/BOOT-INF/lib/common-entity-0.0.1.jar!/kr/co/kevit/localcsms/common/entity/dao/CodeValMapper.class]
2026-03-27 16:10:17 [main] DEBUG o.s.c.a.ClassPathBeanDefinitionScanner scanCandidateComponents 441 
 - Ignored because not a concrete top-level class: URL [jar:file:/C:/Users/KEVIT/git/local-csms/localcsms/web/admin-web/target/evAdmin.jar!/BOOT-INF/lib/common-entity-0.0.1.jar!/kr/co/kevit/localcsms/common/entity/dao/CryptoKeyMapper.class]
2026-03-27 16:10:17 [main] DEBUG o.s.c.a.ClassPathBeanDefinitionScanner scanCandidateComponents 441 
 - Ignored because not a concrete top-level class: URL [jar:file:/C:/Users/KEVIT/git/local-csms/localcsms/web/admin-web/target/evAdmin.jar!/BOOT-INF/lib/common-entity-0.0.1.jar!/kr/co/kevit/localcsms/common/entity/dao/FileManagementMapper.class]
2026-03-27 16:10:17 [main] DEBUG o.s.c.a.ClassPathBeanDefinitionScanner scanCandidateComponents 441 
 - Ignored because not a concrete top-level class: URL [jar:file:/C:/Users/KEVIT/git/local-csms/localcsms/web/admin-web/target/evAdmin.jar!/BOOT-INF/lib/common-entity-0.0.1.jar!/kr/co/kevit/localcsms/common/entity/dao/FileStorageMapper.class]
2026-03-27 16:10:17 [main] DEBUG o.s.c.a.ClassPathBeanDefinitionScanner scanCandidateComponents 441 
 - Ignored because not a concrete top-level class: URL [jar:file:/C:/Users/KEVIT/git/local-csms/localcsms/web/admin-web/target/evAdmin.jar!/BOOT-INF/lib/common-entity-0.0.1.jar!/kr/co/kevit/localcsms/common/entity/dao/SequenceMapper.class]
2026-03-27 16:10:17 [main] DEBUG o.s.c.a.ClassPathBeanDefinitionScanner scanCandidateComponents 435 
 - Identified candidate component class: URL [jar:file:/C:/Users/KEVIT/git/local-csms/localcsms/web/admin-web/target/evAdmin.jar!/BOOT-INF/lib/common-entity-0.0.1.jar!/kr/co/kevit/localcsms/common/entity/logic/AccessLogProviderImpl.class]
2026-03-27 16:10:17 [main] DEBUG o.s.c.a.ClassPathBeanDefinitionScanner scanCandidateComponents 435 
 - Identified candidate component class: URL [jar:file:/C:/Users/KEVIT/git/local-csms/localcsms/web/admin-web/target/evAdmin.jar!/BOOT-INF/lib/common-entity-0.0.1.jar!/kr/co/kevit/localcsms/common/entity/logic/CarModelProviderImpl.class]
2026-03-27 16:10:17 [main] DEBUG o.s.c.a.ClassPathBeanDefinitionScanner scanCandidateComponents 435 
 - Identified candidate component class: URL [jar:file:/C:/Users/KEVIT/git/local-csms/localcsms/web/admin-web/target/evAdmin.jar!/BOOT-INF/lib/common-entity-0.0.1.jar!/kr/co/kevit/localcsms/common/entity/logic/CodeProviderImpl.class]
2026-03-27 16:10:17 [main] DEBUG o.s.c.a.ClassPathBeanDefinitionScanner scanCandidateComponents 435 
 - Identified candidate component class: URL [jar:file:/C:/Users/KEVIT/git/local-csms/localcsms/web/admin-web/target/evAdmin.jar!/BOOT-INF/lib/common-entity-0.0.1.jar!/kr/co/kevit/localcsms/common/entity/logic/CodeValProviderImpl.class]
2026-03-27 16:10:17 [main] DEBUG o.s.c.a.ClassPathBeanDefinitionScanner scanCandidateComponents 435 
 - Identified candidate component class: URL [jar:file:/C:/Users/KEVIT/git/local-csms/localcsms/web/admin-web/target/evAdmin.jar!/BOOT-INF/lib/common-entity-0.0.1.jar!/kr/co/kevit/localcsms/common/entity/logic/CryptoKeyProviderImpl.class]
2026-03-27 16:10:17 [main] DEBUG o.s.c.a.ClassPathBeanDefinitionScanner scanCandidateComponents 435 
 - Identified candidate component class: URL [jar:file:/C:/Users/KEVIT/git/local-csms/localcsms/web/admin-web/target/evAdmin.jar!/BOOT-INF/lib/common-entity-0.0.1.jar!/kr/co/kevit/localcsms/common/entity/logic/FileManagementProviderImpl.class]
2026-03-27 16:10:17 [main] DEBUG o.s.c.a.ClassPathBeanDefinitionScanner scanCandidateComponents 435 
 - Identified candidate component class: URL [jar:file:/C:/Users/KEVIT/git/local-csms/localcsms/web/admin-web/target/evAdmin.jar!/BOOT-INF/lib/common-entity-0.0.1.jar!/kr/co/kevit/localcsms/common/entity/logic/SequenceProviderImpl.class]
2026-03-27 16:10:17 [main] DEBUG o.s.c.a.ClassPathBeanDefinitionScanner scanCandidateComponents 435 
 - Identified candidate component class: URL [jar:file:/C:/Users/KEVIT/git/local-csms/localcsms/web/admin-web/target/evAdmin.jar!/BOOT-INF/lib/charger-process-0.0.1.jar!/kr/co/kevit/localcsms/charger/process/logic/BreakdownInfoServiceImpl.class]
2026-03-27 16:10:17 [main] DEBUG o.s.c.a.ClassPathBeanDefinitionScanner scanCandidateComponents 435 
 - Identified candidate component class: URL [jar:file:/C:/Users/KEVIT/git/local-csms/localcsms/web/admin-web/target/evAdmin.jar!/BOOT-INF/lib/charger-process-0.0.1.jar!/kr/co/kevit/localcsms/charger/process/logic/BreakdownMgtInfoServiceImpl.class]
2026-03-27 16:10:17 [main] DEBUG o.s.c.a.ClassPathBeanDefinitionScanner scanCandidateComponents 435 
 - Identified candidate component class: URL [jar:file:/C:/Users/KEVIT/git/local-csms/localcsms/web/admin-web/target/evAdmin.jar!/BOOT-INF/lib/charger-process-0.0.1.jar!/kr/co/kevit/localcsms/charger/process/logic/BreakdownRepairInfoServiceImpl.class]
2026-03-27 16:10:17 [main] DEBUG o.s.c.a.ClassPathBeanDefinitionScanner scanCandidateComponents 435 
 - Identified candidate component class: URL [jar:file:/C:/Users/KEVIT/git/local-csms/localcsms/web/admin-web/target/evAdmin.jar!/BOOT-INF/lib/charger-process-0.0.1.jar!/kr/co/kevit/localcsms/charger/process/logic/ChargePointServiceImpl.class]
2026-03-27 16:10:17 [main] DEBUG o.s.c.a.ClassPathBeanDefinitionScanner scanCandidateComponents 435 
 - Identified candidate component class: URL [jar:file:/C:/Users/KEVIT/git/local-csms/localcsms/web/admin-web/target/evAdmin.jar!/BOOT-INF/lib/charger-process-0.0.1.jar!/kr/co/kevit/localcsms/charger/process/logic/ChargerStatusInfoHisServiceImpl.class]
2026-03-27 16:10:17 [main] DEBUG o.s.c.a.ClassPathBeanDefinitionScanner scanCandidateComponents 435 
 - Identified candidate component class: URL [jar:file:/C:/Users/KEVIT/git/local-csms/localcsms/web/admin-web/target/evAdmin.jar!/BOOT-INF/lib/charger-process-0.0.1.jar!/kr/co/kevit/localcsms/charger/process/logic/ChargerStatusServiceImpl.class]
2026-03-27 16:10:17 [main] DEBUG o.s.c.a.ClassPathBeanDefinitionScanner scanCandidateComponents 435 
 - Identified candidate component class: URL [jar:file:/C:/Users/KEVIT/git/local-csms/localcsms/web/admin-web/target/evAdmin.jar!/BOOT-INF/lib/charger-process-0.0.1.jar!/kr/co/kevit/localcsms/charger/process/logic/ChargingProfileServiceImpl.class]
2026-03-27 16:10:17 [main] DEBUG o.s.c.a.ClassPathBeanDefinitionScanner scanCandidateComponents 435 
 - Identified candidate component class: URL [jar:file:/C:/Users/KEVIT/git/local-csms/localcsms/web/admin-web/target/evAdmin.jar!/BOOT-INF/lib/charger-process-0.0.1.jar!/kr/co/kevit/localcsms/charger/process/logic/ChargingStationServiceImpl.class]
2026-03-27 16:10:17 [main] DEBUG o.s.c.a.ClassPathBeanDefinitionScanner scanCandidateComponents 435 
 - Identified candidate component class: URL [jar:file:/C:/Users/KEVIT/git/local-csms/localcsms/web/admin-web/target/evAdmin.jar!/BOOT-INF/lib/charger-process-0.0.1.jar!/kr/co/kevit/localcsms/charger/process/logic/CsConfigurationServiceImpl.class]
2026-03-27 16:10:17 [main] DEBUG o.s.c.a.ClassPathBeanDefinitionScanner scanCandidateComponents 435 
 - Identified candidate component class: URL [jar:file:/C:/Users/KEVIT/git/local-csms/localcsms/web/admin-web/target/evAdmin.jar!/BOOT-INF/lib/charger-process-0.0.1.jar!/kr/co/kevit/localcsms/charger/process/logic/CsLocalCustomerServiceImpl.class]
2026-03-27 16:10:17 [main] DEBUG o.s.c.a.ClassPathBeanDefinitionScanner scanCandidateComponents 435 
 - Identified candidate component class: URL [jar:file:/C:/Users/KEVIT/git/local-csms/localcsms/web/admin-web/target/evAdmin.jar!/BOOT-INF/lib/charger-process-0.0.1.jar!/kr/co/kevit/localcsms/charger/process/logic/CsVariableServiceImpl.class]
2026-03-27 16:10:17 [main] DEBUG o.s.c.a.ClassPathBeanDefinitionScanner scanCandidateComponents 435 
 - Identified candidate component class: URL [jar:file:/C:/Users/KEVIT/git/local-csms/localcsms/web/admin-web/target/evAdmin.jar!/BOOT-INF/lib/charger-process-0.0.1.jar!/kr/co/kevit/localcsms/charger/process/logic/DisplayMessageServiceImpl.class]
2026-03-27 16:10:17 [main] DEBUG o.s.c.a.ClassPathBeanDefinitionScanner scanCandidateComponents 441 
 - Ignored because not a concrete top-level class: URL [jar:file:/C:/Users/KEVIT/git/local-csms/localcsms/web/admin-web/target/evAdmin.jar!/BOOT-INF/lib/charger-entity-0.0.1.jar!/kr/co/kevit/localcsms/charger/entity/dao/BreakdownInfoMapper.class]
2026-03-27 16:10:17 [main] DEBUG o.s.c.a.ClassPathBeanDefinitionScanner scanCandidateComponents 441 
 - Ignored because not a concrete top-level class: URL [jar:file:/C:/Users/KEVIT/git/local-csms/localcsms/web/admin-web/target/evAdmin.jar!/BOOT-INF/lib/charger-entity-0.0.1.jar!/kr/co/kevit/localcsms/charger/entity/dao/BreakdownMgtInfoMapper.class]
2026-03-27 16:10:17 [main] DEBUG o.s.c.a.ClassPathBeanDefinitionScanner scanCandidateComponents 441 
 - Ignored because not a concrete top-level class: URL [jar:file:/C:/Users/KEVIT/git/local-csms/localcsms/web/admin-web/target/evAdmin.jar!/BOOT-INF/lib/charger-entity-0.0.1.jar!/kr/co/kevit/localcsms/charger/entity/dao/BreakdownRepairInfoMapper.class]
2026-03-27 16:10:17 [main] DEBUG o.s.c.a.ClassPathBeanDefinitionScanner scanCandidateComponents 441 
 - Ignored because not a concrete top-level class: URL [jar:file:/C:/Users/KEVIT/git/local-csms/localcsms/web/admin-web/target/evAdmin.jar!/BOOT-INF/lib/charger-entity-0.0.1.jar!/kr/co/kevit/localcsms/charger/entity/dao/ChargePointMapper.class]
2026-03-27 16:10:17 [main] DEBUG o.s.c.a.ClassPathBeanDefinitionScanner scanCandidateComponents 441 
 - Ignored because not a concrete top-level class: URL [jar:file:/C:/Users/KEVIT/git/local-csms/localcsms/web/admin-web/target/evAdmin.jar!/BOOT-INF/lib/charger-entity-0.0.1.jar!/kr/co/kevit/localcsms/charger/entity/dao/ChargerStatusHisMapper.class]
2026-03-27 16:10:17 [main] DEBUG o.s.c.a.ClassPathBeanDefinitionScanner scanCandidateComponents 441 
 - Ignored because not a concrete top-level class: URL [jar:file:/C:/Users/KEVIT/git/local-csms/localcsms/web/admin-web/target/evAdmin.jar!/BOOT-INF/lib/charger-entity-0.0.1.jar!/kr/co/kevit/localcsms/charger/entity/dao/ChargerStatusMapper.class]
2026-03-27 16:10:17 [main] DEBUG o.s.c.a.ClassPathBeanDefinitionScanner scanCandidateComponents 441 
 - Ignored because not a concrete top-level class: URL [jar:file:/C:/Users/KEVIT/git/local-csms/localcsms/web/admin-web/target/evAdmin.jar!/BOOT-INF/lib/charger-entity-0.0.1.jar!/kr/co/kevit/localcsms/charger/entity/dao/ChargingProfileMapper.class]
2026-03-27 16:10:17 [main] DEBUG o.s.c.a.ClassPathBeanDefinitionScanner scanCandidateComponents 441 
 - Ignored because not a concrete top-level class: URL [jar:file:/C:/Users/KEVIT/git/local-csms/localcsms/web/admin-web/target/evAdmin.jar!/BOOT-INF/lib/charger-entity-0.0.1.jar!/kr/co/kevit/localcsms/charger/entity/dao/ChargingStationMapper.class]
2026-03-27 16:10:17 [main] DEBUG o.s.c.a.ClassPathBeanDefinitionScanner scanCandidateComponents 441 
 - Ignored because not a concrete top-level class: URL [jar:file:/C:/Users/KEVIT/git/local-csms/localcsms/web/admin-web/target/evAdmin.jar!/BOOT-INF/lib/charger-entity-0.0.1.jar!/kr/co/kevit/localcsms/charger/entity/dao/CsConfigurationMapper.class]
2026-03-27 16:10:17 [main] DEBUG o.s.c.a.ClassPathBeanDefinitionScanner scanCandidateComponents 441 
 - Ignored because not a concrete top-level class: URL [jar:file:/C:/Users/KEVIT/git/local-csms/localcsms/web/admin-web/target/evAdmin.jar!/BOOT-INF/lib/charger-entity-0.0.1.jar!/kr/co/kevit/localcsms/charger/entity/dao/CsLocalCustomerMapper.class]
2026-03-27 16:10:17 [main] DEBUG o.s.c.a.ClassPathBeanDefinitionScanner scanCandidateComponents 441 
 - Ignored because not a concrete top-level class: URL [jar:file:/C:/Users/KEVIT/git/local-csms/localcsms/web/admin-web/target/evAdmin.jar!/BOOT-INF/lib/charger-entity-0.0.1.jar!/kr/co/kevit/localcsms/charger/entity/dao/CsVariableMapper.class]
2026-03-27 16:10:17 [main] DEBUG o.s.c.a.ClassPathBeanDefinitionScanner scanCandidateComponents 441 
 - Ignored because not a concrete top-level class: URL [jar:file:/C:/Users/KEVIT/git/local-csms/localcsms/web/admin-web/target/evAdmin.jar!/BOOT-INF/lib/charger-entity-0.0.1.jar!/kr/co/kevit/localcsms/charger/entity/dao/DisplayMessageMapper.class]
2026-03-27 16:10:17 [main] DEBUG o.s.c.a.ClassPathBeanDefinitionScanner scanCandidateComponents 435 
 - Identified candidate component class: URL [jar:file:/C:/Users/KEVIT/git/local-csms/localcsms/web/admin-web/target/evAdmin.jar!/BOOT-INF/lib/charger-entity-0.0.1.jar!/kr/co/kevit/localcsms/charger/entity/logic/BreakdownInfoProviderImpl.class]
2026-03-27 16:10:17 [main] DEBUG o.s.c.a.ClassPathBeanDefinitionScanner scanCandidateComponents 435 
 - Identified candidate component class: URL [jar:file:/C:/Users/KEVIT/git/local-csms/localcsms/web/admin-web/target/evAdmin.jar!/BOOT-INF/lib/charger-entity-0.0.1.jar!/kr/co/kevit/localcsms/charger/entity/logic/BreakdownMgtInfoProviderImpl.class]
2026-03-27 16:10:17 [main] DEBUG o.s.c.a.ClassPathBeanDefinitionScanner scanCandidateComponents 435 
 - Identified candidate component class: URL [jar:file:/C:/Users/KEVIT/git/local-csms/localcsms/web/admin-web/target/evAdmin.jar!/BOOT-INF/lib/charger-entity-0.0.1.jar!/kr/co/kevit/localcsms/charger/entity/logic/BreakdownRepairInfoProviderImpl.class]
2026-03-27 16:10:17 [main] DEBUG o.s.c.a.ClassPathBeanDefinitionScanner scanCandidateComponents 435 
 - Identified candidate component class: URL [jar:file:/C:/Users/KEVIT/git/local-csms/localcsms/web/admin-web/target/evAdmin.jar!/BOOT-INF/lib/charger-entity-0.0.1.jar!/kr/co/kevit/localcsms/charger/entity/logic/ChargePointProviderImpl.class]
2026-03-27 16:10:17 [main] DEBUG o.s.c.a.ClassPathBeanDefinitionScanner scanCandidateComponents 435 
 - Identified candidate component class: URL [jar:file:/C:/Users/KEVIT/git/local-csms/localcsms/web/admin-web/target/evAdmin.jar!/BOOT-INF/lib/charger-entity-0.0.1.jar!/kr/co/kevit/localcsms/charger/entity/logic/ChargerStatusInfoHisProviderImpl.class]
2026-03-27 16:10:17 [main] DEBUG o.s.c.a.ClassPathBeanDefinitionScanner scanCandidateComponents 435 
 - Identified candidate component class: URL [jar:file:/C:/Users/KEVIT/git/local-csms/localcsms/web/admin-web/target/evAdmin.jar!/BOOT-INF/lib/charger-entity-0.0.1.jar!/kr/co/kevit/localcsms/charger/entity/logic/ChargerStatusProviderImpl.class]
2026-03-27 16:10:17 [main] DEBUG o.s.c.a.ClassPathBeanDefinitionScanner scanCandidateComponents 435 
 - Identified candidate component class: URL [jar:file:/C:/Users/KEVIT/git/local-csms/localcsms/web/admin-web/target/evAdmin.jar!/BOOT-INF/lib/charger-entity-0.0.1.jar!/kr/co/kevit/localcsms/charger/entity/logic/ChargingProfileProviderImpl.class]
2026-03-27 16:10:17 [main] DEBUG o.s.c.a.ClassPathBeanDefinitionScanner scanCandidateComponents 435 
 - Identified candidate component class: URL [jar:file:/C:/Users/KEVIT/git/local-csms/localcsms/web/admin-web/target/evAdmin.jar!/BOOT-INF/lib/charger-entity-0.0.1.jar!/kr/co/kevit/localcsms/charger/entity/logic/ChargingStationProviderImpl.class]
2026-03-27 16:10:17 [main] DEBUG o.s.c.a.ClassPathBeanDefinitionScanner scanCandidateComponents 435 
 - Identified candidate component class: URL [jar:file:/C:/Users/KEVIT/git/local-csms/localcsms/web/admin-web/target/evAdmin.jar!/BOOT-INF/lib/charger-entity-0.0.1.jar!/kr/co/kevit/localcsms/charger/entity/logic/CsConfigurationProviderImpl.class]
2026-03-27 16:10:17 [main] DEBUG o.s.c.a.ClassPathBeanDefinitionScanner scanCandidateComponents 435 
 - Identified candidate component class: URL [jar:file:/C:/Users/KEVIT/git/local-csms/localcsms/web/admin-web/target/evAdmin.jar!/BOOT-INF/lib/charger-entity-0.0.1.jar!/kr/co/kevit/localcsms/charger/entity/logic/CsLocalCustomerProviderImpl.class]
2026-03-27 16:10:17 [main] DEBUG o.s.c.a.ClassPathBeanDefinitionScanner scanCandidateComponents 435 
 - Identified candidate component class: URL [jar:file:/C:/Users/KEVIT/git/local-csms/localcsms/web/admin-web/target/evAdmin.jar!/BOOT-INF/lib/charger-entity-0.0.1.jar!/kr/co/kevit/localcsms/charger/entity/logic/CsVariableProviderImpl.class]
2026-03-27 16:10:17 [main] DEBUG o.s.c.a.ClassPathBeanDefinitionScanner scanCandidateComponents 435 
 - Identified candidate component class: URL [jar:file:/C:/Users/KEVIT/git/local-csms/localcsms/web/admin-web/target/evAdmin.jar!/BOOT-INF/lib/charger-entity-0.0.1.jar!/kr/co/kevit/localcsms/charger/entity/logic/DisplayMessageProviderImpl.class]
2026-03-27 16:10:17 [main] DEBUG o.s.c.a.ClassPathBeanDefinitionScanner scanCandidateComponents 435 
 - Identified candidate component class: URL [jar:file:/C:/Users/KEVIT/git/local-csms/localcsms/web/admin-web/target/evAdmin.jar!/BOOT-INF/lib/product-process-0.0.1.jar!/kr/co/kevit/localcsms/product/process/logic/ProductPriceServiceImpl.class]
2026-03-27 16:10:17 [main] DEBUG o.s.c.a.ClassPathBeanDefinitionScanner scanCandidateComponents 435 
 - Identified candidate component class: URL [jar:file:/C:/Users/KEVIT/git/local-csms/localcsms/web/admin-web/target/evAdmin.jar!/BOOT-INF/lib/product-process-0.0.1.jar!/kr/co/kevit/localcsms/product/process/logic/ProductServiceImpl.class]
2026-03-27 16:10:17 [main] DEBUG o.s.c.a.ClassPathBeanDefinitionScanner scanCandidateComponents 441 
 - Ignored because not a concrete top-level class: URL [jar:file:/C:/Users/KEVIT/git/local-csms/localcsms/web/admin-web/target/evAdmin.jar!/BOOT-INF/lib/product-process-0.0.1.jar!/kr/co/kevit/localcsms/product/process/ProductPriceService.class]
2026-03-27 16:10:17 [main] DEBUG o.s.c.a.ClassPathBeanDefinitionScanner scanCandidateComponents 441 
 - Ignored because not a concrete top-level class: URL [jar:file:/C:/Users/KEVIT/git/local-csms/localcsms/web/admin-web/target/evAdmin.jar!/BOOT-INF/lib/product-process-0.0.1.jar!/kr/co/kevit/localcsms/product/process/ProductService.class]
2026-03-27 16:10:17 [main] DEBUG o.s.c.a.ClassPathBeanDefinitionScanner scanCandidateComponents 441 
 - Ignored because not a concrete top-level class: URL [jar:file:/C:/Users/KEVIT/git/local-csms/localcsms/web/admin-web/target/evAdmin.jar!/BOOT-INF/lib/product-entity-0.0.1.jar!/kr/co/kevit/localcsms/product/entity/dao/ProductMapper.class]
2026-03-27 16:10:17 [main] DEBUG o.s.c.a.ClassPathBeanDefinitionScanner scanCandidateComponents 441 
 - Ignored because not a concrete top-level class: URL [jar:file:/C:/Users/KEVIT/git/local-csms/localcsms/web/admin-web/target/evAdmin.jar!/BOOT-INF/lib/product-entity-0.0.1.jar!/kr/co/kevit/localcsms/product/entity/dao/ProductPriceMapper.class]
2026-03-27 16:10:17 [main] DEBUG o.s.c.a.ClassPathBeanDefinitionScanner scanCandidateComponents 435 
 - Identified candidate component class: URL [jar:file:/C:/Users/KEVIT/git/local-csms/localcsms/web/admin-web/target/evAdmin.jar!/BOOT-INF/lib/product-entity-0.0.1.jar!/kr/co/kevit/localcsms/product/entity/logic/ProductPriceProviderImpl.class]
2026-03-27 16:10:17 [main] DEBUG o.s.c.a.ClassPathBeanDefinitionScanner scanCandidateComponents 435 
 - Identified candidate component class: URL [jar:file:/C:/Users/KEVIT/git/local-csms/localcsms/web/admin-web/target/evAdmin.jar!/BOOT-INF/lib/product-entity-0.0.1.jar!/kr/co/kevit/localcsms/product/entity/logic/ProductProviderImpl.class]
2026-03-27 16:10:17 [main] DEBUG o.s.c.a.ClassPathBeanDefinitionScanner scanCandidateComponents 441 
 - Ignored because not a concrete top-level class: URL [jar:file:/C:/Users/KEVIT/git/local-csms/localcsms/web/admin-web/target/evAdmin.jar!/BOOT-INF/lib/product-entity-0.0.1.jar!/kr/co/kevit/localcsms/product/entity/ProductPriceProvider.class]
2026-03-27 16:10:17 [main] DEBUG o.s.c.a.ClassPathBeanDefinitionScanner scanCandidateComponents 441 
 - Ignored because not a concrete top-level class: URL [jar:file:/C:/Users/KEVIT/git/local-csms/localcsms/web/admin-web/target/evAdmin.jar!/BOOT-INF/lib/product-entity-0.0.1.jar!/kr/co/kevit/localcsms/product/entity/ProductProvider.class]
2026-03-27 16:10:17 [main] DEBUG o.s.c.a.ClassPathBeanDefinitionScanner scanCandidateComponents 435 
 - Identified candidate component class: URL [jar:file:/C:/Users/KEVIT/git/local-csms/localcsms/web/admin-web/target/evAdmin.jar!/BOOT-INF/lib/recharging-process-0.0.1.jar!/kr/co/kevit/localcsms/recharger/process/logic/ChargingScheduleServiceImpl.class]
2026-03-27 16:10:17 [main] DEBUG o.s.c.a.ClassPathBeanDefinitionScanner scanCandidateComponents 435 
 - Identified candidate component class: URL [jar:file:/C:/Users/KEVIT/git/local-csms/localcsms/web/admin-web/target/evAdmin.jar!/BOOT-INF/lib/recharging-process-0.0.1.jar!/kr/co/kevit/localcsms/recharger/process/logic/OcppLogServiceImpl.class]
2026-03-27 16:10:17 [main] DEBUG o.s.c.a.ClassPathBeanDefinitionScanner scanCandidateComponents 435 
 - Identified candidate component class: URL [jar:file:/C:/Users/KEVIT/git/local-csms/localcsms/web/admin-web/target/evAdmin.jar!/BOOT-INF/lib/recharging-process-0.0.1.jar!/kr/co/kevit/localcsms/recharger/process/logic/RechargingServiceImpl.class]
2026-03-27 16:10:17 [main] DEBUG o.s.c.a.ClassPathBeanDefinitionScanner scanCandidateComponents 435 
 - Identified candidate component class: URL [jar:file:/C:/Users/KEVIT/git/local-csms/localcsms/web/admin-web/target/evAdmin.jar!/BOOT-INF/lib/recharging-process-0.0.1.jar!/kr/co/kevit/localcsms/recharger/process/logic/ReservationServiceImpl.class]
2026-03-27 16:10:17 [main] DEBUG o.s.c.a.ClassPathBeanDefinitionScanner scanCandidateComponents 441 
 - Ignored because not a concrete top-level class: URL [jar:file:/C:/Users/KEVIT/git/local-csms/localcsms/web/admin-web/target/evAdmin.jar!/BOOT-INF/lib/recharging-entity-0.0.1.jar!/kr/co/kevit/localcsms/recharger/entity/dao/ChargingScheduleMapper.class]
2026-03-27 16:10:17 [main] DEBUG o.s.c.a.ClassPathBeanDefinitionScanner scanCandidateComponents 441 
 - Ignored because not a concrete top-level class: URL [jar:file:/C:/Users/KEVIT/git/local-csms/localcsms/web/admin-web/target/evAdmin.jar!/BOOT-INF/lib/recharging-entity-0.0.1.jar!/kr/co/kevit/localcsms/recharger/entity/dao/OcppLogMapper.class]
2026-03-27 16:10:17 [main] DEBUG o.s.c.a.ClassPathBeanDefinitionScanner scanCandidateComponents 441 
 - Ignored because not a concrete top-level class: URL [jar:file:/C:/Users/KEVIT/git/local-csms/localcsms/web/admin-web/target/evAdmin.jar!/BOOT-INF/lib/recharging-entity-0.0.1.jar!/kr/co/kevit/localcsms/recharger/entity/dao/RechargingMapper.class]
2026-03-27 16:10:17 [main] DEBUG o.s.c.a.ClassPathBeanDefinitionScanner scanCandidateComponents 435 
 - Identified candidate component class: URL [jar:file:/C:/Users/KEVIT/git/local-csms/localcsms/web/admin-web/target/evAdmin.jar!/BOOT-INF/lib/recharging-entity-0.0.1.jar!/kr/co/kevit/localcsms/recharger/entity/logic/ChargingScheduleProviderImpl.class]
2026-03-27 16:10:17 [main] DEBUG o.s.c.a.ClassPathBeanDefinitionScanner scanCandidateComponents 435 
 - Identified candidate component class: URL [jar:file:/C:/Users/KEVIT/git/local-csms/localcsms/web/admin-web/target/evAdmin.jar!/BOOT-INF/lib/recharging-entity-0.0.1.jar!/kr/co/kevit/localcsms/recharger/entity/logic/OcppLogProviderImpl.class]
2026-03-27 16:10:17 [main] DEBUG o.s.c.a.ClassPathBeanDefinitionScanner scanCandidateComponents 435 
 - Identified candidate component class: URL [jar:file:/C:/Users/KEVIT/git/local-csms/localcsms/web/admin-web/target/evAdmin.jar!/BOOT-INF/lib/recharging-entity-0.0.1.jar!/kr/co/kevit/localcsms/recharger/entity/logic/RechargingProviderImpl.class]
2026-03-27 16:10:17 [main] DEBUG o.s.c.a.ClassPathBeanDefinitionScanner scanCandidateComponents 441 
 - Ignored because not a concrete top-level class: URL [jar:file:/C:/Users/KEVIT/git/local-csms/localcsms/web/admin-web/target/evAdmin.jar!/BOOT-INF/lib/recharging-entity-0.0.1.jar!/kr/co/kevit/localcsms/recharger/entity/OcppLogProvider.class]
2026-03-27 16:10:17 [main] DEBUG o.s.c.a.ClassPathBeanDefinitionScanner scanCandidateComponents 441 
 - Ignored because not a concrete top-level class: URL [jar:file:/C:/Users/KEVIT/git/local-csms/localcsms/web/admin-web/target/evAdmin.jar!/BOOT-INF/lib/recharging-entity-0.0.1.jar!/kr/co/kevit/localcsms/recharger/entity/RechargingProvider.class]
2026-03-27 16:10:17 [main] DEBUG o.s.c.a.ClassPathBeanDefinitionScanner scanCandidateComponents 435 
 - Identified candidate component class: URL [jar:file:/C:/Users/KEVIT/git/local-csms/localcsms/web/admin-web/target/evAdmin.jar!/BOOT-INF/lib/certificate-process-0.0.1.jar!/kr/co/kevit/localcsms/certificate/process/logic/CsCertCrlServiceImpl.class]
2026-03-27 16:10:17 [main] DEBUG o.s.c.a.ClassPathBeanDefinitionScanner scanCandidateComponents 435 
 - Identified candidate component class: URL [jar:file:/C:/Users/KEVIT/git/local-csms/localcsms/web/admin-web/target/evAdmin.jar!/BOOT-INF/lib/certificate-process-0.0.1.jar!/kr/co/kevit/localcsms/certificate/process/logic/CsCertServiceImpl.class]
2026-03-27 16:10:17 [main] DEBUG o.s.c.a.ClassPathBeanDefinitionScanner scanCandidateComponents 435 
 - Identified candidate component class: URL [jar:file:/C:/Users/KEVIT/git/local-csms/localcsms/web/admin-web/target/evAdmin.jar!/BOOT-INF/lib/certificate-process-0.0.1.jar!/kr/co/kevit/localcsms/certificate/process/logic/CustomerCertServiceImpl.class]
2026-03-27 16:10:17 [main] DEBUG o.s.c.a.ClassPathBeanDefinitionScanner scanCandidateComponents 441 
 - Ignored because not a concrete top-level class: URL [jar:file:/C:/Users/KEVIT/git/local-csms/localcsms/web/admin-web/target/evAdmin.jar!/BOOT-INF/lib/certificate-entity-0.0.1.jar!/kr/co/kevit/localcsms/certificate/entity/dao/CsCertCrlMapper.class]
2026-03-27 16:10:17 [main] DEBUG o.s.c.a.ClassPathBeanDefinitionScanner scanCandidateComponents 441 
 - Ignored because not a concrete top-level class: URL [jar:file:/C:/Users/KEVIT/git/local-csms/localcsms/web/admin-web/target/evAdmin.jar!/BOOT-INF/lib/certificate-entity-0.0.1.jar!/kr/co/kevit/localcsms/certificate/entity/dao/CsCertMapper.class]
2026-03-27 16:10:17 [main] DEBUG o.s.c.a.ClassPathBeanDefinitionScanner scanCandidateComponents 441 
 - Ignored because not a concrete top-level class: URL [jar:file:/C:/Users/KEVIT/git/local-csms/localcsms/web/admin-web/target/evAdmin.jar!/BOOT-INF/lib/certificate-entity-0.0.1.jar!/kr/co/kevit/localcsms/certificate/entity/dao/CustomerCertMapper.class]
2026-03-27 16:10:17 [main] DEBUG o.s.c.a.ClassPathBeanDefinitionScanner scanCandidateComponents 435 
 - Identified candidate component class: URL [jar:file:/C:/Users/KEVIT/git/local-csms/localcsms/web/admin-web/target/evAdmin.jar!/BOOT-INF/lib/certificate-entity-0.0.1.jar!/kr/co/kevit/localcsms/certificate/entity/logic/CsCertCrlProviderImpl.class]
2026-03-27 16:10:17 [main] DEBUG o.s.c.a.ClassPathBeanDefinitionScanner scanCandidateComponents 435 
 - Identified candidate component class: URL [jar:file:/C:/Users/KEVIT/git/local-csms/localcsms/web/admin-web/target/evAdmin.jar!/BOOT-INF/lib/certificate-entity-0.0.1.jar!/kr/co/kevit/localcsms/certificate/entity/logic/CsCertProviderImpl.class]
2026-03-27 16:10:17 [main] DEBUG o.s.c.a.ClassPathBeanDefinitionScanner scanCandidateComponents 435 
 - Identified candidate component class: URL [jar:file:/C:/Users/KEVIT/git/local-csms/localcsms/web/admin-web/target/evAdmin.jar!/BOOT-INF/lib/certificate-entity-0.0.1.jar!/kr/co/kevit/localcsms/certificate/entity/logic/CustomerCertProviderImpl.class]
2026-03-27 16:10:17 [main] DEBUG o.s.c.a.ClassPathBeanDefinitionScanner scanCandidateComponents 435 
 - Identified candidate component class: URL [jar:file:/C:/Users/KEVIT/git/local-csms/localcsms/web/admin-web/target/evAdmin.jar!/BOOT-INF/lib/system-process-0.0.1.jar!/kr/co/kevit/localcsms/system/process/logic/DaemonAccessServiceImpl.class]
2026-03-27 16:10:17 [main] DEBUG o.s.c.a.ClassPathBeanDefinitionScanner scanCandidateComponents 435 
 - Identified candidate component class: URL [jar:file:/C:/Users/KEVIT/git/local-csms/localcsms/web/admin-web/target/evAdmin.jar!/BOOT-INF/lib/system-process-0.0.1.jar!/kr/co/kevit/localcsms/system/process/logic/RemoteLogServiceImpl.class]
2026-03-27 16:10:17 [main] DEBUG o.s.c.a.ClassPathBeanDefinitionScanner scanCandidateComponents 441 
 - Ignored because not a concrete top-level class: URL [jar:file:/C:/Users/KEVIT/git/local-csms/localcsms/web/admin-web/target/evAdmin.jar!/BOOT-INF/lib/system-entity-0.0.1.jar!/kr/co/kevit/localcsms/system/entity/dao/DaemonAccessMapper.class]
2026-03-27 16:10:17 [main] DEBUG o.s.c.a.ClassPathBeanDefinitionScanner scanCandidateComponents 441 
 - Ignored because not a concrete top-level class: URL [jar:file:/C:/Users/KEVIT/git/local-csms/localcsms/web/admin-web/target/evAdmin.jar!/BOOT-INF/lib/system-entity-0.0.1.jar!/kr/co/kevit/localcsms/system/entity/dao/RemoteLogMapper.class]
2026-03-27 16:10:17 [main] DEBUG o.s.c.a.ClassPathBeanDefinitionScanner scanCandidateComponents 435 
 - Identified candidate component class: URL [jar:file:/C:/Users/KEVIT/git/local-csms/localcsms/web/admin-web/target/evAdmin.jar!/BOOT-INF/lib/system-entity-0.0.1.jar!/kr/co/kevit/localcsms/system/entity/logic/DaemonAccessProviderImpl.class]
2026-03-27 16:10:17 [main] DEBUG o.s.c.a.ClassPathBeanDefinitionScanner scanCandidateComponents 435 
 - Identified candidate component class: URL [jar:file:/C:/Users/KEVIT/git/local-csms/localcsms/web/admin-web/target/evAdmin.jar!/BOOT-INF/lib/system-entity-0.0.1.jar!/kr/co/kevit/localcsms/system/entity/logic/RemoteLogProviderImpl.class]
2026-03-27 16:10:18 [main] DEBUG o.s.b.f.s.DefaultListableBeanFactory getSingleton 225 
 - Creating shared instance of singleton bean 'kr.co.kevit.localcsms.adminweb.AdminWebApplication#MapperScannerRegistrar#0'
2026-03-27 16:10:18 [main] DEBUG o.s.b.f.s.DefaultListableBeanFactory getSingleton 225 
 - Creating shared instance of singleton bean 'propertySourcesPlaceholderConfigurer'
2026-03-27 16:10:18 [main] DEBUG org.apache.ibatis.logging.LogFactory setImplementation 112 
 - Logging initialized using 'class org.apache.ibatis.logging.slf4j.Slf4jImpl' adapter.
2026-03-27 16:10:18 [main] DEBUG o.m.s.mapper.ClassPathMapperScanner scanCandidateComponents 435 
 - Identified candidate component class: URL [jar:file:/C:/Users/KEVIT/git/local-csms/localcsms/web/admin-web/target/evAdmin.jar!/BOOT-INF/lib/authority-entity-0.0.1.jar!/kr/co/kevit/localcsms/authority/entity/dao/MenuMapper.class]
2026-03-27 16:10:18 [main] DEBUG o.m.s.mapper.ClassPathMapperScanner scanCandidateComponents 435 
 - Identified candidate component class: URL [jar:file:/C:/Users/KEVIT/git/local-csms/localcsms/web/admin-web/target/evAdmin.jar!/BOOT-INF/lib/authority-entity-0.0.1.jar!/kr/co/kevit/localcsms/authority/entity/dao/RoleAuthorityMapper.class]
2026-03-27 16:10:18 [main] DEBUG o.m.s.mapper.ClassPathMapperScanner scanCandidateComponents 435 
 - Identified candidate component class: URL [jar:file:/C:/Users/KEVIT/git/local-csms/localcsms/web/admin-web/target/evAdmin.jar!/BOOT-INF/lib/authority-entity-0.0.1.jar!/kr/co/kevit/localcsms/authority/entity/dao/UserMapper.class]
2026-03-27 16:10:18 [main] DEBUG o.m.s.mapper.ClassPathMapperScanner scanCandidateComponents 435 
 - Identified candidate component class: URL [jar:file:/C:/Users/KEVIT/git/local-csms/localcsms/web/admin-web/target/evAdmin.jar!/BOOT-INF/lib/organization-entity-0.0.1.jar!/kr/co/kevit/localcsms/organization/entity/dao/CompanyMapper.class]
2026-03-27 16:10:18 [main] DEBUG o.m.s.mapper.ClassPathMapperScanner scanCandidateComponents 435 
 - Identified candidate component class: URL [jar:file:/C:/Users/KEVIT/git/local-csms/localcsms/web/admin-web/target/evAdmin.jar!/BOOT-INF/lib/organization-entity-0.0.1.jar!/kr/co/kevit/localcsms/organization/entity/dao/EmployeeMapper.class]
2026-03-27 16:10:18 [main] DEBUG o.m.s.mapper.ClassPathMapperScanner scanCandidateComponents 435 
 - Identified candidate component class: URL [jar:file:/C:/Users/KEVIT/git/local-csms/localcsms/web/admin-web/target/evAdmin.jar!/BOOT-INF/lib/customer-entity-0.0.1.jar!/kr/co/kevit/localcsms/customer/entity/dao/CustomerCardMapper.class]
2026-03-27 16:10:18 [main] DEBUG o.m.s.mapper.ClassPathMapperScanner scanCandidateComponents 435 
 - Identified candidate component class: URL [jar:file:/C:/Users/KEVIT/git/local-csms/localcsms/web/admin-web/target/evAdmin.jar!/BOOT-INF/lib/customer-entity-0.0.1.jar!/kr/co/kevit/localcsms/customer/entity/dao/CustomerMapper.class]
2026-03-27 16:10:18 [main] DEBUG o.m.s.mapper.ClassPathMapperScanner scanCandidateComponents 435 
 - Identified candidate component class: URL [jar:file:/C:/Users/KEVIT/git/local-csms/localcsms/web/admin-web/target/evAdmin.jar!/BOOT-INF/lib/customer-entity-0.0.1.jar!/kr/co/kevit/localcsms/customer/entity/dao/CustomerMgtMapper.class]
2026-03-27 16:10:18 [main] DEBUG o.m.s.mapper.ClassPathMapperScanner scanCandidateComponents 435 
 - Identified candidate component class: URL [jar:file:/C:/Users/KEVIT/git/local-csms/localcsms/web/admin-web/target/evAdmin.jar!/BOOT-INF/lib/common-entity-0.0.1.jar!/kr/co/kevit/localcsms/common/entity/dao/AccessLogMapper.class]
2026-03-27 16:10:18 [main] DEBUG o.m.s.mapper.ClassPathMapperScanner scanCandidateComponents 435 
 - Identified candidate component class: URL [jar:file:/C:/Users/KEVIT/git/local-csms/localcsms/web/admin-web/target/evAdmin.jar!/BOOT-INF/lib/common-entity-0.0.1.jar!/kr/co/kevit/localcsms/common/entity/dao/CarModelMapper.class]
2026-03-27 16:10:18 [main] DEBUG o.m.s.mapper.ClassPathMapperScanner scanCandidateComponents 435 
 - Identified candidate component class: URL [jar:file:/C:/Users/KEVIT/git/local-csms/localcsms/web/admin-web/target/evAdmin.jar!/BOOT-INF/lib/common-entity-0.0.1.jar!/kr/co/kevit/localcsms/common/entity/dao/CodeMapper.class]
2026-03-27 16:10:18 [main] DEBUG o.m.s.mapper.ClassPathMapperScanner scanCandidateComponents 435 
 - Identified candidate component class: URL [jar:file:/C:/Users/KEVIT/git/local-csms/localcsms/web/admin-web/target/evAdmin.jar!/BOOT-INF/lib/common-entity-0.0.1.jar!/kr/co/kevit/localcsms/common/entity/dao/CodeValMapper.class]
2026-03-27 16:10:18 [main] DEBUG o.m.s.mapper.ClassPathMapperScanner scanCandidateComponents 435 
 - Identified candidate component class: URL [jar:file:/C:/Users/KEVIT/git/local-csms/localcsms/web/admin-web/target/evAdmin.jar!/BOOT-INF/lib/common-entity-0.0.1.jar!/kr/co/kevit/localcsms/common/entity/dao/CryptoKeyMapper.class]
2026-03-27 16:10:18 [main] DEBUG o.m.s.mapper.ClassPathMapperScanner scanCandidateComponents 435 
 - Identified candidate component class: URL [jar:file:/C:/Users/KEVIT/git/local-csms/localcsms/web/admin-web/target/evAdmin.jar!/BOOT-INF/lib/common-entity-0.0.1.jar!/kr/co/kevit/localcsms/common/entity/dao/FileManagementMapper.class]
2026-03-27 16:10:18 [main] DEBUG o.m.s.mapper.ClassPathMapperScanner scanCandidateComponents 435 
 - Identified candidate component class: URL [jar:file:/C:/Users/KEVIT/git/local-csms/localcsms/web/admin-web/target/evAdmin.jar!/BOOT-INF/lib/common-entity-0.0.1.jar!/kr/co/kevit/localcsms/common/entity/dao/FileStorageMapper.class]
2026-03-27 16:10:18 [main] DEBUG o.m.s.mapper.ClassPathMapperScanner scanCandidateComponents 435 
 - Identified candidate component class: URL [jar:file:/C:/Users/KEVIT/git/local-csms/localcsms/web/admin-web/target/evAdmin.jar!/BOOT-INF/lib/common-entity-0.0.1.jar!/kr/co/kevit/localcsms/common/entity/dao/SequenceMapper.class]
2026-03-27 16:10:18 [main] DEBUG o.m.s.mapper.ClassPathMapperScanner scanCandidateComponents 435 
 - Identified candidate component class: URL [jar:file:/C:/Users/KEVIT/git/local-csms/localcsms/web/admin-web/target/evAdmin.jar!/BOOT-INF/lib/charger-entity-0.0.1.jar!/kr/co/kevit/localcsms/charger/entity/dao/BreakdownInfoMapper.class]
2026-03-27 16:10:18 [main] DEBUG o.m.s.mapper.ClassPathMapperScanner scanCandidateComponents 435 
 - Identified candidate component class: URL [jar:file:/C:/Users/KEVIT/git/local-csms/localcsms/web/admin-web/target/evAdmin.jar!/BOOT-INF/lib/charger-entity-0.0.1.jar!/kr/co/kevit/localcsms/charger/entity/dao/BreakdownMgtInfoMapper.class]
2026-03-27 16:10:18 [main] DEBUG o.m.s.mapper.ClassPathMapperScanner scanCandidateComponents 435 
 - Identified candidate component class: URL [jar:file:/C:/Users/KEVIT/git/local-csms/localcsms/web/admin-web/target/evAdmin.jar!/BOOT-INF/lib/charger-entity-0.0.1.jar!/kr/co/kevit/localcsms/charger/entity/dao/BreakdownRepairInfoMapper.class]
2026-03-27 16:10:18 [main] DEBUG o.m.s.mapper.ClassPathMapperScanner scanCandidateComponents 435 
 - Identified candidate component class: URL [jar:file:/C:/Users/KEVIT/git/local-csms/localcsms/web/admin-web/target/evAdmin.jar!/BOOT-INF/lib/charger-entity-0.0.1.jar!/kr/co/kevit/localcsms/charger/entity/dao/ChargePointMapper.class]
2026-03-27 16:10:18 [main] DEBUG o.m.s.mapper.ClassPathMapperScanner scanCandidateComponents 435 
 - Identified candidate component class: URL [jar:file:/C:/Users/KEVIT/git/local-csms/localcsms/web/admin-web/target/evAdmin.jar!/BOOT-INF/lib/charger-entity-0.0.1.jar!/kr/co/kevit/localcsms/charger/entity/dao/ChargerStatusHisMapper.class]
2026-03-27 16:10:18 [main] DEBUG o.m.s.mapper.ClassPathMapperScanner scanCandidateComponents 435 
 - Identified candidate component class: URL [jar:file:/C:/Users/KEVIT/git/local-csms/localcsms/web/admin-web/target/evAdmin.jar!/BOOT-INF/lib/charger-entity-0.0.1.jar!/kr/co/kevit/localcsms/charger/entity/dao/ChargerStatusMapper.class]
2026-03-27 16:10:18 [main] DEBUG o.m.s.mapper.ClassPathMapperScanner scanCandidateComponents 435 
 - Identified candidate component class: URL [jar:file:/C:/Users/KEVIT/git/local-csms/localcsms/web/admin-web/target/evAdmin.jar!/BOOT-INF/lib/charger-entity-0.0.1.jar!/kr/co/kevit/localcsms/charger/entity/dao/ChargingProfileMapper.class]
2026-03-27 16:10:18 [main] DEBUG o.m.s.mapper.ClassPathMapperScanner scanCandidateComponents 435 
 - Identified candidate component class: URL [jar:file:/C:/Users/KEVIT/git/local-csms/localcsms/web/admin-web/target/evAdmin.jar!/BOOT-INF/lib/charger-entity-0.0.1.jar!/kr/co/kevit/localcsms/charger/entity/dao/ChargingStationMapper.class]
2026-03-27 16:10:18 [main] DEBUG o.m.s.mapper.ClassPathMapperScanner scanCandidateComponents 435 
 - Identified candidate component class: URL [jar:file:/C:/Users/KEVIT/git/local-csms/localcsms/web/admin-web/target/evAdmin.jar!/BOOT-INF/lib/charger-entity-0.0.1.jar!/kr/co/kevit/localcsms/charger/entity/dao/CsConfigurationMapper.class]
2026-03-27 16:10:18 [main] DEBUG o.m.s.mapper.ClassPathMapperScanner scanCandidateComponents 435 
 - Identified candidate component class: URL [jar:file:/C:/Users/KEVIT/git/local-csms/localcsms/web/admin-web/target/evAdmin.jar!/BOOT-INF/lib/charger-entity-0.0.1.jar!/kr/co/kevit/localcsms/charger/entity/dao/CsLocalCustomerMapper.class]
2026-03-27 16:10:18 [main] DEBUG o.m.s.mapper.ClassPathMapperScanner scanCandidateComponents 435 
 - Identified candidate component class: URL [jar:file:/C:/Users/KEVIT/git/local-csms/localcsms/web/admin-web/target/evAdmin.jar!/BOOT-INF/lib/charger-entity-0.0.1.jar!/kr/co/kevit/localcsms/charger/entity/dao/CsVariableMapper.class]
2026-03-27 16:10:18 [main] DEBUG o.m.s.mapper.ClassPathMapperScanner scanCandidateComponents 435 
 - Identified candidate component class: URL [jar:file:/C:/Users/KEVIT/git/local-csms/localcsms/web/admin-web/target/evAdmin.jar!/BOOT-INF/lib/charger-entity-0.0.1.jar!/kr/co/kevit/localcsms/charger/entity/dao/DisplayMessageMapper.class]
2026-03-27 16:10:18 [main] DEBUG o.m.s.mapper.ClassPathMapperScanner scanCandidateComponents 435 
 - Identified candidate component class: URL [jar:file:/C:/Users/KEVIT/git/local-csms/localcsms/web/admin-web/target/evAdmin.jar!/BOOT-INF/lib/product-entity-0.0.1.jar!/kr/co/kevit/localcsms/product/entity/dao/ProductMapper.class]
2026-03-27 16:10:18 [main] DEBUG o.m.s.mapper.ClassPathMapperScanner scanCandidateComponents 435 
 - Identified candidate component class: URL [jar:file:/C:/Users/KEVIT/git/local-csms/localcsms/web/admin-web/target/evAdmin.jar!/BOOT-INF/lib/product-entity-0.0.1.jar!/kr/co/kevit/localcsms/product/entity/dao/ProductPriceMapper.class]
2026-03-27 16:10:18 [main] DEBUG o.m.s.mapper.ClassPathMapperScanner scanCandidateComponents 435 
 - Identified candidate component class: URL [jar:file:/C:/Users/KEVIT/git/local-csms/localcsms/web/admin-web/target/evAdmin.jar!/BOOT-INF/lib/recharging-entity-0.0.1.jar!/kr/co/kevit/localcsms/recharger/entity/dao/ChargingScheduleMapper.class]
2026-03-27 16:10:18 [main] DEBUG o.m.s.mapper.ClassPathMapperScanner scanCandidateComponents 435 
 - Identified candidate component class: URL [jar:file:/C:/Users/KEVIT/git/local-csms/localcsms/web/admin-web/target/evAdmin.jar!/BOOT-INF/lib/recharging-entity-0.0.1.jar!/kr/co/kevit/localcsms/recharger/entity/dao/OcppLogMapper.class]
2026-03-27 16:10:18 [main] DEBUG o.m.s.mapper.ClassPathMapperScanner scanCandidateComponents 435 
 - Identified candidate component class: URL [jar:file:/C:/Users/KEVIT/git/local-csms/localcsms/web/admin-web/target/evAdmin.jar!/BOOT-INF/lib/recharging-entity-0.0.1.jar!/kr/co/kevit/localcsms/recharger/entity/dao/RechargingMapper.class]
2026-03-27 16:10:18 [main] DEBUG o.m.s.mapper.ClassPathMapperScanner scanCandidateComponents 435 
 - Identified candidate component class: URL [jar:file:/C:/Users/KEVIT/git/local-csms/localcsms/web/admin-web/target/evAdmin.jar!/BOOT-INF/lib/recharging-entity-0.0.1.jar!/kr/co/kevit/localcsms/recharger/entity/dao/ReservationMapper.class]
2026-03-27 16:10:18 [main] DEBUG o.m.s.mapper.ClassPathMapperScanner scanCandidateComponents 435 
 - Identified candidate component class: URL [jar:file:/C:/Users/KEVIT/git/local-csms/localcsms/web/admin-web/target/evAdmin.jar!/BOOT-INF/lib/certificate-entity-0.0.1.jar!/kr/co/kevit/localcsms/certificate/entity/dao/CsCertCrlMapper.class]
2026-03-27 16:10:18 [main] DEBUG o.m.s.mapper.ClassPathMapperScanner scanCandidateComponents 435 
 - Identified candidate component class: URL [jar:file:/C:/Users/KEVIT/git/local-csms/localcsms/web/admin-web/target/evAdmin.jar!/BOOT-INF/lib/certificate-entity-0.0.1.jar!/kr/co/kevit/localcsms/certificate/entity/dao/CsCertMapper.class]
2026-03-27 16:10:18 [main] DEBUG o.m.s.mapper.ClassPathMapperScanner scanCandidateComponents 435 
 - Identified candidate component class: URL [jar:file:/C:/Users/KEVIT/git/local-csms/localcsms/web/admin-web/target/evAdmin.jar!/BOOT-INF/lib/certificate-entity-0.0.1.jar!/kr/co/kevit/localcsms/certificate/entity/dao/CustomerCertMapper.class]
2026-03-27 16:10:18 [main] DEBUG o.m.s.mapper.ClassPathMapperScanner scanCandidateComponents 435 
 - Identified candidate component class: URL [jar:file:/C:/Users/KEVIT/git/local-csms/localcsms/web/admin-web/target/evAdmin.jar!/BOOT-INF/lib/system-entity-0.0.1.jar!/kr/co/kevit/localcsms/system/entity/dao/DaemonAccessMapper.class]
2026-03-27 16:10:18 [main] DEBUG o.m.s.mapper.ClassPathMapperScanner scanCandidateComponents 435 
 - Identified candidate component class: URL [jar:file:/C:/Users/KEVIT/git/local-csms/localcsms/web/admin-web/target/evAdmin.jar!/BOOT-INF/lib/system-entity-0.0.1.jar!/kr/co/kevit/localcsms/system/entity/dao/RemoteLogMapper.class]
2026-03-27 16:10:18 [main] DEBUG o.m.s.mapper.ClassPathMapperScanner debug 49 
 - Creating MapperFactoryBean with name 'menuMapper' and 'kr.co.kevit.localcsms.authority.entity.dao.MenuMapper' mapperInterface
2026-03-27 16:10:18 [main] DEBUG o.m.s.mapper.ClassPathMapperScanner debug 49 
 - Enabling autowire by type for MapperFactoryBean with name 'menuMapper'.
2026-03-27 16:10:18 [main] DEBUG o.m.s.mapper.ClassPathMapperScanner debug 49 
 - Creating MapperFactoryBean with name 'roleAuthorityMapper' and 'kr.co.kevit.localcsms.authority.entity.dao.RoleAuthorityMapper' mapperInterface
2026-03-27 16:10:18 [main] DEBUG o.m.s.mapper.ClassPathMapperScanner debug 49 
 - Enabling autowire by type for MapperFactoryBean with name 'roleAuthorityMapper'.
2026-03-27 16:10:18 [main] DEBUG o.m.s.mapper.ClassPathMapperScanner debug 49 
 - Creating MapperFactoryBean with name 'userMapper' and 'kr.co.kevit.localcsms.authority.entity.dao.UserMapper' mapperInterface
2026-03-27 16:10:18 [main] DEBUG o.m.s.mapper.ClassPathMapperScanner debug 49 
 - Enabling autowire by type for MapperFactoryBean with name 'userMapper'.
2026-03-27 16:10:18 [main] DEBUG o.m.s.mapper.ClassPathMapperScanner debug 49 
 - Creating MapperFactoryBean with name 'companyMapper' and 'kr.co.kevit.localcsms.organization.entity.dao.CompanyMapper' mapperInterface
2026-03-27 16:10:18 [main] DEBUG o.m.s.mapper.ClassPathMapperScanner debug 49 
 - Enabling autowire by type for MapperFactoryBean with name 'companyMapper'.
2026-03-27 16:10:18 [main] DEBUG o.m.s.mapper.ClassPathMapperScanner debug 49 
 - Creating MapperFactoryBean with name 'employeeMapper' and 'kr.co.kevit.localcsms.organization.entity.dao.EmployeeMapper' mapperInterface
2026-03-27 16:10:18 [main] DEBUG o.m.s.mapper.ClassPathMapperScanner debug 49 
 - Enabling autowire by type for MapperFactoryBean with name 'employeeMapper'.
2026-03-27 16:10:18 [main] DEBUG o.m.s.mapper.ClassPathMapperScanner debug 49 
 - Creating MapperFactoryBean with name 'customerCardMapper' and 'kr.co.kevit.localcsms.customer.entity.dao.CustomerCardMapper' mapperInterface
2026-03-27 16:10:18 [main] DEBUG o.m.s.mapper.ClassPathMapperScanner debug 49 
 - Enabling autowire by type for MapperFactoryBean with name 'customerCardMapper'.
2026-03-27 16:10:18 [main] DEBUG o.m.s.mapper.ClassPathMapperScanner debug 49 
 - Creating MapperFactoryBean with name 'customerMapper' and 'kr.co.kevit.localcsms.customer.entity.dao.CustomerMapper' mapperInterface
2026-03-27 16:10:18 [main] DEBUG o.m.s.mapper.ClassPathMapperScanner debug 49 
 - Enabling autowire by type for MapperFactoryBean with name 'customerMapper'.
2026-03-27 16:10:18 [main] DEBUG o.m.s.mapper.ClassPathMapperScanner debug 49 
 - Creating MapperFactoryBean with name 'customerMgtMapper' and 'kr.co.kevit.localcsms.customer.entity.dao.CustomerMgtMapper' mapperInterface
2026-03-27 16:10:18 [main] DEBUG o.m.s.mapper.ClassPathMapperScanner debug 49 
 - Enabling autowire by type for MapperFactoryBean with name 'customerMgtMapper'.
2026-03-27 16:10:18 [main] DEBUG o.m.s.mapper.ClassPathMapperScanner debug 49 
 - Creating MapperFactoryBean with name 'accessLogMapper' and 'kr.co.kevit.localcsms.common.entity.dao.AccessLogMapper' mapperInterface
2026-03-27 16:10:18 [main] DEBUG o.m.s.mapper.ClassPathMapperScanner debug 49 
 - Enabling autowire by type for MapperFactoryBean with name 'accessLogMapper'.
2026-03-27 16:10:18 [main] DEBUG o.m.s.mapper.ClassPathMapperScanner debug 49 
 - Creating MapperFactoryBean with name 'carModelMapper' and 'kr.co.kevit.localcsms.common.entity.dao.CarModelMapper' mapperInterface
2026-03-27 16:10:18 [main] DEBUG o.m.s.mapper.ClassPathMapperScanner debug 49 
 - Enabling autowire by type for MapperFactoryBean with name 'carModelMapper'.
2026-03-27 16:10:18 [main] DEBUG o.m.s.mapper.ClassPathMapperScanner debug 49 
 - Creating MapperFactoryBean with name 'codeMapper' and 'kr.co.kevit.localcsms.common.entity.dao.CodeMapper' mapperInterface
2026-03-27 16:10:18 [main] DEBUG o.m.s.mapper.ClassPathMapperScanner debug 49 
 - Enabling autowire by type for MapperFactoryBean with name 'codeMapper'.
2026-03-27 16:10:18 [main] DEBUG o.m.s.mapper.ClassPathMapperScanner debug 49 
 - Creating MapperFactoryBean with name 'codeValMapper' and 'kr.co.kevit.localcsms.common.entity.dao.CodeValMapper' mapperInterface
2026-03-27 16:10:18 [main] DEBUG o.m.s.mapper.ClassPathMapperScanner debug 49 
 - Enabling autowire by type for MapperFactoryBean with name 'codeValMapper'.
2026-03-27 16:10:18 [main] DEBUG o.m.s.mapper.ClassPathMapperScanner debug 49 
 - Creating MapperFactoryBean with name 'cryptoKeyMapper' and 'kr.co.kevit.localcsms.common.entity.dao.CryptoKeyMapper' mapperInterface
2026-03-27 16:10:18 [main] DEBUG o.m.s.mapper.ClassPathMapperScanner debug 49 
 - Enabling autowire by type for MapperFactoryBean with name 'cryptoKeyMapper'.
2026-03-27 16:10:18 [main] DEBUG o.m.s.mapper.ClassPathMapperScanner debug 49 
 - Creating MapperFactoryBean with name 'fileManagementMapper' and 'kr.co.kevit.localcsms.common.entity.dao.FileManagementMapper' mapperInterface
2026-03-27 16:10:18 [main] DEBUG o.m.s.mapper.ClassPathMapperScanner debug 49 
 - Enabling autowire by type for MapperFactoryBean with name 'fileManagementMapper'.
2026-03-27 16:10:18 [main] DEBUG o.m.s.mapper.ClassPathMapperScanner debug 49 
 - Creating MapperFactoryBean with name 'fileStorageMapper' and 'kr.co.kevit.localcsms.common.entity.dao.FileStorageMapper' mapperInterface
2026-03-27 16:10:18 [main] DEBUG o.m.s.mapper.ClassPathMapperScanner debug 49 
 - Enabling autowire by type for MapperFactoryBean with name 'fileStorageMapper'.
2026-03-27 16:10:18 [main] DEBUG o.m.s.mapper.ClassPathMapperScanner debug 49 
 - Creating MapperFactoryBean with name 'sequenceMapper' and 'kr.co.kevit.localcsms.common.entity.dao.SequenceMapper' mapperInterface
2026-03-27 16:10:18 [main] DEBUG o.m.s.mapper.ClassPathMapperScanner debug 49 
 - Enabling autowire by type for MapperFactoryBean with name 'sequenceMapper'.
2026-03-27 16:10:18 [main] DEBUG o.m.s.mapper.ClassPathMapperScanner debug 49 
 - Creating MapperFactoryBean with name 'breakdownInfoMapper' and 'kr.co.kevit.localcsms.charger.entity.dao.BreakdownInfoMapper' mapperInterface
2026-03-27 16:10:18 [main] DEBUG o.m.s.mapper.ClassPathMapperScanner debug 49 
 - Enabling autowire by type for MapperFactoryBean with name 'breakdownInfoMapper'.
2026-03-27 16:10:18 [main] DEBUG o.m.s.mapper.ClassPathMapperScanner debug 49 
 - Creating MapperFactoryBean with name 'breakdownMgtInfoMapper' and 'kr.co.kevit.localcsms.charger.entity.dao.BreakdownMgtInfoMapper' mapperInterface
2026-03-27 16:10:18 [main] DEBUG o.m.s.mapper.ClassPathMapperScanner debug 49 
 - Enabling autowire by type for MapperFactoryBean with name 'breakdownMgtInfoMapper'.
2026-03-27 16:10:18 [main] DEBUG o.m.s.mapper.ClassPathMapperScanner debug 49 
 - Creating MapperFactoryBean with name 'breakdownRepairInfoMapper' and 'kr.co.kevit.localcsms.charger.entity.dao.BreakdownRepairInfoMapper' mapperInterface
2026-03-27 16:10:18 [main] DEBUG o.m.s.mapper.ClassPathMapperScanner debug 49 
 - Enabling autowire by type for MapperFactoryBean with name 'breakdownRepairInfoMapper'.
2026-03-27 16:10:18 [main] DEBUG o.m.s.mapper.ClassPathMapperScanner debug 49 
 - Creating MapperFactoryBean with name 'chargePointMapper' and 'kr.co.kevit.localcsms.charger.entity.dao.ChargePointMapper' mapperInterface
2026-03-27 16:10:18 [main] DEBUG o.m.s.mapper.ClassPathMapperScanner debug 49 
 - Enabling autowire by type for MapperFactoryBean with name 'chargePointMapper'.
2026-03-27 16:10:18 [main] DEBUG o.m.s.mapper.ClassPathMapperScanner debug 49 
 - Creating MapperFactoryBean with name 'chargerStatusHisMapper' and 'kr.co.kevit.localcsms.charger.entity.dao.ChargerStatusHisMapper' mapperInterface
2026-03-27 16:10:18 [main] DEBUG o.m.s.mapper.ClassPathMapperScanner debug 49 
 - Enabling autowire by type for MapperFactoryBean with name 'chargerStatusHisMapper'.
2026-03-27 16:10:18 [main] DEBUG o.m.s.mapper.ClassPathMapperScanner debug 49 
 - Creating MapperFactoryBean with name 'chargerStatusMapper' and 'kr.co.kevit.localcsms.charger.entity.dao.ChargerStatusMapper' mapperInterface
2026-03-27 16:10:18 [main] DEBUG o.m.s.mapper.ClassPathMapperScanner debug 49 
 - Enabling autowire by type for MapperFactoryBean with name 'chargerStatusMapper'.
2026-03-27 16:10:18 [main] DEBUG o.m.s.mapper.ClassPathMapperScanner debug 49 
 - Creating MapperFactoryBean with name 'chargingProfileMapper' and 'kr.co.kevit.localcsms.charger.entity.dao.ChargingProfileMapper' mapperInterface
2026-03-27 16:10:18 [main] DEBUG o.m.s.mapper.ClassPathMapperScanner debug 49 
 - Enabling autowire by type for MapperFactoryBean with name 'chargingProfileMapper'.
2026-03-27 16:10:18 [main] DEBUG o.m.s.mapper.ClassPathMapperScanner debug 49 
 - Creating MapperFactoryBean with name 'chargingStationMapper' and 'kr.co.kevit.localcsms.charger.entity.dao.ChargingStationMapper' mapperInterface
2026-03-27 16:10:18 [main] DEBUG o.m.s.mapper.ClassPathMapperScanner debug 49 
 - Enabling autowire by type for MapperFactoryBean with name 'chargingStationMapper'.
2026-03-27 16:10:18 [main] DEBUG o.m.s.mapper.ClassPathMapperScanner debug 49 
 - Creating MapperFactoryBean with name 'csConfigurationMapper' and 'kr.co.kevit.localcsms.charger.entity.dao.CsConfigurationMapper' mapperInterface
2026-03-27 16:10:18 [main] DEBUG o.m.s.mapper.ClassPathMapperScanner debug 49 
 - Enabling autowire by type for MapperFactoryBean with name 'csConfigurationMapper'.
2026-03-27 16:10:18 [main] DEBUG o.m.s.mapper.ClassPathMapperScanner debug 49 
 - Creating MapperFactoryBean with name 'csLocalCustomerMapper' and 'kr.co.kevit.localcsms.charger.entity.dao.CsLocalCustomerMapper' mapperInterface
2026-03-27 16:10:18 [main] DEBUG o.m.s.mapper.ClassPathMapperScanner debug 49 
 - Enabling autowire by type for MapperFactoryBean with name 'csLocalCustomerMapper'.
2026-03-27 16:10:18 [main] DEBUG o.m.s.mapper.ClassPathMapperScanner debug 49 
 - Creating MapperFactoryBean with name 'csVariableMapper' and 'kr.co.kevit.localcsms.charger.entity.dao.CsVariableMapper' mapperInterface
2026-03-27 16:10:18 [main] DEBUG o.m.s.mapper.ClassPathMapperScanner debug 49 
 - Enabling autowire by type for MapperFactoryBean with name 'csVariableMapper'.
2026-03-27 16:10:18 [main] DEBUG o.m.s.mapper.ClassPathMapperScanner debug 49 
 - Creating MapperFactoryBean with name 'displayMessageMapper' and 'kr.co.kevit.localcsms.charger.entity.dao.DisplayMessageMapper' mapperInterface
2026-03-27 16:10:18 [main] DEBUG o.m.s.mapper.ClassPathMapperScanner debug 49 
 - Enabling autowire by type for MapperFactoryBean with name 'displayMessageMapper'.
2026-03-27 16:10:18 [main] DEBUG o.m.s.mapper.ClassPathMapperScanner debug 49 
 - Creating MapperFactoryBean with name 'productMapper' and 'kr.co.kevit.localcsms.product.entity.dao.ProductMapper' mapperInterface
2026-03-27 16:10:18 [main] DEBUG o.m.s.mapper.ClassPathMapperScanner debug 49 
 - Enabling autowire by type for MapperFactoryBean with name 'productMapper'.
2026-03-27 16:10:18 [main] DEBUG o.m.s.mapper.ClassPathMapperScanner debug 49 
 - Creating MapperFactoryBean with name 'productPriceMapper' and 'kr.co.kevit.localcsms.product.entity.dao.ProductPriceMapper' mapperInterface
2026-03-27 16:10:18 [main] DEBUG o.m.s.mapper.ClassPathMapperScanner debug 49 
 - Enabling autowire by type for MapperFactoryBean with name 'productPriceMapper'.
2026-03-27 16:10:18 [main] DEBUG o.m.s.mapper.ClassPathMapperScanner debug 49 
 - Creating MapperFactoryBean with name 'chargingScheduleMapper' and 'kr.co.kevit.localcsms.recharger.entity.dao.ChargingScheduleMapper' mapperInterface
2026-03-27 16:10:18 [main] DEBUG o.m.s.mapper.ClassPathMapperScanner debug 49 
 - Enabling autowire by type for MapperFactoryBean with name 'chargingScheduleMapper'.
2026-03-27 16:10:18 [main] DEBUG o.m.s.mapper.ClassPathMapperScanner debug 49 
 - Creating MapperFactoryBean with name 'ocppLogMapper' and 'kr.co.kevit.localcsms.recharger.entity.dao.OcppLogMapper' mapperInterface
2026-03-27 16:10:18 [main] DEBUG o.m.s.mapper.ClassPathMapperScanner debug 49 
 - Enabling autowire by type for MapperFactoryBean with name 'ocppLogMapper'.
2026-03-27 16:10:18 [main] DEBUG o.m.s.mapper.ClassPathMapperScanner debug 49 
 - Creating MapperFactoryBean with name 'rechargingMapper' and 'kr.co.kevit.localcsms.recharger.entity.dao.RechargingMapper' mapperInterface
2026-03-27 16:10:18 [main] DEBUG o.m.s.mapper.ClassPathMapperScanner debug 49 
 - Enabling autowire by type for MapperFactoryBean with name 'rechargingMapper'.
2026-03-27 16:10:18 [main] DEBUG o.m.s.mapper.ClassPathMapperScanner debug 49 
 - Creating MapperFactoryBean with name 'reservationMapper' and 'kr.co.kevit.localcsms.recharger.entity.dao.ReservationMapper' mapperInterface
2026-03-27 16:10:18 [main] DEBUG o.m.s.mapper.ClassPathMapperScanner debug 49 
 - Enabling autowire by type for MapperFactoryBean with name 'reservationMapper'.
2026-03-27 16:10:18 [main] DEBUG o.m.s.mapper.ClassPathMapperScanner debug 49 
 - Creating MapperFactoryBean with name 'csCertCrlMapper' and 'kr.co.kevit.localcsms.certificate.entity.dao.CsCertCrlMapper' mapperInterface
2026-03-27 16:10:18 [main] DEBUG o.m.s.mapper.ClassPathMapperScanner debug 49 
 - Enabling autowire by type for MapperFactoryBean with name 'csCertCrlMapper'.
2026-03-27 16:10:18 [main] DEBUG o.m.s.mapper.ClassPathMapperScanner debug 49 
 - Creating MapperFactoryBean with name 'csCertMapper' and 'kr.co.kevit.localcsms.certificate.entity.dao.CsCertMapper' mapperInterface
2026-03-27 16:10:18 [main] DEBUG o.m.s.mapper.ClassPathMapperScanner debug 49 
 - Enabling autowire by type for MapperFactoryBean with name 'csCertMapper'.
2026-03-27 16:10:18 [main] DEBUG o.m.s.mapper.ClassPathMapperScanner debug 49 
 - Creating MapperFactoryBean with name 'customerCertMapper' and 'kr.co.kevit.localcsms.certificate.entity.dao.CustomerCertMapper' mapperInterface
2026-03-27 16:10:18 [main] DEBUG o.m.s.mapper.ClassPathMapperScanner debug 49 
 - Enabling autowire by type for MapperFactoryBean with name 'customerCertMapper'.
2026-03-27 16:10:18 [main] DEBUG o.m.s.mapper.ClassPathMapperScanner debug 49 
 - Creating MapperFactoryBean with name 'daemonAccessMapper' and 'kr.co.kevit.localcsms.system.entity.dao.DaemonAccessMapper' mapperInterface
2026-03-27 16:10:18 [main] DEBUG o.m.s.mapper.ClassPathMapperScanner debug 49 
 - Enabling autowire by type for MapperFactoryBean with name 'daemonAccessMapper'.
2026-03-27 16:10:18 [main] DEBUG o.m.s.mapper.ClassPathMapperScanner debug 49 
 - Creating MapperFactoryBean with name 'remoteLogMapper' and 'kr.co.kevit.localcsms.system.entity.dao.RemoteLogMapper' mapperInterface
2026-03-27 16:10:18 [main] DEBUG o.m.s.mapper.ClassPathMapperScanner debug 49 
 - Enabling autowire by type for MapperFactoryBean with name 'remoteLogMapper'.
2026-03-27 16:10:18 [main] DEBUG o.s.b.f.s.DefaultListableBeanFactory getSingleton 225 
 - Creating shared instance of singleton bean 'org.springframework.boot.sql.init.dependency.DatabaseInitializationDependencyConfigurer$DependsOnDatabaseInitializationPostProcessor'
2026-03-27 16:10:18 [main] DEBUG o.s.b.f.s.DefaultListableBeanFactory getSingleton 225 
 - Creating shared instance of singleton bean 'org.springframework.context.event.internalEventListenerProcessor'
2026-03-27 16:10:18 [main] DEBUG o.s.b.f.s.DefaultListableBeanFactory getSingleton 225 
 - Creating shared instance of singleton bean 'conversionServicePostProcessor'
2026-03-27 16:10:18 [main] DEBUG o.s.b.f.s.DefaultListableBeanFactory getSingleton 225 
 - Creating shared instance of singleton bean 'preserveErrorControllerTargetClassPostProcessor'
2026-03-27 16:10:18 [main] DEBUG o.s.b.f.s.DefaultListableBeanFactory getSingleton 225 
 - Creating shared instance of singleton bean 'org.springframework.context.event.internalEventListenerFactory'
2026-03-27 16:10:18 [main] DEBUG o.s.b.f.s.DefaultListableBeanFactory getSingleton 225 
 - Creating shared instance of singleton bean 'org.springframework.transaction.config.internalTransactionalEventListenerFactory'
2026-03-27 16:10:18 [main] DEBUG o.s.b.f.s.DefaultListableBeanFactory getSingleton 225 
 - Creating shared instance of singleton bean 'org.springframework.context.annotation.internalAutowiredAnnotationProcessor'
2026-03-27 16:10:18 [main] DEBUG o.s.b.f.s.DefaultListableBeanFactory getSingleton 225 
 - Creating shared instance of singleton bean 'org.springframework.context.annotation.internalCommonAnnotationProcessor'
2026-03-27 16:10:18 [main] DEBUG o.s.b.f.s.DefaultListableBeanFactory getSingleton 225 
 - Creating shared instance of singleton bean 'org.springframework.boot.context.properties.ConfigurationPropertiesBindingPostProcessor'
2026-03-27 16:10:18 [main] DEBUG o.s.b.f.s.DefaultListableBeanFactory getSingleton 225 
 - Creating shared instance of singleton bean 'org.springframework.boot.context.internalConfigurationPropertiesBinder'
2026-03-27 16:10:18 [main] DEBUG o.s.b.f.s.DefaultListableBeanFactory getSingleton 225 
 - Creating shared instance of singleton bean 'org.springframework.boot.context.internalConfigurationPropertiesBinderFactory'
2026-03-27 16:10:18 [main] DEBUG o.s.b.f.s.DefaultListableBeanFactory getSingleton 225 
 - Creating shared instance of singleton bean 'org.springframework.aop.config.internalAutoProxyCreator'
2026-03-27 16:10:18 [main] DEBUG o.s.b.f.s.DefaultListableBeanFactory getSingleton 225 
 - Creating shared instance of singleton bean 'persistenceExceptionTranslationPostProcessor'
2026-03-27 16:10:18 [main] DEBUG o.s.b.f.s.DefaultListableBeanFactory registerDependentBeans 952 
 - Autowiring by type from bean name 'persistenceExceptionTranslationPostProcessor' via factory method to bean named 'environment'
2026-03-27 16:10:18 [main] DEBUG o.s.b.f.s.DefaultListableBeanFactory getSingleton 225 
 - Creating shared instance of singleton bean 'webServerFactoryCustomizerBeanPostProcessor'
2026-03-27 16:10:18 [main] DEBUG o.s.b.f.s.DefaultListableBeanFactory getSingleton 225 
 - Creating shared instance of singleton bean 'errorPageRegistrarBeanPostProcessor'
2026-03-27 16:10:18 [main] DEBUG o.s.b.f.s.DefaultListableBeanFactory getSingleton 225 
 - Creating shared instance of singleton bean 'messageSource'
2026-03-27 16:10:18 [main] DEBUG o.s.b.f.s.DefaultListableBeanFactory getSingleton 225 
 - Creating shared instance of singleton bean 'metaDataSourceAdvisor'
2026-03-27 16:10:18 [main] DEBUG o.s.b.f.s.DefaultListableBeanFactory getSingleton 225 
 - Creating shared instance of singleton bean 'methodSecurityMetadataSource'
2026-03-27 16:10:18 [main] DEBUG o.s.b.f.s.DefaultListableBeanFactory getSingleton 225 
 - Creating shared instance of singleton bean 'org.springframework.security.config.annotation.method.configuration.GlobalMethodSecurityConfiguration'
2026-03-27 16:10:18 [main] DEBUG o.s.b.f.s.DefaultListableBeanFactory getSingleton 225 
 - Creating shared instance of singleton bean 'org.springframework.transaction.config.internalTransactionAdvisor'
2026-03-27 16:10:18 [main] DEBUG o.s.b.f.s.DefaultListableBeanFactory getSingleton 225 
 - Creating shared instance of singleton bean 'org.springframework.transaction.annotation.ProxyTransactionManagementConfiguration'
2026-03-27 16:10:18 [main] DEBUG o.s.b.f.s.DefaultListableBeanFactory getSingleton 225 
 - Creating shared instance of singleton bean 'transactionAttributeSource'
2026-03-27 16:10:18 [main] DEBUG o.s.b.f.s.DefaultListableBeanFactory getSingleton 225 
 - Creating shared instance of singleton bean 'transactionInterceptor'
2026-03-27 16:10:18 [main] DEBUG o.s.b.f.s.DefaultListableBeanFactory registerDependentBeans 952 
 - Autowiring by type from bean name 'transactionInterceptor' via factory method to bean named 'transactionAttributeSource'
2026-03-27 16:10:18 [main] DEBUG o.s.b.f.s.DefaultListableBeanFactory registerDependentBeans 952 
 - Autowiring by type from bean name 'org.springframework.transaction.config.internalTransactionAdvisor' via factory method to bean named 'transactionAttributeSource'
2026-03-27 16:10:18 [main] DEBUG o.s.b.f.s.DefaultListableBeanFactory registerDependentBeans 952 
 - Autowiring by type from bean name 'org.springframework.transaction.config.internalTransactionAdvisor' via factory method to bean named 'transactionInterceptor'
2026-03-27 16:10:18 [main] DEBUG o.s.b.f.s.DefaultListableBeanFactory getSingleton 225 
 - Creating shared instance of singleton bean 'objectPostProcessor'
2026-03-27 16:10:18 [main] DEBUG o.s.b.f.s.DefaultListableBeanFactory getSingleton 225 
 - Creating shared instance of singleton bean 'org.springframework.security.config.annotation.configuration.ObjectPostProcessorConfiguration'
2026-03-27 16:10:18 [main] DEBUG o.s.b.f.s.DefaultListableBeanFactory registerDependentBeans 952 
 - Autowiring by type from bean name 'objectPostProcessor' via factory method to bean named 'org.springframework.beans.factory.support.DefaultListableBeanFactory@61710c6'
2026-03-27 16:10:18 [main] DEBUG o.s.b.f.s.DefaultListableBeanFactory getSingleton 225 
 - Creating shared instance of singleton bean 'webMvcConfig'
2026-03-27 16:10:18 [main] DEBUG o.s.u.c.s.UiApplicationContextUtils initThemeSource 85 
 - Unable to locate ThemeSource with name 'themeSource': using default [org.springframework.ui.context.support.ResourceBundleThemeSource@47404bea]
2026-03-27 16:10:18 [main] DEBUG o.s.b.f.s.DefaultListableBeanFactory getSingleton 225 
 - Creating shared instance of singleton bean 'tomcatServletWebServerFactory'
2026-03-27 16:10:18 [main] DEBUG o.s.b.f.s.DefaultListableBeanFactory getSingleton 225 
 - Creating shared instance of singleton bean 'org.springframework.boot.autoconfigure.web.servlet.ServletWebServerFactoryConfiguration$EmbeddedTomcat'
2026-03-27 16:10:18 [main] DEBUG o.s.b.f.s.DefaultListableBeanFactory getSingleton 225 
 - Creating shared instance of singleton bean 'websocketServletWebServerCustomizer'
2026-03-27 16:10:18 [main] DEBUG o.s.b.f.s.DefaultListableBeanFactory getSingleton 225 
 - Creating shared instance of singleton bean 'org.springframework.boot.autoconfigure.websocket.servlet.WebSocketServletAutoConfiguration$TomcatWebSocketConfiguration'
2026-03-27 16:10:18 [main] DEBUG o.s.b.f.s.DefaultListableBeanFactory getSingleton 225 
 - Creating shared instance of singleton bean 'servletWebServerFactoryCustomizer'
2026-03-27 16:10:18 [main] DEBUG o.s.b.f.s.DefaultListableBeanFactory getSingleton 225 
 - Creating shared instance of singleton bean 'org.springframework.boot.autoconfigure.web.servlet.ServletWebServerFactoryAutoConfiguration'
2026-03-27 16:10:18 [main] DEBUG o.s.b.f.s.DefaultListableBeanFactory getSingleton 225 
 - Creating shared instance of singleton bean 'server-org.springframework.boot.autoconfigure.web.ServerProperties'
2026-03-27 16:10:18 [main] DEBUG o.s.b.f.s.DefaultListableBeanFactory getSingleton 225 
 - Creating shared instance of singleton bean 'org.springframework.boot.context.properties.BoundConfigurationProperties'
2026-03-27 16:10:18 [main] DEBUG o.s.b.f.s.DefaultListableBeanFactory registerDependentBeans 952 
 - Autowiring by type from bean name 'servletWebServerFactoryCustomizer' via factory method to bean named 'server-org.springframework.boot.autoconfigure.web.ServerProperties'
2026-03-27 16:10:18 [main] DEBUG o.s.b.f.s.DefaultListableBeanFactory getSingleton 225 
 - Creating shared instance of singleton bean 'tomcatServletWebServerFactoryCustomizer'
2026-03-27 16:10:18 [main] DEBUG o.s.b.f.s.DefaultListableBeanFactory registerDependentBeans 952 
 - Autowiring by type from bean name 'tomcatServletWebServerFactoryCustomizer' via factory method to bean named 'server-org.springframework.boot.autoconfigure.web.ServerProperties'
2026-03-27 16:10:18 [main] DEBUG o.s.b.f.s.DefaultListableBeanFactory getSingleton 225 
 - Creating shared instance of singleton bean 'tomcatWebServerFactoryCustomizer'
2026-03-27 16:10:18 [main] DEBUG o.s.b.f.s.DefaultListableBeanFactory getSingleton 225 
 - Creating shared instance of singleton bean 'org.springframework.boot.autoconfigure.web.embedded.EmbeddedWebServerFactoryCustomizerAutoConfiguration$TomcatWebServerFactoryCustomizerConfiguration'
2026-03-27 16:10:18 [main] DEBUG o.s.b.f.s.DefaultListableBeanFactory registerDependentBeans 952 
 - Autowiring by type from bean name 'tomcatWebServerFactoryCustomizer' via factory method to bean named 'environment'
2026-03-27 16:10:18 [main] DEBUG o.s.b.f.s.DefaultListableBeanFactory registerDependentBeans 952 
 - Autowiring by type from bean name 'tomcatWebServerFactoryCustomizer' via factory method to bean named 'server-org.springframework.boot.autoconfigure.web.ServerProperties'
2026-03-27 16:10:18 [main] DEBUG o.s.b.f.s.DefaultListableBeanFactory getSingleton 225 
 - Creating shared instance of singleton bean 'localeCharsetMappingsCustomizer'
2026-03-27 16:10:18 [main] DEBUG o.s.b.f.s.DefaultListableBeanFactory getSingleton 225 
 - Creating shared instance of singleton bean 'org.springframework.boot.autoconfigure.web.servlet.HttpEncodingAutoConfiguration'
2026-03-27 16:10:18 [main] DEBUG o.s.b.f.s.DefaultListableBeanFactory registerDependentBeans 952 
 - Autowiring by type from bean name 'org.springframework.boot.autoconfigure.web.servlet.HttpEncodingAutoConfiguration' via constructor to bean named 'server-org.springframework.boot.autoconfigure.web.ServerProperties'
2026-03-27 16:10:18 [main] DEBUG o.s.b.f.s.DefaultListableBeanFactory getSingleton 225 
 - Creating shared instance of singleton bean 'errorPageCustomizer'
2026-03-27 16:10:18 [main] DEBUG o.s.b.f.s.DefaultListableBeanFactory getSingleton 225 
 - Creating shared instance of singleton bean 'org.springframework.boot.autoconfigure.web.servlet.error.ErrorMvcAutoConfiguration'
2026-03-27 16:10:18 [main] DEBUG o.s.b.f.s.DefaultListableBeanFactory registerDependentBeans 952 
 - Autowiring by type from bean name 'org.springframework.boot.autoconfigure.web.servlet.error.ErrorMvcAutoConfiguration' via constructor to bean named 'server-org.springframework.boot.autoconfigure.web.ServerProperties'
2026-03-27 16:10:18 [main] DEBUG o.s.b.f.s.DefaultListableBeanFactory getSingleton 225 
 - Creating shared instance of singleton bean 'dispatcherServletRegistration'
2026-03-27 16:10:18 [main] DEBUG o.s.b.f.s.DefaultListableBeanFactory getSingleton 225 
 - Creating shared instance of singleton bean 'org.springframework.boot.autoconfigure.web.servlet.DispatcherServletAutoConfiguration$DispatcherServletRegistrationConfiguration'
2026-03-27 16:10:18 [main] DEBUG o.s.b.f.s.DefaultListableBeanFactory getSingleton 225 
 - Creating shared instance of singleton bean 'dispatcherServlet'
2026-03-27 16:10:18 [main] DEBUG o.s.b.f.s.DefaultListableBeanFactory getSingleton 225 
 - Creating shared instance of singleton bean 'org.springframework.boot.autoconfigure.web.servlet.DispatcherServletAutoConfiguration$DispatcherServletConfiguration'
2026-03-27 16:10:18 [main] DEBUG o.s.b.f.s.DefaultListableBeanFactory getSingleton 225 
 - Creating shared instance of singleton bean 'spring.mvc-org.springframework.boot.autoconfigure.web.servlet.WebMvcProperties'
2026-03-27 16:10:18 [main] DEBUG o.s.b.f.s.DefaultListableBeanFactory registerDependentBeans 952 
 - Autowiring by type from bean name 'dispatcherServlet' via factory method to bean named 'spring.mvc-org.springframework.boot.autoconfigure.web.servlet.WebMvcProperties'
2026-03-27 16:10:18 [main] DEBUG o.s.b.f.s.DefaultListableBeanFactory registerDependentBeans 952 
 - Autowiring by type from bean name 'dispatcherServletRegistration' via factory method to bean named 'dispatcherServlet'
2026-03-27 16:10:18 [main] DEBUG o.s.b.f.s.DefaultListableBeanFactory registerDependentBeans 952 
 - Autowiring by type from bean name 'dispatcherServletRegistration' via factory method to bean named 'spring.mvc-org.springframework.boot.autoconfigure.web.servlet.WebMvcProperties'
2026-03-27 16:10:18 [main] DEBUG o.s.b.f.s.DefaultListableBeanFactory registerDependentBeans 952 
 - Autowiring by type from bean name 'errorPageCustomizer' via factory method to bean named 'dispatcherServletRegistration'
2026-03-27 16:10:19 [main] DEBUG o.s.b.w.e.t.TomcatServletWebServerFactory getArchiveFileDocumentRoot 81 
 - Code archive: C:\Users\KEVIT\git\local-csms\localcsms\web\admin-web\target\evAdmin.jar
2026-03-27 16:10:19 [main] DEBUG o.s.b.w.e.t.TomcatServletWebServerFactory getExplodedWarFileDocumentRoot 125 
 - Code archive: C:\Users\KEVIT\git\local-csms\localcsms\web\admin-web\target\evAdmin.jar
2026-03-27 16:10:19 [main] DEBUG o.s.b.w.e.t.TomcatServletWebServerFactory logNoDocumentRoots 149 
 - None of the document roots [src/main/webapp, public, static] point to a directory and will be ignored.
2026-03-27 16:10:19 [main] INFO  o.s.b.w.e.tomcat.TomcatWebServer initialize 108 
 - Tomcat initialized with port(s): 8081 (http)
2026-03-27 16:10:19 [main] INFO  o.a.coyote.http11.Http11NioProtocol log 173 
 - Initializing ProtocolHandler ["http-nio-8081"]
2026-03-27 16:10:19 [main] INFO  o.a.catalina.core.StandardService log 173 
 - Starting service [Tomcat]
2026-03-27 16:10:19 [main] INFO  o.a.catalina.core.StandardEngine log 173 
 - Starting Servlet engine: [Apache Tomcat/9.0.83]
2026-03-27 16:10:19 [main] INFO  o.a.c.c.C.[.[localhost].[/evAdmin] log 173 
 - Initializing Spring embedded WebApplicationContext
2026-03-27 16:10:19 [main] DEBUG o.s.b.w.s.c.ServletWebServerApplicationContext prepareWebApplicationContext 286 
 - Published root WebApplicationContext as ServletContext attribute with name [org.springframework.web.context.WebApplicationContext.ROOT]
2026-03-27 16:10:19 [main] INFO  o.s.b.w.s.c.ServletWebServerApplicationContext prepareWebApplicationContext 292 
 - Root WebApplicationContext: initialization completed in 1718 ms
2026-03-27 16:10:19 [main] DEBUG o.s.b.f.s.DefaultListableBeanFactory getSingleton 225 
 - Creating shared instance of singleton bean 'errorPageSecurityFilter'
2026-03-27 16:10:19 [main] DEBUG o.s.b.f.s.DefaultListableBeanFactory getSingleton 225 
 - Creating shared instance of singleton bean 'org.springframework.boot.autoconfigure.security.servlet.SpringBootWebSecurityConfiguration$ErrorPageSecurityFilterConfiguration'
2026-03-27 16:10:19 [main] DEBUG o.s.b.f.s.DefaultListableBeanFactory registerDependentBeans 952 
 - Autowiring by type from bean name 'errorPageSecurityFilter' via factory method to bean named 'org.springframework.boot.web.servlet.context.AnnotationConfigServletWebServerApplicationContext@5c33f1a9'
2026-03-27 16:10:19 [main] DEBUG o.s.b.f.s.DefaultListableBeanFactory getSingleton 225 
 - Creating shared instance of singleton bean 'securityFilterChainRegistration'
2026-03-27 16:10:19 [main] DEBUG o.s.b.f.s.DefaultListableBeanFactory getSingleton 225 
 - Creating shared instance of singleton bean 'org.springframework.boot.autoconfigure.security.servlet.SecurityFilterAutoConfiguration'
2026-03-27 16:10:19 [main] DEBUG o.s.b.f.s.DefaultListableBeanFactory getSingleton 225 
 - Creating shared instance of singleton bean 'spring.security-org.springframework.boot.autoconfigure.security.SecurityProperties'
2026-03-27 16:10:19 [main] DEBUG o.s.b.f.s.DefaultListableBeanFactory registerDependentBeans 952 
 - Autowiring by type from bean name 'securityFilterChainRegistration' via factory method to bean named 'spring.security-org.springframework.boot.autoconfigure.security.SecurityProperties'
2026-03-27 16:10:19 [main] DEBUG o.s.b.f.s.DefaultListableBeanFactory getSingleton 225 
 - Creating shared instance of singleton bean 'requestContextFilter'
2026-03-27 16:10:19 [main] DEBUG o.s.b.f.s.DefaultListableBeanFactory getSingleton 225 
 - Creating shared instance of singleton bean 'formContentFilter'
2026-03-27 16:10:19 [main] DEBUG o.s.b.f.s.DefaultListableBeanFactory getSingleton 225 
 - Creating shared instance of singleton bean 'org.springframework.boot.autoconfigure.web.servlet.WebMvcAutoConfiguration'
2026-03-27 16:10:19 [main] DEBUG o.s.b.f.s.DefaultListableBeanFactory getSingleton 225 
 - Creating shared instance of singleton bean 'characterEncodingFilter'
2026-03-27 16:10:19 [main] DEBUG o.s.b.w.s.ServletContextInitializerBeans logMappings 237 
 - Mapping filters: springSecurityFilterChain urls=[/*] order=-100, filterRegistrationBean urls=[/*] order=2147483647, characterEncodingFilter urls=[/*] order=-2147483648, formContentFilter urls=[/*] order=-9900, requestContextFilter urls=[/*] order=-105
2026-03-27 16:10:19 [main] DEBUG o.s.b.w.s.ServletContextInitializerBeans logMappings 237 
 - Mapping servlets: dispatcherServlet urls=[/]
2026-03-27 16:10:19 [main] DEBUG o.s.b.w.s.f.OrderedRequestContextFilter init 242 
 - Filter 'requestContextFilter' configured for use
2026-03-27 16:10:19 [main] DEBUG o.s.b.w.s.f.OrderedCharacterEncodingFilter init 242 
 - Filter 'characterEncodingFilter' configured for use
2026-03-27 16:10:19 [main] DEBUG o.s.b.w.s.DelegatingFilterProxyRegistrationBean$1 init 242 
 - Filter 'springSecurityFilterChain' configured for use
2026-03-27 16:10:19 [main] DEBUG o.s.b.w.s.f.OrderedFormContentFilter init 242 
 - Filter 'formContentFilter' configured for use
2026-03-27 16:10:19 [main] DEBUG o.s.b.f.s.DefaultListableBeanFactory getSingleton 225 
 - Creating shared instance of singleton bean 'adminWebApplication'
2026-03-27 16:10:19 [main] DEBUG o.s.b.f.s.DefaultListableBeanFactory getSingleton 225 
 - Creating shared instance of singleton bean 'apiEaiClient'
2026-03-27 16:10:19 [main] DEBUG o.s.b.f.s.DefaultListableBeanFactory getSingleton 225 
 - Creating shared instance of singleton bean 'restTemplate'
2026-03-27 16:10:19 [main] DEBUG o.s.b.f.s.DefaultListableBeanFactory registerDependentBeans 952 
 - Autowiring by type from bean name 'apiEaiClient' via constructor to bean named 'restTemplate'
2026-03-27 16:10:19 [main] DEBUG o.s.c.e.PropertySourcesPropertyResolver logKeyFound 115 
 - Found key 'api-eai.url' in PropertySource 'environmentProperties' with value of type String
2026-03-27 16:10:19 [main] DEBUG o.s.c.e.PropertySourcesPropertyResolver logKeyFound 115 
 - Found key 'api-eai.auth-token' in PropertySource 'environmentProperties' with value of type String
2026-03-27 16:10:19 [main] DEBUG o.s.b.f.s.DefaultListableBeanFactory getSingleton 225 
 - Creating shared instance of singleton bean 'commonModelAdvice'
2026-03-27 16:10:19 [main] DEBUG o.s.b.f.s.DefaultListableBeanFactory getSingleton 225 
 - Creating shared instance of singleton bean 'securityConfig'
2026-03-27 16:10:19 [main] DEBUG o.s.b.f.s.DefaultListableBeanFactory getSingleton 225 
 - Creating shared instance of singleton bean 'csCertController'
2026-03-27 16:10:19 [main] DEBUG o.s.b.f.s.DefaultListableBeanFactory getSingleton 225 
 - Creating shared instance of singleton bean 'accessLogServiceImpl'
2026-03-27 16:10:19 [main] DEBUG o.s.b.f.s.DefaultListableBeanFactory getSingleton 225 
 - Creating shared instance of singleton bean 'accessLogProviderImpl'
2026-03-27 16:10:19 [main] DEBUG o.s.b.f.s.DefaultListableBeanFactory getSingleton 225 
 - Creating shared instance of singleton bean 'accessLogMapper'
2026-03-27 16:10:19 [main] DEBUG o.s.b.f.s.DefaultListableBeanFactory getSingleton 225 
 - Creating shared instance of singleton bean 'sqlSessionFactory'
2026-03-27 16:10:19 [main] DEBUG o.s.b.f.s.DefaultListableBeanFactory getSingleton 225 
 - Creating shared instance of singleton bean 'org.mybatis.spring.boot.autoconfigure.MybatisAutoConfiguration'
2026-03-27 16:10:19 [main] DEBUG o.s.c.LocalVariableTableParameterNameDiscoverer inspectClass 105 
 - Cannot find '.class' file for class [class org.mybatis.spring.boot.autoconfigure.MybatisAutoConfiguration$$EnhancerBySpringCGLIB$$59e4650f] - unable to determine constructor/method parameter names
2026-03-27 16:10:19 [main] DEBUG o.s.b.f.s.DefaultListableBeanFactory getSingleton 225 
 - Creating shared instance of singleton bean 'mybatis-org.mybatis.spring.boot.autoconfigure.MybatisProperties'
2026-03-27 16:10:19 [main] DEBUG o.s.b.f.s.DefaultListableBeanFactory registerDependentBeans 952 
 - Autowiring by type from bean name 'org.mybatis.spring.boot.autoconfigure.MybatisAutoConfiguration' via constructor to bean named 'mybatis-org.mybatis.spring.boot.autoconfigure.MybatisProperties'
2026-03-27 16:10:19 [main] DEBUG o.s.b.f.s.DefaultListableBeanFactory registerDependentBeans 952 
 - Autowiring by type from bean name 'org.mybatis.spring.boot.autoconfigure.MybatisAutoConfiguration' via constructor to bean named 'org.springframework.boot.web.servlet.context.AnnotationConfigServletWebServerApplicationContext@5c33f1a9'
2026-03-27 16:10:19 [main] DEBUG o.s.b.f.s.DefaultListableBeanFactory getSingleton 225 
 - Creating shared instance of singleton bean 'dataSource'
2026-03-27 16:10:19 [main] DEBUG o.s.b.f.s.DefaultListableBeanFactory getSingleton 225 
 - Creating shared instance of singleton bean 'org.springframework.boot.autoconfigure.jdbc.DataSourceConfiguration$Hikari'
2026-03-27 16:10:19 [main] DEBUG o.s.b.f.s.DefaultListableBeanFactory getSingleton 225 
 - Creating shared instance of singleton bean 'spring.datasource-org.springframework.boot.autoconfigure.jdbc.DataSourceProperties'
2026-03-27 16:10:19 [main] DEBUG o.s.b.f.s.DefaultListableBeanFactory registerDependentBeans 952 
 - Autowiring by type from bean name 'dataSource' via factory method to bean named 'spring.datasource-org.springframework.boot.autoconfigure.jdbc.DataSourceProperties'
2026-03-27 16:10:19 [main] DEBUG com.zaxxer.hikari.HikariConfig attemptFromContextLoader 971 
 - Driver class com.mysql.cj.jdbc.Driver found in Thread context class loader org.springframework.boot.loader.LaunchedURLClassLoader@6438a396
2026-03-27 16:10:19 [main] DEBUG o.s.b.f.s.DefaultListableBeanFactory registerDependentBeans 952 
 - Autowiring by type from bean name 'sqlSessionFactory' via factory method to bean named 'dataSource'
2026-03-27 16:10:19 [main] DEBUG o.m.spring.SqlSessionFactoryBean debug 49 
 - Parsed mapper file: 'URL [jar:file:/C:/Users/KEVIT/git/local-csms/localcsms/web/admin-web/target/evAdmin.jar!/BOOT-INF/lib/authority-entity-0.0.1.jar!/kr/co/kevit/localcsms/authority/entity/dao/mr/menu_sql.xml]'
2026-03-27 16:10:19 [main] DEBUG o.m.spring.SqlSessionFactoryBean debug 49 
 - Parsed mapper file: 'URL [jar:file:/C:/Users/KEVIT/git/local-csms/localcsms/web/admin-web/target/evAdmin.jar!/BOOT-INF/lib/authority-entity-0.0.1.jar!/kr/co/kevit/localcsms/authority/entity/dao/mr/roleAuthority_sql.xml]'
2026-03-27 16:10:19 [main] DEBUG o.m.spring.SqlSessionFactoryBean debug 49 
 - Parsed mapper file: 'URL [jar:file:/C:/Users/KEVIT/git/local-csms/localcsms/web/admin-web/target/evAdmin.jar!/BOOT-INF/lib/authority-entity-0.0.1.jar!/kr/co/kevit/localcsms/authority/entity/dao/mr/user_sql.xml]'
2026-03-27 16:10:19 [main] DEBUG o.m.spring.SqlSessionFactoryBean debug 49 
 - Parsed mapper file: 'URL [jar:file:/C:/Users/KEVIT/git/local-csms/localcsms/web/admin-web/target/evAdmin.jar!/BOOT-INF/lib/organization-entity-0.0.1.jar!/kr/co/kevit/localcsms/organization/entity/dao/mr/company_sql.xml]'
2026-03-27 16:10:19 [main] DEBUG o.m.spring.SqlSessionFactoryBean debug 49 
 - Parsed mapper file: 'URL [jar:file:/C:/Users/KEVIT/git/local-csms/localcsms/web/admin-web/target/evAdmin.jar!/BOOT-INF/lib/organization-entity-0.0.1.jar!/kr/co/kevit/localcsms/organization/entity/dao/mr/employee_sql.xml]'
2026-03-27 16:10:19 [main] DEBUG o.m.spring.SqlSessionFactoryBean debug 49 
 - Parsed mapper file: 'URL [jar:file:/C:/Users/KEVIT/git/local-csms/localcsms/web/admin-web/target/evAdmin.jar!/BOOT-INF/lib/customer-entity-0.0.1.jar!/kr/co/kevit/localcsms/customer/entity/dao/mr/customerCard_sql.xml]'
2026-03-27 16:10:19 [main] DEBUG o.m.spring.SqlSessionFactoryBean debug 49 
 - Parsed mapper file: 'URL [jar:file:/C:/Users/KEVIT/git/local-csms/localcsms/web/admin-web/target/evAdmin.jar!/BOOT-INF/lib/customer-entity-0.0.1.jar!/kr/co/kevit/localcsms/customer/entity/dao/mr/customerMgt_sql.xml]'
2026-03-27 16:10:19 [main] DEBUG o.m.spring.SqlSessionFactoryBean debug 49 
 - Parsed mapper file: 'URL [jar:file:/C:/Users/KEVIT/git/local-csms/localcsms/web/admin-web/target/evAdmin.jar!/BOOT-INF/lib/customer-entity-0.0.1.jar!/kr/co/kevit/localcsms/customer/entity/dao/mr/customer_sql.xml]'
2026-03-27 16:10:19 [main] DEBUG o.m.spring.SqlSessionFactoryBean debug 49 
 - Parsed mapper file: 'URL [jar:file:/C:/Users/KEVIT/git/local-csms/localcsms/web/admin-web/target/evAdmin.jar!/BOOT-INF/lib/common-entity-0.0.1.jar!/kr/co/kevit/localcsms/common/entity/dao/mr/accessLog_sql.xml]'
2026-03-27 16:10:19 [main] DEBUG o.m.spring.SqlSessionFactoryBean debug 49 
 - Parsed mapper file: 'URL [jar:file:/C:/Users/KEVIT/git/local-csms/localcsms/web/admin-web/target/evAdmin.jar!/BOOT-INF/lib/common-entity-0.0.1.jar!/kr/co/kevit/localcsms/common/entity/dao/mr/carModel_sql.xml]'
2026-03-27 16:10:19 [main] DEBUG o.m.spring.SqlSessionFactoryBean debug 49 
 - Parsed mapper file: 'URL [jar:file:/C:/Users/KEVIT/git/local-csms/localcsms/web/admin-web/target/evAdmin.jar!/BOOT-INF/lib/common-entity-0.0.1.jar!/kr/co/kevit/localcsms/common/entity/dao/mr/codeVal_sql.xml]'
2026-03-27 16:10:19 [main] DEBUG o.m.spring.SqlSessionFactoryBean debug 49 
 - Parsed mapper file: 'URL [jar:file:/C:/Users/KEVIT/git/local-csms/localcsms/web/admin-web/target/evAdmin.jar!/BOOT-INF/lib/common-entity-0.0.1.jar!/kr/co/kevit/localcsms/common/entity/dao/mr/code_sql.xml]'
2026-03-27 16:10:19 [main] DEBUG o.m.spring.SqlSessionFactoryBean debug 49 
 - Parsed mapper file: 'URL [jar:file:/C:/Users/KEVIT/git/local-csms/localcsms/web/admin-web/target/evAdmin.jar!/BOOT-INF/lib/common-entity-0.0.1.jar!/kr/co/kevit/localcsms/common/entity/dao/mr/cryptoKey_sql.xml]'
2026-03-27 16:10:19 [main] DEBUG o.m.spring.SqlSessionFactoryBean debug 49 
 - Parsed mapper file: 'URL [jar:file:/C:/Users/KEVIT/git/local-csms/localcsms/web/admin-web/target/evAdmin.jar!/BOOT-INF/lib/common-entity-0.0.1.jar!/kr/co/kevit/localcsms/common/entity/dao/mr/fileManagement_sql.xml]'
2026-03-27 16:10:19 [main] DEBUG o.m.spring.SqlSessionFactoryBean debug 49 
 - Parsed mapper file: 'URL [jar:file:/C:/Users/KEVIT/git/local-csms/localcsms/web/admin-web/target/evAdmin.jar!/BOOT-INF/lib/common-entity-0.0.1.jar!/kr/co/kevit/localcsms/common/entity/dao/mr/fileStorage_sql.xml]'
2026-03-27 16:10:19 [main] DEBUG o.m.spring.SqlSessionFactoryBean debug 49 
 - Parsed mapper file: 'URL [jar:file:/C:/Users/KEVIT/git/local-csms/localcsms/web/admin-web/target/evAdmin.jar!/BOOT-INF/lib/common-entity-0.0.1.jar!/kr/co/kevit/localcsms/common/entity/dao/mr/sequence_sql.xml]'
2026-03-27 16:10:19 [main] DEBUG o.m.spring.SqlSessionFactoryBean debug 49 
 - Parsed mapper file: 'URL [jar:file:/C:/Users/KEVIT/git/local-csms/localcsms/web/admin-web/target/evAdmin.jar!/BOOT-INF/lib/charger-entity-0.0.1.jar!/kr/co/kevit/localcsms/charger/entity/dao/mr/breakdownInfo_sql.xml]'
2026-03-27 16:10:20 [main] DEBUG o.m.spring.SqlSessionFactoryBean debug 49 
 - Parsed mapper file: 'URL [jar:file:/C:/Users/KEVIT/git/local-csms/localcsms/web/admin-web/target/evAdmin.jar!/BOOT-INF/lib/charger-entity-0.0.1.jar!/kr/co/kevit/localcsms/charger/entity/dao/mr/breakdownMgtInfo_sql.xml]'
2026-03-27 16:10:20 [main] DEBUG o.m.spring.SqlSessionFactoryBean debug 49 
 - Parsed mapper file: 'URL [jar:file:/C:/Users/KEVIT/git/local-csms/localcsms/web/admin-web/target/evAdmin.jar!/BOOT-INF/lib/charger-entity-0.0.1.jar!/kr/co/kevit/localcsms/charger/entity/dao/mr/breakdownRepairInfo_sql.xml]'
2026-03-27 16:10:20 [main] DEBUG o.m.spring.SqlSessionFactoryBean debug 49 
 - Parsed mapper file: 'URL [jar:file:/C:/Users/KEVIT/git/local-csms/localcsms/web/admin-web/target/evAdmin.jar!/BOOT-INF/lib/charger-entity-0.0.1.jar!/kr/co/kevit/localcsms/charger/entity/dao/mr/chargePoint_sql.xml]'
2026-03-27 16:10:20 [main] DEBUG o.m.spring.SqlSessionFactoryBean debug 49 
 - Parsed mapper file: 'URL [jar:file:/C:/Users/KEVIT/git/local-csms/localcsms/web/admin-web/target/evAdmin.jar!/BOOT-INF/lib/charger-entity-0.0.1.jar!/kr/co/kevit/localcsms/charger/entity/dao/mr/chargerStatusHis_sql.xml]'
2026-03-27 16:10:20 [main] DEBUG o.m.spring.SqlSessionFactoryBean debug 49 
 - Parsed mapper file: 'URL [jar:file:/C:/Users/KEVIT/git/local-csms/localcsms/web/admin-web/target/evAdmin.jar!/BOOT-INF/lib/charger-entity-0.0.1.jar!/kr/co/kevit/localcsms/charger/entity/dao/mr/chargerStatus_sql.xml]'
2026-03-27 16:10:20 [main] DEBUG o.m.spring.SqlSessionFactoryBean debug 49 
 - Parsed mapper file: 'URL [jar:file:/C:/Users/KEVIT/git/local-csms/localcsms/web/admin-web/target/evAdmin.jar!/BOOT-INF/lib/charger-entity-0.0.1.jar!/kr/co/kevit/localcsms/charger/entity/dao/mr/chargingProfile_sql.xml]'
2026-03-27 16:10:20 [main] DEBUG o.m.spring.SqlSessionFactoryBean debug 49 
 - Parsed mapper file: 'URL [jar:file:/C:/Users/KEVIT/git/local-csms/localcsms/web/admin-web/target/evAdmin.jar!/BOOT-INF/lib/charger-entity-0.0.1.jar!/kr/co/kevit/localcsms/charger/entity/dao/mr/chargingStation_sql.xml]'
2026-03-27 16:10:20 [main] DEBUG o.m.spring.SqlSessionFactoryBean debug 49 
 - Parsed mapper file: 'URL [jar:file:/C:/Users/KEVIT/git/local-csms/localcsms/web/admin-web/target/evAdmin.jar!/BOOT-INF/lib/charger-entity-0.0.1.jar!/kr/co/kevit/localcsms/charger/entity/dao/mr/csConfiguration_sql.xml]'
2026-03-27 16:10:20 [main] DEBUG o.m.spring.SqlSessionFactoryBean debug 49 
 - Parsed mapper file: 'URL [jar:file:/C:/Users/KEVIT/git/local-csms/localcsms/web/admin-web/target/evAdmin.jar!/BOOT-INF/lib/charger-entity-0.0.1.jar!/kr/co/kevit/localcsms/charger/entity/dao/mr/csLocalCustomer_sql.xml]'
2026-03-27 16:10:20 [main] DEBUG o.m.spring.SqlSessionFactoryBean debug 49 
 - Parsed mapper file: 'URL [jar:file:/C:/Users/KEVIT/git/local-csms/localcsms/web/admin-web/target/evAdmin.jar!/BOOT-INF/lib/charger-entity-0.0.1.jar!/kr/co/kevit/localcsms/charger/entity/dao/mr/csVariable_sql.xml]'
2026-03-27 16:10:20 [main] DEBUG o.m.spring.SqlSessionFactoryBean debug 49 
 - Parsed mapper file: 'URL [jar:file:/C:/Users/KEVIT/git/local-csms/localcsms/web/admin-web/target/evAdmin.jar!/BOOT-INF/lib/charger-entity-0.0.1.jar!/kr/co/kevit/localcsms/charger/entity/dao/mr/displayMessage_sql.xml]'
2026-03-27 16:10:20 [main] DEBUG o.m.spring.SqlSessionFactoryBean debug 49 
 - Parsed mapper file: 'URL [jar:file:/C:/Users/KEVIT/git/local-csms/localcsms/web/admin-web/target/evAdmin.jar!/BOOT-INF/lib/product-entity-0.0.1.jar!/kr/co/kevit/localcsms/product/entity/dao/mr/productPrice_sql.xml]'
2026-03-27 16:10:20 [main] DEBUG o.m.spring.SqlSessionFactoryBean debug 49 
 - Parsed mapper file: 'URL [jar:file:/C:/Users/KEVIT/git/local-csms/localcsms/web/admin-web/target/evAdmin.jar!/BOOT-INF/lib/product-entity-0.0.1.jar!/kr/co/kevit/localcsms/product/entity/dao/mr/product_sql.xml]'
2026-03-27 16:10:20 [main] DEBUG o.m.spring.SqlSessionFactoryBean debug 49 
 - Parsed mapper file: 'URL [jar:file:/C:/Users/KEVIT/git/local-csms/localcsms/web/admin-web/target/evAdmin.jar!/BOOT-INF/lib/recharging-entity-0.0.1.jar!/kr/co/kevit/localcsms/recharger/entity/dao/mr/chargingSchedule_sql.xml]'
2026-03-27 16:10:20 [main] DEBUG o.m.spring.SqlSessionFactoryBean debug 49 
 - Parsed mapper file: 'URL [jar:file:/C:/Users/KEVIT/git/local-csms/localcsms/web/admin-web/target/evAdmin.jar!/BOOT-INF/lib/recharging-entity-0.0.1.jar!/kr/co/kevit/localcsms/recharger/entity/dao/mr/ocppLog_sql.xml]'
2026-03-27 16:10:20 [main] DEBUG o.m.spring.SqlSessionFactoryBean debug 49 
 - Parsed mapper file: 'URL [jar:file:/C:/Users/KEVIT/git/local-csms/localcsms/web/admin-web/target/evAdmin.jar!/BOOT-INF/lib/recharging-entity-0.0.1.jar!/kr/co/kevit/localcsms/recharger/entity/dao/mr/recharging_sql.xml]'
2026-03-27 16:10:20 [main] DEBUG o.m.spring.SqlSessionFactoryBean debug 49 
 - Parsed mapper file: 'URL [jar:file:/C:/Users/KEVIT/git/local-csms/localcsms/web/admin-web/target/evAdmin.jar!/BOOT-INF/lib/recharging-entity-0.0.1.jar!/kr/co/kevit/localcsms/recharger/entity/dao/mr/reservation_sql.xml]'
2026-03-27 16:10:20 [main] DEBUG o.m.spring.SqlSessionFactoryBean debug 49 
 - Parsed mapper file: 'URL [jar:file:/C:/Users/KEVIT/git/local-csms/localcsms/web/admin-web/target/evAdmin.jar!/BOOT-INF/lib/certificate-entity-0.0.1.jar!/kr/co/kevit/localcsms/certificate/entity/dao/mr/csCertCrl_sql.xml]'
2026-03-27 16:10:20 [main] DEBUG o.m.spring.SqlSessionFactoryBean debug 49 
 - Parsed mapper file: 'URL [jar:file:/C:/Users/KEVIT/git/local-csms/localcsms/web/admin-web/target/evAdmin.jar!/BOOT-INF/lib/certificate-entity-0.0.1.jar!/kr/co/kevit/localcsms/certificate/entity/dao/mr/csCert_sql.xml]'
2026-03-27 16:10:20 [main] DEBUG o.m.spring.SqlSessionFactoryBean debug 49 
 - Parsed mapper file: 'URL [jar:file:/C:/Users/KEVIT/git/local-csms/localcsms/web/admin-web/target/evAdmin.jar!/BOOT-INF/lib/certificate-entity-0.0.1.jar!/kr/co/kevit/localcsms/certificate/entity/dao/mr/customerCert_sql.xml]'
2026-03-27 16:10:20 [main] DEBUG o.m.spring.SqlSessionFactoryBean debug 49 
 - Parsed mapper file: 'URL [jar:file:/C:/Users/KEVIT/git/local-csms/localcsms/web/admin-web/target/evAdmin.jar!/BOOT-INF/lib/system-entity-0.0.1.jar!/kr/co/kevit/localcsms/system/entity/dao/mr/daemonAccess_sql.xml]'
2026-03-27 16:10:20 [main] DEBUG o.m.spring.SqlSessionFactoryBean debug 49 
 - Parsed mapper file: 'URL [jar:file:/C:/Users/KEVIT/git/local-csms/localcsms/web/admin-web/target/evAdmin.jar!/BOOT-INF/lib/system-entity-0.0.1.jar!/kr/co/kevit/localcsms/system/entity/dao/mr/remoteLog_sql.xml]'
2026-03-27 16:10:20 [main] DEBUG o.s.b.f.s.DefaultListableBeanFactory getSingleton 225 
 - Creating shared instance of singleton bean 'dataSourceScriptDatabaseInitializer'
2026-03-27 16:10:20 [main] DEBUG o.s.b.f.s.DefaultListableBeanFactory getSingleton 225 
 - Creating shared instance of singleton bean 'org.springframework.boot.autoconfigure.sql.init.DataSourceInitializationConfiguration'
2026-03-27 16:10:20 [main] DEBUG o.s.b.f.s.DefaultListableBeanFactory getSingleton 225 
 - Creating shared instance of singleton bean 'spring.sql.init-org.springframework.boot.autoconfigure.sql.init.SqlInitializationProperties'
2026-03-27 16:10:20 [main] DEBUG o.s.b.f.s.DefaultListableBeanFactory registerDependentBeans 952 
 - Autowiring by type from bean name 'dataSourceScriptDatabaseInitializer' via factory method to bean named 'dataSource'
2026-03-27 16:10:20 [main] DEBUG o.s.b.f.s.DefaultListableBeanFactory registerDependentBeans 952 
 - Autowiring by type from bean name 'dataSourceScriptDatabaseInitializer' via factory method to bean named 'spring.sql.init-org.springframework.boot.autoconfigure.sql.init.SqlInitializationProperties'
2026-03-27 16:10:20 [main] DEBUG o.s.b.f.s.DefaultListableBeanFactory getSingleton 225 
 - Creating shared instance of singleton bean 'sqlSessionTemplate'
2026-03-27 16:10:20 [main] DEBUG o.s.b.f.s.DefaultListableBeanFactory registerDependentBeans 952 
 - Autowiring by type from bean name 'sqlSessionTemplate' via factory method to bean named 'sqlSessionFactory'
2026-03-27 16:10:20 [main] DEBUG o.s.s.a.m.DelegatingMethodSecurityMetadataSource getAttributes 76 
 - Caching method [CacheKey[kr.co.kevit.localcsms.adminweb.controller.certificate.CsCertController; public java.lang.String kr.co.kevit.localcsms.adminweb.controller.certificate.CsCertController.csCert(javax.servlet.http.HttpServletRequest)]] with attributes [ROLE_OPER, ROLE_ADMIN]
2026-03-27 16:10:20 [main] DEBUG o.s.b.f.s.DefaultListableBeanFactory getSingleton 225 
 - Creating shared instance of singleton bean 'methodSecurityInterceptor'
2026-03-27 16:10:20 [main] DEBUG o.s.b.f.s.DefaultListableBeanFactory registerDependentBeans 952 
 - Autowiring by type from bean name 'methodSecurityInterceptor' via factory method to bean named 'methodSecurityMetadataSource'
2026-03-27 16:10:20 [main] DEBUG o.s.b.f.s.DefaultListableBeanFactory getSingleton 225 
 - Creating shared instance of singleton bean 'customerCertController'
2026-03-27 16:10:20 [main] DEBUG o.s.s.a.m.DelegatingMethodSecurityMetadataSource getAttributes 76 
 - Caching method [CacheKey[kr.co.kevit.localcsms.adminweb.controller.certificate.CustomerCertController; public java.lang.String kr.co.kevit.localcsms.adminweb.controller.certificate.CustomerCertController.customerCert(javax.servlet.http.HttpServletRequest)]] with attributes [ROLE_OPER, ROLE_ADMIN]
2026-03-27 16:10:20 [main] DEBUG o.s.b.f.s.DefaultListableBeanFactory getSingleton 225 
 - Creating shared instance of singleton bean 'breakdownController'
2026-03-27 16:10:20 [main] DEBUG o.s.s.a.m.DelegatingMethodSecurityMetadataSource getAttributes 76 
 - Caching method [CacheKey[kr.co.kevit.localcsms.adminweb.controller.charger.BreakdownController; public java.lang.String kr.co.kevit.localcsms.adminweb.controller.charger.BreakdownController.breakdownCreate(javax.servlet.http.HttpServletRequest)]] with attributes [ROLE_OPER, ROLE_ADMIN]
2026-03-27 16:10:20 [main] DEBUG o.s.s.a.m.DelegatingMethodSecurityMetadataSource getAttributes 76 
 - Caching method [CacheKey[kr.co.kevit.localcsms.adminweb.controller.charger.BreakdownController; public org.springframework.web.servlet.ModelAndView kr.co.kevit.localcsms.adminweb.controller.charger.BreakdownController.breakdownDetail(javax.servlet.http.HttpServletRequest,java.lang.String)]] with attributes [ROLE_OPER, ROLE_ADMIN]
2026-03-27 16:10:20 [main] DEBUG o.s.s.a.m.DelegatingMethodSecurityMetadataSource getAttributes 76 
 - Caching method [CacheKey[kr.co.kevit.localcsms.adminweb.controller.charger.BreakdownController; public java.lang.String kr.co.kevit.localcsms.adminweb.controller.charger.BreakdownController.breakdownList(javax.servlet.http.HttpServletRequest)]] with attributes [ROLE_OPER, ROLE_ADMIN]
2026-03-27 16:10:20 [main] DEBUG o.s.b.f.s.DefaultListableBeanFactory getSingleton 225 
 - Creating shared instance of singleton bean 'chargePointController'
2026-03-27 16:10:20 [main] DEBUG o.s.s.a.m.DelegatingMethodSecurityMetadataSource getAttributes 76 
 - Caching method [CacheKey[kr.co.kevit.localcsms.adminweb.controller.charger.ChargePointController; public org.springframework.web.servlet.ModelAndView kr.co.kevit.localcsms.adminweb.controller.charger.ChargePointController.chargePointDetail(javax.servlet.http.HttpServletRequest,java.lang.String)]] with attributes [ROLE_OPER, ROLE_ADMIN]
2026-03-27 16:10:20 [main] DEBUG o.s.s.a.m.DelegatingMethodSecurityMetadataSource getAttributes 76 
 - Caching method [CacheKey[kr.co.kevit.localcsms.adminweb.controller.charger.ChargePointController; public org.springframework.web.servlet.ModelAndView kr.co.kevit.localcsms.adminweb.controller.charger.ChargePointController.chargePointRead(javax.servlet.http.HttpServletRequest,java.lang.String)]] with attributes [ROLE_OPER, ROLE_ADMIN]
2026-03-27 16:10:20 [main] DEBUG o.s.s.a.m.DelegatingMethodSecurityMetadataSource getAttributes 76 
 - Caching method [CacheKey[kr.co.kevit.localcsms.adminweb.controller.charger.ChargePointController; public java.lang.String kr.co.kevit.localcsms.adminweb.controller.charger.ChargePointController.chargePointCreate(javax.servlet.http.HttpServletRequest)]] with attributes [ROLE_OPER, ROLE_ADMIN]
2026-03-27 16:10:20 [main] DEBUG o.s.s.a.m.DelegatingMethodSecurityMetadataSource getAttributes 76 
 - Caching method [CacheKey[kr.co.kevit.localcsms.adminweb.controller.charger.ChargePointController; public java.lang.String kr.co.kevit.localcsms.adminweb.controller.charger.ChargePointController.chargePointList(javax.servlet.http.HttpServletRequest)]] with attributes [ROLE_OPER, ROLE_ADMIN]
2026-03-27 16:10:20 [main] DEBUG o.s.b.f.s.DefaultListableBeanFactory getSingleton 225 
 - Creating shared instance of singleton bean 'chargerStatusInfoController'
2026-03-27 16:10:20 [main] DEBUG o.s.s.a.m.DelegatingMethodSecurityMetadataSource getAttributes 76 
 - Caching method [CacheKey[kr.co.kevit.localcsms.adminweb.controller.charger.ChargerStatusInfoController; public java.lang.String kr.co.kevit.localcsms.adminweb.controller.charger.ChargerStatusInfoController.chargerStatusList(javax.servlet.http.HttpServletRequest)]] with attributes [ROLE_OPER, ROLE_ADMIN]
2026-03-27 16:10:20 [main] DEBUG o.s.s.a.m.DelegatingMethodSecurityMetadataSource getAttributes 76 
 - Caching method [CacheKey[kr.co.kevit.localcsms.adminweb.controller.charger.ChargerStatusInfoController; public java.lang.String kr.co.kevit.localcsms.adminweb.controller.charger.ChargerStatusInfoController.fmwVersion(javax.servlet.http.HttpServletRequest)]] with attributes [ROLE_OPER, ROLE_ADMIN]
2026-03-27 16:10:20 [main] DEBUG o.s.b.f.s.DefaultListableBeanFactory getSingleton 225 
 - Creating shared instance of singleton bean 'chargerStatusLogController'
2026-03-27 16:10:20 [main] DEBUG o.s.s.a.m.DelegatingMethodSecurityMetadataSource getAttributes 76 
 - Caching method [CacheKey[kr.co.kevit.localcsms.adminweb.controller.charger.ChargerStatusLogController; public org.springframework.web.servlet.ModelAndView kr.co.kevit.localcsms.adminweb.controller.charger.ChargerStatusLogController.statusLogList(javax.servlet.http.HttpServletRequest,java.lang.String)]] with attributes [ROLE_ADMIN, ROLE_OPER]
2026-03-27 16:10:20 [main] DEBUG o.s.b.f.s.DefaultListableBeanFactory getSingleton 225 
 - Creating shared instance of singleton bean 'chargingProfileController'
2026-03-27 16:10:20 [main] DEBUG o.s.s.a.m.DelegatingMethodSecurityMetadataSource getAttributes 76 
 - Caching method [CacheKey[kr.co.kevit.localcsms.adminweb.controller.charger.ChargingProfileController; public org.springframework.web.servlet.ModelAndView kr.co.kevit.localcsms.adminweb.controller.charger.ChargingProfileController.detail(javax.servlet.http.HttpServletRequest,java.lang.Integer,java.lang.String,java.lang.String,java.lang.String)]] with attributes [ROLE_ADMIN, ROLE_OPER]
2026-03-27 16:10:20 [main] DEBUG o.s.s.a.m.DelegatingMethodSecurityMetadataSource getAttributes 76 
 - Caching method [CacheKey[kr.co.kevit.localcsms.adminweb.controller.charger.ChargingProfileController; public org.springframework.web.servlet.ModelAndView kr.co.kevit.localcsms.adminweb.controller.charger.ChargingProfileController.list(javax.servlet.http.HttpServletRequest,java.lang.String,java.lang.String)]] with attributes [ROLE_ADMIN, ROLE_OPER]
2026-03-27 16:10:20 [main] DEBUG o.s.b.f.s.DefaultListableBeanFactory getSingleton 225 
 - Creating shared instance of singleton bean 'chargingStationController'
2026-03-27 16:10:20 [main] DEBUG o.s.s.a.m.DelegatingMethodSecurityMetadataSource getAttributes 76 
 - Caching method [CacheKey[kr.co.kevit.localcsms.adminweb.controller.charger.ChargingStationController; public java.lang.String kr.co.kevit.localcsms.adminweb.controller.charger.ChargingStationController.chargingStationCreate(javax.servlet.http.HttpServletRequest)]] with attributes [ROLE_ADMIN, ROLE_OPER]
2026-03-27 16:10:20 [main] DEBUG o.s.s.a.m.DelegatingMethodSecurityMetadataSource getAttributes 76 
 - Caching method [CacheKey[kr.co.kevit.localcsms.adminweb.controller.charger.ChargingStationController; public java.lang.String kr.co.kevit.localcsms.adminweb.controller.charger.ChargingStationController.chargingStationList(javax.servlet.http.HttpServletRequest)]] with attributes [ROLE_CHGR_BAILOR, ROLE_OPER, ROLE_ADMIN]
2026-03-27 16:10:20 [main] DEBUG o.s.s.a.m.DelegatingMethodSecurityMetadataSource getAttributes 76 
 - Caching method [CacheKey[kr.co.kevit.localcsms.adminweb.controller.charger.ChargingStationController; public org.springframework.web.servlet.ModelAndView kr.co.kevit.localcsms.adminweb.controller.charger.ChargingStationController.chargingStationDetail(javax.servlet.http.HttpServletRequest,java.lang.String,java.lang.String)]] with attributes [ROLE_ADMIN, ROLE_OPER]
2026-03-27 16:10:20 [main] DEBUG o.s.b.f.s.DefaultListableBeanFactory getSingleton 225 
 - Creating shared instance of singleton bean 'CSCmdController'
2026-03-27 16:10:20 [main] DEBUG o.s.s.a.m.DelegatingMethodSecurityMetadataSource getAttributes 76 
 - Caching method [CacheKey[kr.co.kevit.localcsms.adminweb.controller.charger.CSCmdController; public java.lang.String kr.co.kevit.localcsms.adminweb.controller.charger.CSCmdController.control(javax.servlet.http.HttpServletRequest)]] with attributes [ROLE_OPER, ROLE_ADMIN]
2026-03-27 16:10:20 [main] DEBUG o.s.s.a.m.DelegatingMethodSecurityMetadataSource getAttributes 76 
 - Caching method [CacheKey[kr.co.kevit.localcsms.adminweb.controller.charger.CSCmdController; public java.lang.String kr.co.kevit.localcsms.adminweb.controller.charger.CSCmdController.kev001Control(javax.servlet.http.HttpServletRequest,java.lang.String)]] with attributes [ROLE_OPER, ROLE_ADMIN]
2026-03-27 16:10:20 [main] DEBUG o.s.s.a.m.DelegatingMethodSecurityMetadataSource getAttributes 76 
 - Caching method [CacheKey[kr.co.kevit.localcsms.adminweb.controller.charger.CSCmdController; public java.lang.String kr.co.kevit.localcsms.adminweb.controller.charger.CSCmdController.devControl(javax.servlet.http.HttpServletRequest)]] with attributes [ROLE_OPER, ROLE_ADMIN]
2026-03-27 16:10:20 [main] DEBUG o.s.b.f.s.DefaultListableBeanFactory getSingleton 225 
 - Creating shared instance of singleton bean 'csConfigurationController'
2026-03-27 16:10:20 [main] DEBUG o.s.s.a.m.DelegatingMethodSecurityMetadataSource getAttributes 76 
 - Caching method [CacheKey[kr.co.kevit.localcsms.adminweb.controller.charger.CsConfigurationController; public org.springframework.web.servlet.ModelAndView kr.co.kevit.localcsms.adminweb.controller.charger.CsConfigurationController.csConfigurationList(javax.servlet.http.HttpServletRequest,java.lang.String,java.lang.String)]] with attributes [ROLE_ADMIN, ROLE_OPER]
2026-03-27 16:10:20 [main] DEBUG o.s.b.f.s.DefaultListableBeanFactory getSingleton 225 
 - Creating shared instance of singleton bean 'CSDrCmdController'
2026-03-27 16:10:20 [main] DEBUG o.s.b.f.s.DefaultListableBeanFactory getSingleton 225 
 - Creating shared instance of singleton bean 'csVariableController'
2026-03-27 16:10:20 [main] DEBUG o.s.s.a.m.DelegatingMethodSecurityMetadataSource getAttributes 76 
 - Caching method [CacheKey[kr.co.kevit.localcsms.adminweb.controller.charger.CsVariableController; public org.springframework.web.servlet.ModelAndView kr.co.kevit.localcsms.adminweb.controller.charger.CsVariableController.csVariableList(javax.servlet.http.HttpServletRequest,java.lang.String,java.lang.String)]] with attributes [ROLE_ADMIN, ROLE_OPER]
2026-03-27 16:10:20 [main] DEBUG o.s.b.f.s.DefaultListableBeanFactory getSingleton 225 
 - Creating shared instance of singleton bean 'displayMessageController'
2026-03-27 16:10:20 [main] DEBUG o.s.s.a.m.DelegatingMethodSecurityMetadataSource getAttributes 76 
 - Caching method [CacheKey[kr.co.kevit.localcsms.adminweb.controller.charger.DisplayMessageController; public org.springframework.web.servlet.ModelAndView kr.co.kevit.localcsms.adminweb.controller.charger.DisplayMessageController.detail(javax.servlet.http.HttpServletRequest,java.lang.Integer,java.lang.String,java.lang.String,java.lang.String)]] with attributes [ROLE_ADMIN, ROLE_OPER]
2026-03-27 16:10:20 [main] DEBUG o.s.s.a.m.DelegatingMethodSecurityMetadataSource getAttributes 76 
 - Caching method [CacheKey[kr.co.kevit.localcsms.adminweb.controller.charger.DisplayMessageController; public org.springframework.web.servlet.ModelAndView kr.co.kevit.localcsms.adminweb.controller.charger.DisplayMessageController.list(javax.servlet.http.HttpServletRequest,java.lang.String,java.lang.String)]] with attributes [ROLE_ADMIN, ROLE_OPER]
2026-03-27 16:10:20 [main] DEBUG o.s.b.f.s.DefaultListableBeanFactory getSingleton 225 
 - Creating shared instance of singleton bean 'localCustomerController'
2026-03-27 16:10:20 [main] DEBUG o.s.s.a.m.DelegatingMethodSecurityMetadataSource getAttributes 76 
 - Caching method [CacheKey[kr.co.kevit.localcsms.adminweb.controller.charger.LocalCustomerController; public org.springframework.web.servlet.ModelAndView kr.co.kevit.localcsms.adminweb.controller.charger.LocalCustomerController.detail(javax.servlet.http.HttpServletRequest,java.lang.String,java.lang.String)]] with attributes [ROLE_ADMIN, ROLE_OPER]
2026-03-27 16:10:20 [main] DEBUG o.s.s.a.m.DelegatingMethodSecurityMetadataSource getAttributes 76 
 - Caching method [CacheKey[kr.co.kevit.localcsms.adminweb.controller.charger.LocalCustomerController; public org.springframework.web.servlet.ModelAndView kr.co.kevit.localcsms.adminweb.controller.charger.LocalCustomerController.list(javax.servlet.http.HttpServletRequest)]] with attributes [ROLE_ADMIN, ROLE_OPER]
2026-03-27 16:10:20 [main] DEBUG o.s.b.f.s.DefaultListableBeanFactory getSingleton 225 
 - Creating shared instance of singleton bean 'chargerControlController'
2026-03-27 16:10:20 [main] DEBUG o.s.s.a.m.DelegatingMethodSecurityMetadataSource getAttributes 76 
 - Caching method [CacheKey[kr.co.kevit.localcsms.adminweb.controller.ChargerControlController; public java.lang.String kr.co.kevit.localcsms.adminweb.controller.ChargerControlController.ocpp16ControlPage(javax.servlet.http.HttpServletRequest)]] with attributes [ROLE_ADMIN, ROLE_OPER]
2026-03-27 16:10:20 [main] DEBUG o.s.b.f.s.DefaultListableBeanFactory getSingleton 225 
 - Creating shared instance of singleton bean 'customerCardController'
2026-03-27 16:10:20 [main] DEBUG o.s.s.a.m.DelegatingMethodSecurityMetadataSource getAttributes 76 
 - Caching method [CacheKey[kr.co.kevit.localcsms.adminweb.controller.customer.CustomerCardController; public java.lang.String kr.co.kevit.localcsms.adminweb.controller.customer.CustomerCardController.customerCardList(javax.servlet.http.HttpServletRequest)]] with attributes [ROLE_OPER, ROLE_ADMIN]
2026-03-27 16:10:20 [main] DEBUG o.s.b.f.s.DefaultListableBeanFactory getSingleton 225 
 - Creating shared instance of singleton bean 'customerController'
2026-03-27 16:10:20 [main] DEBUG o.s.s.a.m.DelegatingMethodSecurityMetadataSource getAttributes 76 
 - Caching method [CacheKey[kr.co.kevit.localcsms.adminweb.controller.customer.CustomerController; public java.lang.String kr.co.kevit.localcsms.adminweb.controller.customer.CustomerController.customerCreate(javax.servlet.http.HttpServletRequest)]] with attributes [ROLE_OPER, ROLE_ADMIN]
2026-03-27 16:10:20 [main] DEBUG o.s.s.a.m.DelegatingMethodSecurityMetadataSource getAttributes 76 
 - Caching method [CacheKey[kr.co.kevit.localcsms.adminweb.controller.customer.CustomerController; public java.lang.String kr.co.kevit.localcsms.adminweb.controller.customer.CustomerController.customerList(javax.servlet.http.HttpServletRequest)]] with attributes [ROLE_OPER, ROLE_ADMIN]
2026-03-27 16:10:20 [main] DEBUG o.s.s.a.m.DelegatingMethodSecurityMetadataSource getAttributes 76 
 - Caching method [CacheKey[kr.co.kevit.localcsms.adminweb.controller.customer.CustomerController; public org.springframework.web.servlet.ModelAndView kr.co.kevit.localcsms.adminweb.controller.customer.CustomerController.customerDetail(javax.servlet.http.HttpServletRequest,java.lang.String)]] with attributes [ROLE_OPER, ROLE_ADMIN]
2026-03-27 16:10:20 [main] DEBUG o.s.b.f.s.DefaultListableBeanFactory getSingleton 225 
 - Creating shared instance of singleton bean 'reCustomerCardController'
2026-03-27 16:10:20 [main] DEBUG o.s.s.a.m.DelegatingMethodSecurityMetadataSource getAttributes 76 
 - Caching method [CacheKey[kr.co.kevit.localcsms.adminweb.controller.customer.ReCustomerCardController; public java.lang.String kr.co.kevit.localcsms.adminweb.controller.customer.ReCustomerCardController.customerCardList(javax.servlet.http.HttpServletRequest)]] with attributes [ROLE_OPER, ROLE_ADMIN]
2026-03-27 16:10:20 [main] DEBUG o.s.b.f.s.DefaultListableBeanFactory getSingleton 225 
 - Creating shared instance of singleton bean 'loginController'
2026-03-27 16:10:20 [main] DEBUG o.s.b.f.s.DefaultListableBeanFactory getSingleton 225 
 - Creating shared instance of singleton bean 'mainController'
2026-03-27 16:10:20 [main] DEBUG o.s.b.f.s.DefaultListableBeanFactory getSingleton 225 
 - Creating shared instance of singleton bean 'menuServiceImpl'
2026-03-27 16:10:20 [main] DEBUG o.s.b.f.s.DefaultListableBeanFactory getSingleton 225 
 - Creating shared instance of singleton bean 'menuProviderImpl'
2026-03-27 16:10:20 [main] DEBUG o.s.b.f.s.DefaultListableBeanFactory getSingleton 225 
 - Creating shared instance of singleton bean 'menuMapper'
2026-03-27 16:10:20 [main] DEBUG o.s.b.f.s.DefaultListableBeanFactory getSingleton 225 
 - Creating shared instance of singleton bean 'employeeServiceImpl'
2026-03-27 16:10:20 [main] DEBUG o.s.b.f.s.DefaultListableBeanFactory getSingleton 225 
 - Creating shared instance of singleton bean 'employeeProviderImpl'
2026-03-27 16:10:20 [main] DEBUG o.s.b.f.s.DefaultListableBeanFactory getSingleton 225 
 - Creating shared instance of singleton bean 'employeeMapper'
2026-03-27 16:10:20 [main] DEBUG o.s.b.f.s.DefaultListableBeanFactory getSingleton 225 
 - Creating shared instance of singleton bean 'userExtProcessImpl'
2026-03-27 16:10:20 [main] DEBUG o.s.b.f.s.DefaultListableBeanFactory getSingleton 225 
 - Creating shared instance of singleton bean 'userProviderImpl'
2026-03-27 16:10:20 [main] DEBUG o.s.b.f.s.DefaultListableBeanFactory getSingleton 225 
 - Creating shared instance of singleton bean 'userMapper'
2026-03-27 16:10:20 [main] DEBUG o.s.b.f.s.DefaultListableBeanFactory getSingleton 225 
 - Creating shared instance of singleton bean 'roleAuthorityMapper'
2026-03-27 16:10:20 [main] DEBUG o.s.b.f.s.DefaultListableBeanFactory getSingleton 225 
 - Creating shared instance of singleton bean 'roleAuthorityProviderImpl'
2026-03-27 16:10:20 [main] DEBUG o.s.b.f.s.DefaultListableBeanFactory getSingleton 225 
 - Creating shared instance of singleton bean 'companyExtProcessImpl'
2026-03-27 16:10:20 [main] DEBUG o.s.b.f.s.DefaultListableBeanFactory getSingleton 225 
 - Creating shared instance of singleton bean 'companyProviderImpl'
2026-03-27 16:10:20 [main] DEBUG o.s.b.f.s.DefaultListableBeanFactory getSingleton 225 
 - Creating shared instance of singleton bean 'companyMapper'
2026-03-27 16:10:20 [main] DEBUG o.s.b.f.s.DefaultListableBeanFactory getSingleton 225 
 - Creating shared instance of singleton bean 'cryptoKeyProviderImpl'
2026-03-27 16:10:20 [main] DEBUG o.s.b.f.s.DefaultListableBeanFactory getSingleton 225 
 - Creating shared instance of singleton bean 'cryptoKeyMapper'
2026-03-27 16:10:20 [main] DEBUG o.s.s.a.m.DelegatingMethodSecurityMetadataSource getAttributes 76 
 - Caching method [CacheKey[kr.co.kevit.localcsms.adminweb.controller.MainController; public org.springframework.web.servlet.ModelAndView kr.co.kevit.localcsms.adminweb.controller.MainController.mainOperation()]] with attributes [ROLE_OPER]
2026-03-27 16:10:20 [main] DEBUG o.s.s.a.m.DelegatingMethodSecurityMetadataSource getAttributes 76 
 - Caching method [CacheKey[kr.co.kevit.localcsms.adminweb.controller.MainController; public org.springframework.web.servlet.ModelAndView kr.co.kevit.localcsms.adminweb.controller.MainController.mainAdmin()]] with attributes [ROLE_ADMIN]
2026-03-27 16:10:20 [main] DEBUG o.s.b.f.s.DefaultListableBeanFactory getSingleton 225 
 - Creating shared instance of singleton bean 'companyController'
2026-03-27 16:10:20 [main] DEBUG o.s.s.a.m.DelegatingMethodSecurityMetadataSource getAttributes 76 
 - Caching method [CacheKey[kr.co.kevit.localcsms.adminweb.controller.organization.CompanyController; public java.lang.String kr.co.kevit.localcsms.adminweb.controller.organization.CompanyController.companyList(javax.servlet.http.HttpServletRequest)]] with attributes [ROLE_OPER, ROLE_ADMIN]
2026-03-27 16:10:20 [main] DEBUG o.s.s.a.m.DelegatingMethodSecurityMetadataSource getAttributes 76 
 - Caching method [CacheKey[kr.co.kevit.localcsms.adminweb.controller.organization.CompanyController; public org.springframework.web.servlet.ModelAndView kr.co.kevit.localcsms.adminweb.controller.organization.CompanyController.companyDetail(javax.servlet.http.HttpServletRequest,java.lang.String)]] with attributes [ROLE_OPER, ROLE_ADMIN]
2026-03-27 16:10:20 [main] DEBUG o.s.s.a.m.DelegatingMethodSecurityMetadataSource getAttributes 76 
 - Caching method [CacheKey[kr.co.kevit.localcsms.adminweb.controller.organization.CompanyController; public java.lang.String kr.co.kevit.localcsms.adminweb.controller.organization.CompanyController.companyCreate(javax.servlet.http.HttpServletRequest)]] with attributes [ROLE_OPER, ROLE_ADMIN]
2026-03-27 16:10:20 [main] DEBUG o.s.b.f.s.DefaultListableBeanFactory getSingleton 225 
 - Creating shared instance of singleton bean 'employeeController'
2026-03-27 16:10:20 [main] DEBUG o.s.s.a.m.DelegatingMethodSecurityMetadataSource getAttributes 76 
 - Caching method [CacheKey[kr.co.kevit.localcsms.adminweb.controller.organization.EmployeeController; public org.springframework.web.servlet.ModelAndView kr.co.kevit.localcsms.adminweb.controller.organization.EmployeeController.employeeDetail(javax.servlet.http.HttpServletRequest,java.lang.String,java.lang.String)]] with attributes [ROLE_OPER, ROLE_ADMIN]
2026-03-27 16:10:20 [main] DEBUG o.s.s.a.m.DelegatingMethodSecurityMetadataSource getAttributes 76 
 - Caching method [CacheKey[kr.co.kevit.localcsms.adminweb.controller.organization.EmployeeController; public java.lang.String kr.co.kevit.localcsms.adminweb.controller.organization.EmployeeController.employeeList(javax.servlet.http.HttpServletRequest)]] with attributes [ROLE_OPER, ROLE_ADMIN]
2026-03-27 16:10:20 [main] DEBUG o.s.s.a.m.DelegatingMethodSecurityMetadataSource getAttributes 76 
 - Caching method [CacheKey[kr.co.kevit.localcsms.adminweb.controller.organization.EmployeeController; public java.lang.String kr.co.kevit.localcsms.adminweb.controller.organization.EmployeeController.employeeCreate(javax.servlet.http.HttpServletRequest)]] with attributes [ROLE_OPER, ROLE_ADMIN]
2026-03-27 16:10:20 [main] DEBUG o.s.b.f.s.DefaultListableBeanFactory getSingleton 225 
 - Creating shared instance of singleton bean 'productController'
2026-03-27 16:10:20 [main] DEBUG o.s.s.a.m.DelegatingMethodSecurityMetadataSource getAttributes 76 
 - Caching method [CacheKey[kr.co.kevit.localcsms.adminweb.controller.product.ProductController; public java.lang.String kr.co.kevit.localcsms.adminweb.controller.product.ProductController.productList(javax.servlet.http.HttpServletRequest)]] with attributes [ROLE_ADMIN, ROLE_OPER]
2026-03-27 16:10:20 [main] DEBUG o.s.s.a.m.DelegatingMethodSecurityMetadataSource getAttributes 76 
 - Caching method [CacheKey[kr.co.kevit.localcsms.adminweb.controller.product.ProductController; public org.springframework.web.servlet.ModelAndView kr.co.kevit.localcsms.adminweb.controller.product.ProductController.productDetail(javax.servlet.http.HttpServletRequest,java.lang.String)]] with attributes [ROLE_ADMIN, ROLE_OPER]
2026-03-27 16:10:20 [main] DEBUG o.s.b.f.s.DefaultListableBeanFactory getSingleton 225 
 - Creating shared instance of singleton bean 'rechargingController'
2026-03-27 16:10:20 [main] DEBUG o.s.s.a.m.DelegatingMethodSecurityMetadataSource getAttributes 76 
 - Caching method [CacheKey[kr.co.kevit.localcsms.adminweb.controller.recharging.RechargingController; public java.lang.String kr.co.kevit.localcsms.adminweb.controller.recharging.RechargingController.rechargingCustomerList(javax.servlet.http.HttpServletRequest)]] with attributes [ROLE_ADMIN, ROLE_OPER, ROLE_CO_USER]
2026-03-27 16:10:20 [main] DEBUG o.s.s.a.m.DelegatingMethodSecurityMetadataSource getAttributes 76 
 - Caching method [CacheKey[kr.co.kevit.localcsms.adminweb.controller.recharging.RechargingController; public java.lang.String kr.co.kevit.localcsms.adminweb.controller.recharging.RechargingController.rechargingAdjustmentList(javax.servlet.http.HttpServletRequest)]] with attributes [ROLE_ADMIN, ROLE_OPER, ROLE_ADJUST]
2026-03-27 16:10:20 [main] DEBUG o.s.s.a.m.DelegatingMethodSecurityMetadataSource getAttributes 76 
 - Caching method [CacheKey[kr.co.kevit.localcsms.adminweb.controller.recharging.RechargingController; public java.lang.String kr.co.kevit.localcsms.adminweb.controller.recharging.RechargingController.rechargingList(javax.servlet.http.HttpServletRequest)]] with attributes [ROLE_ADMIN, ROLE_OPER]
2026-03-27 16:10:20 [main] DEBUG o.s.b.f.s.DefaultListableBeanFactory getSingleton 225 
 - Creating shared instance of singleton bean 'reservationController'
2026-03-27 16:10:20 [main] DEBUG o.s.s.a.m.DelegatingMethodSecurityMetadataSource getAttributes 76 
 - Caching method [CacheKey[kr.co.kevit.localcsms.adminweb.controller.recharging.ReservationController; public java.lang.String kr.co.kevit.localcsms.adminweb.controller.recharging.ReservationController.reservationDetail(javax.servlet.http.HttpServletRequest)]] with attributes [ROLE_ADMIN, ROLE_OPER]
2026-03-27 16:10:20 [main] DEBUG o.s.s.a.m.DelegatingMethodSecurityMetadataSource getAttributes 76 
 - Caching method [CacheKey[kr.co.kevit.localcsms.adminweb.controller.recharging.ReservationController; public java.lang.String kr.co.kevit.localcsms.adminweb.controller.recharging.ReservationController.reservationList(javax.servlet.http.HttpServletRequest)]] with attributes [ROLE_ADMIN, ROLE_OPER]
2026-03-27 16:10:20 [main] DEBUG o.s.b.f.s.DefaultListableBeanFactory getSingleton 225 
 - Creating shared instance of singleton bean 'stationExcepController'
2026-03-27 16:10:20 [main] DEBUG o.s.s.a.m.DelegatingMethodSecurityMetadataSource getAttributes 76 
 - Caching method [CacheKey[kr.co.kevit.localcsms.adminweb.controller.recharging.StationExcepController; public java.lang.String kr.co.kevit.localcsms.adminweb.controller.recharging.StationExcepController.reservationExceptionList(javax.servlet.http.HttpServletRequest)]] with attributes [ROLE_ADMIN, ROLE_OPER]
2026-03-27 16:10:20 [main] DEBUG o.s.s.a.m.DelegatingMethodSecurityMetadataSource getAttributes 76 
 - Caching method [CacheKey[kr.co.kevit.localcsms.adminweb.controller.recharging.StationExcepController; public java.lang.String kr.co.kevit.localcsms.adminweb.controller.recharging.StationExcepController.reservationList(javax.servlet.http.HttpServletRequest)]] with attributes [ROLE_ADMIN, ROLE_OPER]
2026-03-27 16:10:20 [main] DEBUG o.s.b.f.s.DefaultListableBeanFactory getSingleton 225 
 - Creating shared instance of singleton bean 'accessLogController'
2026-03-27 16:10:20 [main] DEBUG o.s.s.a.m.DelegatingMethodSecurityMetadataSource getAttributes 76 
 - Caching method [CacheKey[kr.co.kevit.localcsms.adminweb.controller.system.AccessLogController; public java.lang.String kr.co.kevit.localcsms.adminweb.controller.system.AccessLogController.accessLog(javax.servlet.http.HttpServletRequest)]] with attributes [ROLE_ADMIN]
2026-03-27 16:10:20 [main] DEBUG o.s.b.f.s.DefaultListableBeanFactory getSingleton 225 
 - Creating shared instance of singleton bean 'authorityController'
2026-03-27 16:10:20 [main] DEBUG o.s.s.a.m.DelegatingMethodSecurityMetadataSource getAttributes 76 
 - Caching method [CacheKey[kr.co.kevit.localcsms.adminweb.controller.system.AuthorityController; public java.lang.String kr.co.kevit.localcsms.adminweb.controller.system.AuthorityController.unPayment(javax.servlet.http.HttpServletRequest)]] with attributes [ROLE_ADMIN]
2026-03-27 16:10:20 [main] DEBUG o.s.b.f.s.DefaultListableBeanFactory getSingleton 225 
 - Creating shared instance of singleton bean 'carModelController'
2026-03-27 16:10:20 [main] DEBUG o.s.s.a.m.DelegatingMethodSecurityMetadataSource getAttributes 76 
 - Caching method [CacheKey[kr.co.kevit.localcsms.adminweb.controller.system.CarModelController; public java.lang.String kr.co.kevit.localcsms.adminweb.controller.system.CarModelController.carModelList(javax.servlet.http.HttpServletRequest)]] with attributes [ROLE_ADMIN, ROLE_OPER]
2026-03-27 16:10:20 [main] DEBUG o.s.s.a.m.DelegatingMethodSecurityMetadataSource getAttributes 76 
 - Caching method [CacheKey[kr.co.kevit.localcsms.adminweb.controller.system.CarModelController; public java.lang.String kr.co.kevit.localcsms.adminweb.controller.system.CarModelController.carModelCreate(javax.servlet.http.HttpServletRequest)]] with attributes [ROLE_ADMIN, ROLE_OPER]
2026-03-27 16:10:20 [main] DEBUG o.s.s.a.m.DelegatingMethodSecurityMetadataSource getAttributes 76 
 - Caching method [CacheKey[kr.co.kevit.localcsms.adminweb.controller.system.CarModelController; public org.springframework.web.servlet.ModelAndView kr.co.kevit.localcsms.adminweb.controller.system.CarModelController.carModelDetail(javax.servlet.http.HttpServletRequest,java.lang.String)]] with attributes [ROLE_ADMIN, ROLE_OPER]
2026-03-27 16:10:20 [main] DEBUG o.s.b.f.s.DefaultListableBeanFactory getSingleton 225 
 - Creating shared instance of singleton bean 'commonCodeController'
2026-03-27 16:10:20 [main] DEBUG o.s.s.a.m.DelegatingMethodSecurityMetadataSource getAttributes 76 
 - Caching method [CacheKey[kr.co.kevit.localcsms.adminweb.controller.system.CommonCodeController; public java.lang.String kr.co.kevit.localcsms.adminweb.controller.system.CommonCodeController.commonCodeDetail(javax.servlet.http.HttpServletRequest)]] with attributes [ROLE_ADMIN, ROLE_OPER]
2026-03-27 16:10:20 [main] DEBUG o.s.s.a.m.DelegatingMethodSecurityMetadataSource getAttributes 76 
 - Caching method [CacheKey[kr.co.kevit.localcsms.adminweb.controller.system.CommonCodeController; public java.lang.String kr.co.kevit.localcsms.adminweb.controller.system.CommonCodeController.commonCodeList(javax.servlet.http.HttpServletRequest)]] with attributes [ROLE_ADMIN, ROLE_OPER]
2026-03-27 16:10:20 [main] DEBUG o.s.b.f.s.DefaultListableBeanFactory getSingleton 225 
 - Creating shared instance of singleton bean 'consultCodeController'
2026-03-27 16:10:20 [main] DEBUG o.s.s.a.m.DelegatingMethodSecurityMetadataSource getAttributes 76 
 - Caching method [CacheKey[kr.co.kevit.localcsms.adminweb.controller.system.ConsultCodeController; public java.lang.String kr.co.kevit.localcsms.adminweb.controller.system.ConsultCodeController.consultCodeList(javax.servlet.http.HttpServletRequest)]] with attributes [ROLE_ADMIN, ROLE_OPER]
2026-03-27 16:10:20 [main] DEBUG o.s.b.f.s.DefaultListableBeanFactory getSingleton 225 
 - Creating shared instance of singleton bean 'menuController'
2026-03-27 16:10:20 [main] DEBUG o.s.s.a.m.DelegatingMethodSecurityMetadataSource getAttributes 76 
 - Caching method [CacheKey[kr.co.kevit.localcsms.adminweb.controller.system.MenuController; public java.lang.String kr.co.kevit.localcsms.adminweb.controller.system.MenuController.menuList(javax.servlet.http.HttpServletRequest)]] with attributes [ROLE_ADMIN, ROLE_OPER]
2026-03-27 16:10:20 [main] DEBUG o.s.s.a.m.DelegatingMethodSecurityMetadataSource getAttributes 76 
 - Caching method [CacheKey[kr.co.kevit.localcsms.adminweb.controller.system.MenuController; public java.lang.String kr.co.kevit.localcsms.adminweb.controller.system.MenuController.menuCreate(javax.servlet.http.HttpServletRequest)]] with attributes [ROLE_ADMIN, ROLE_OPER]
2026-03-27 16:10:20 [main] DEBUG o.s.s.a.m.DelegatingMethodSecurityMetadataSource getAttributes 76 
 - Caching method [CacheKey[kr.co.kevit.localcsms.adminweb.controller.system.MenuController; public org.springframework.web.servlet.ModelAndView kr.co.kevit.localcsms.adminweb.controller.system.MenuController.menuDetail(javax.servlet.http.HttpServletRequest,java.lang.String)]] with attributes [ROLE_ADMIN, ROLE_OPER]
2026-03-27 16:10:20 [main] DEBUG o.s.b.f.s.DefaultListableBeanFactory getSingleton 225 
 - Creating shared instance of singleton bean 'remoteLogController'
2026-03-27 16:10:20 [main] DEBUG o.s.s.a.m.DelegatingMethodSecurityMetadataSource getAttributes 76 
 - Caching method [CacheKey[kr.co.kevit.localcsms.adminweb.controller.system.RemoteLogController; public org.springframework.web.servlet.ModelAndView kr.co.kevit.localcsms.adminweb.controller.system.RemoteLogController.remoteLogList(javax.servlet.http.HttpServletRequest)]] with attributes [ROLE_ADMIN]
2026-03-27 16:10:20 [main] DEBUG o.s.b.f.s.DefaultListableBeanFactory getSingleton 225 
 - Creating shared instance of singleton bean 'csCertResource'
2026-03-27 16:10:20 [main] DEBUG o.s.b.f.s.DefaultListableBeanFactory getSingleton 225 
 - Creating shared instance of singleton bean 'csCertServiceImpl'
2026-03-27 16:10:20 [main] DEBUG o.s.b.f.s.DefaultListableBeanFactory getSingleton 225 
 - Creating shared instance of singleton bean 'csCertProviderImpl'
2026-03-27 16:10:20 [main] DEBUG o.s.b.f.s.DefaultListableBeanFactory getSingleton 225 
 - Creating shared instance of singleton bean 'csCertMapper'
2026-03-27 16:10:20 [main] DEBUG o.s.b.f.s.DefaultListableBeanFactory getSingleton 225 
 - Creating shared instance of singleton bean 'csCertCrlProviderImpl'
2026-03-27 16:10:20 [main] DEBUG o.s.b.f.s.DefaultListableBeanFactory getSingleton 225 
 - Creating shared instance of singleton bean 'csCertCrlMapper'
2026-03-27 16:10:20 [main] DEBUG o.s.s.a.m.DelegatingMethodSecurityMetadataSource getAttributes 76 
 - Caching method [CacheKey[kr.co.kevit.localcsms.adminweb.resource.certificate.CsCertResource; public kr.co.kevit.localcsms.common.util.page.Page kr.co.kevit.localcsms.adminweb.resource.certificate.CsCertResource.searchCsCertList(kr.co.kevit.localcsms.certificate.entity.shared.CsCertSearchCond,javax.servlet.http.HttpServletRequest)]] with attributes [ROLE_OPER, ROLE_ADMIN]
2026-03-27 16:10:20 [main] DEBUG o.s.s.a.m.DelegatingMethodSecurityMetadataSource getAttributes 76 
 - Caching method [CacheKey[kr.co.kevit.localcsms.adminweb.resource.certificate.CsCertResource; public kr.co.kevit.localcsms.certificate.entity.domain.CsCert kr.co.kevit.localcsms.adminweb.resource.certificate.CsCertResource.searchCsCertDetail(java.math.BigInteger,javax.servlet.http.HttpServletRequest)]] with attributes [ROLE_OPER, ROLE_ADMIN]
2026-03-27 16:10:20 [main] DEBUG o.s.b.f.s.DefaultListableBeanFactory getSingleton 225 
 - Creating shared instance of singleton bean 'customerCertResource'
2026-03-27 16:10:20 [main] DEBUG o.s.b.f.s.DefaultListableBeanFactory getSingleton 225 
 - Creating shared instance of singleton bean 'customerCertServiceImpl'
2026-03-27 16:10:20 [main] DEBUG o.s.b.f.s.DefaultListableBeanFactory getSingleton 225 
 - Creating shared instance of singleton bean 'customerCertProviderImpl'
2026-03-27 16:10:20 [main] DEBUG o.s.b.f.s.DefaultListableBeanFactory getSingleton 225 
 - Creating shared instance of singleton bean 'customerCertMapper'
2026-03-27 16:10:20 [main] DEBUG o.s.s.a.m.DelegatingMethodSecurityMetadataSource getAttributes 76 
 - Caching method [CacheKey[kr.co.kevit.localcsms.adminweb.resource.certificate.CustomerCertResource; public kr.co.kevit.localcsms.certificate.entity.domain.CustomerCert kr.co.kevit.localcsms.adminweb.resource.certificate.CustomerCertResource.searchCustomerCertDetail(java.lang.String,javax.servlet.http.HttpServletRequest)]] with attributes [ROLE_OPER, ROLE_ADMIN]
2026-03-27 16:10:20 [main] DEBUG o.s.s.a.m.DelegatingMethodSecurityMetadataSource getAttributes 76 
 - Caching method [CacheKey[kr.co.kevit.localcsms.adminweb.resource.certificate.CustomerCertResource; public kr.co.kevit.localcsms.common.util.page.Page kr.co.kevit.localcsms.adminweb.resource.certificate.CustomerCertResource.searchCustomerCertList(kr.co.kevit.localcsms.certificate.entity.shared.CustomerCertSearchCond,javax.servlet.http.HttpServletRequest)]] with attributes [ROLE_OPER, ROLE_ADMIN]
2026-03-27 16:10:20 [main] DEBUG o.s.b.f.s.DefaultListableBeanFactory getSingleton 225 
 - Creating shared instance of singleton bean 'breakdownResource'
2026-03-27 16:10:20 [main] DEBUG o.s.b.f.s.DefaultListableBeanFactory getSingleton 225 
 - Creating shared instance of singleton bean 'breakdownMgtInfoServiceImpl'
2026-03-27 16:10:20 [main] DEBUG o.s.b.f.s.DefaultListableBeanFactory getSingleton 225 
 - Creating shared instance of singleton bean 'breakdownMgtInfoProviderImpl'
2026-03-27 16:10:20 [main] DEBUG o.s.b.f.s.DefaultListableBeanFactory getSingleton 225 
 - Creating shared instance of singleton bean 'breakdownMgtInfoMapper'
2026-03-27 16:10:20 [main] DEBUG o.s.b.f.s.DefaultListableBeanFactory getSingleton 225 
 - Creating shared instance of singleton bean 'breakdownInfoProviderImpl'
2026-03-27 16:10:20 [main] DEBUG o.s.b.f.s.DefaultListableBeanFactory getSingleton 225 
 - Creating shared instance of singleton bean 'breakdownInfoMapper'
2026-03-27 16:10:20 [main] DEBUG o.s.b.f.s.DefaultListableBeanFactory getSingleton 225 
 - Creating shared instance of singleton bean 'breakdownRepairInfoProviderImpl'
2026-03-27 16:10:20 [main] DEBUG o.s.b.f.s.DefaultListableBeanFactory getSingleton 225 
 - Creating shared instance of singleton bean 'breakdownRepairInfoMapper'
2026-03-27 16:10:20 [main] DEBUG o.s.b.f.s.DefaultListableBeanFactory getSingleton 225 
 - Creating shared instance of singleton bean 'employeeExtProcessImpl'
2026-03-27 16:10:20 [main] DEBUG o.s.b.f.s.DefaultListableBeanFactory getSingleton 225 
 - Creating shared instance of singleton bean 'breakdownInfoServiceImpl'
2026-03-27 16:10:20 [main] DEBUG o.s.b.f.s.DefaultListableBeanFactory getSingleton 225 
 - Creating shared instance of singleton bean 'breakdownRepairInfoServiceImpl'
2026-03-27 16:10:20 [main] DEBUG o.s.s.a.m.DelegatingMethodSecurityMetadataSource getAttributes 76 
 - Caching method [CacheKey[kr.co.kevit.localcsms.adminweb.resource.charger.BreakdownResource; public kr.co.kevit.localcsms.adminweb.share.JsonResultSet kr.co.kevit.localcsms.adminweb.resource.charger.BreakdownResource.registerBreakdownInfo(kr.co.kevit.localcsms.charger.entity.domain.BreakdownInfo,javax.servlet.http.HttpServletRequest)]] with attributes [ROLE_ADMIN, ROLE_OPER]
2026-03-27 16:10:20 [main] DEBUG o.s.s.a.m.DelegatingMethodSecurityMetadataSource getAttributes 76 
 - Caching method [CacheKey[kr.co.kevit.localcsms.adminweb.resource.charger.BreakdownResource; public kr.co.kevit.localcsms.adminweb.share.JsonResultSet kr.co.kevit.localcsms.adminweb.resource.charger.BreakdownResource.registerBreakdownRepairInfo(kr.co.kevit.localcsms.charger.entity.domain.BreakdownRepairInfo,javax.servlet.http.HttpServletRequest)]] with attributes [ROLE_ADMIN, ROLE_OPER]
2026-03-27 16:10:20 [main] DEBUG o.s.s.a.m.DelegatingMethodSecurityMetadataSource getAttributes 76 
 - Caching method [CacheKey[kr.co.kevit.localcsms.adminweb.resource.charger.BreakdownResource; public kr.co.kevit.localcsms.common.util.page.Page kr.co.kevit.localcsms.adminweb.resource.charger.BreakdownResource.searchBreakdownMgtInfoBySearchCond(kr.co.kevit.localcsms.charger.entity.shared.BreakdownSearchCond,javax.servlet.http.HttpServletRequest)]] with attributes [ROLE_ADMIN, ROLE_OPER]
2026-03-27 16:10:20 [main] DEBUG o.s.s.a.m.DelegatingMethodSecurityMetadataSource getAttributes 76 
 - Caching method [CacheKey[kr.co.kevit.localcsms.adminweb.resource.charger.BreakdownResource; public kr.co.kevit.localcsms.charger.entity.shared.BreakdownMgtInfoDto kr.co.kevit.localcsms.adminweb.resource.charger.BreakdownResource.searchBreakdownMgtInfoById(java.lang.String,javax.servlet.http.HttpServletRequest)]] with attributes [ROLE_ADMIN, ROLE_OPER]
2026-03-27 16:10:20 [main] DEBUG o.s.s.a.m.DelegatingMethodSecurityMetadataSource getAttributes 76 
 - Caching method [CacheKey[kr.co.kevit.localcsms.adminweb.resource.charger.BreakdownResource; public kr.co.kevit.localcsms.adminweb.share.JsonResultSet kr.co.kevit.localcsms.adminweb.resource.charger.BreakdownResource.updateChargePoint(kr.co.kevit.localcsms.charger.entity.domain.BreakdownInfo,javax.servlet.http.HttpServletRequest)]] with attributes [ROLE_ADMIN, ROLE_OPER]
2026-03-27 16:10:20 [main] DEBUG o.s.b.f.s.DefaultListableBeanFactory getSingleton 225 
 - Creating shared instance of singleton bean 'chargePointResource'
2026-03-27 16:10:20 [main] DEBUG o.s.b.f.s.DefaultListableBeanFactory getSingleton 225 
 - Creating shared instance of singleton bean 'chargePointServiceImpl'
2026-03-27 16:10:20 [main] DEBUG o.s.b.f.s.DefaultListableBeanFactory getSingleton 225 
 - Creating shared instance of singleton bean 'chargePointProviderImpl'
2026-03-27 16:10:20 [main] DEBUG o.s.b.f.s.DefaultListableBeanFactory getSingleton 225 
 - Creating shared instance of singleton bean 'chargePointMapper'
2026-03-27 16:10:20 [main] DEBUG o.s.b.f.s.DefaultListableBeanFactory getSingleton 225 
 - Creating shared instance of singleton bean 'chargingStationProviderImpl'
2026-03-27 16:10:20 [main] DEBUG o.s.b.f.s.DefaultListableBeanFactory getSingleton 225 
 - Creating shared instance of singleton bean 'chargingStationMapper'
2026-03-27 16:10:20 [main] DEBUG o.s.s.a.m.DelegatingMethodSecurityMetadataSource getAttributes 76 
 - Caching method [CacheKey[kr.co.kevit.localcsms.adminweb.resource.charger.ChargePointResource; public kr.co.kevit.localcsms.common.util.page.Page kr.co.kevit.localcsms.adminweb.resource.charger.ChargePointResource.searchChargePointList(kr.co.kevit.localcsms.charger.entity.shared.ChargePointSearchCond,javax.servlet.http.HttpServletRequest)]] with attributes [ROLE_ADMIN, ROLE_OPER, ROLE_CM, ROLE_CS]
2026-03-27 16:10:20 [main] DEBUG o.s.s.a.m.DelegatingMethodSecurityMetadataSource getAttributes 76 
 - Caching method [CacheKey[kr.co.kevit.localcsms.adminweb.resource.charger.ChargePointResource; public kr.co.kevit.localcsms.adminweb.share.JsonResultSet kr.co.kevit.localcsms.adminweb.resource.charger.ChargePointResource.registerChargePointForm(kr.co.kevit.localcsms.charger.entity.domain.ChargePoint,javax.servlet.http.HttpServletRequest)]] with attributes [ROLE_ADMIN, ROLE_OPER]
2026-03-27 16:10:20 [main] DEBUG o.s.s.a.m.DelegatingMethodSecurityMetadataSource getAttributes 76 
 - Caching method [CacheKey[kr.co.kevit.localcsms.adminweb.resource.charger.ChargePointResource; public org.springframework.web.servlet.View kr.co.kevit.localcsms.adminweb.resource.charger.ChargePointResource.downloadCharePointList(kr.co.kevit.localcsms.charger.entity.shared.ChargePointSearchCond,org.springframework.ui.Model,javax.servlet.http.HttpServletRequest)]] with attributes [ROLE_ADMIN, ROLE_OPER]
2026-03-27 16:10:20 [main] DEBUG o.s.s.a.m.DelegatingMethodSecurityMetadataSource getAttributes 76 
 - Caching method [CacheKey[kr.co.kevit.localcsms.adminweb.resource.charger.ChargePointResource; public kr.co.kevit.localcsms.adminweb.share.JsonResultSet kr.co.kevit.localcsms.adminweb.resource.charger.ChargePointResource.checkDupleChargePointId(java.lang.String,javax.servlet.http.HttpServletRequest)]] with attributes [ROLE_ADMIN, ROLE_OPER]
2026-03-27 16:10:20 [main] DEBUG o.s.s.a.m.DelegatingMethodSecurityMetadataSource getAttributes 76 
 - Caching method [CacheKey[kr.co.kevit.localcsms.adminweb.resource.charger.ChargePointResource; public kr.co.kevit.localcsms.charger.entity.domain.ChargePoint kr.co.kevit.localcsms.adminweb.resource.charger.ChargePointResource.searchChargePointDetail(java.lang.String,javax.servlet.http.HttpServletRequest)]] with attributes [ROLE_ADMIN, ROLE_OPER]
2026-03-27 16:10:20 [main] DEBUG o.s.s.a.m.DelegatingMethodSecurityMetadataSource getAttributes 76 
 - Caching method [CacheKey[kr.co.kevit.localcsms.adminweb.resource.charger.ChargePointResource; public kr.co.kevit.localcsms.common.util.page.Page kr.co.kevit.localcsms.adminweb.resource.charger.ChargePointResource.searchAllChargePointList4Monitoring(kr.co.kevit.localcsms.charger.entity.shared.ChargePointSearchCond,javax.servlet.http.HttpServletRequest)]] with attributes [ROLE_ADMIN, ROLE_OPER]
2026-03-27 16:10:20 [main] DEBUG o.s.s.a.m.DelegatingMethodSecurityMetadataSource getAttributes 76 
 - Caching method [CacheKey[kr.co.kevit.localcsms.adminweb.resource.charger.ChargePointResource; public kr.co.kevit.localcsms.adminweb.share.JsonResultSet kr.co.kevit.localcsms.adminweb.resource.charger.ChargePointResource.updateChargePoint(java.lang.String,kr.co.kevit.localcsms.charger.entity.domain.ChargePoint,javax.servlet.http.HttpServletRequest)]] with attributes [ROLE_ADMIN, ROLE_OPER]
2026-03-27 16:10:20 [main] DEBUG o.s.s.a.m.DelegatingMethodSecurityMetadataSource getAttributes 76 
 - Caching method [CacheKey[kr.co.kevit.localcsms.adminweb.resource.charger.ChargePointResource; public kr.co.kevit.localcsms.adminweb.share.JsonResultSet kr.co.kevit.localcsms.adminweb.resource.charger.ChargePointResource.deleteSpot(java.lang.String,javax.servlet.http.HttpServletRequest)]] with attributes [ROLE_ADMIN, ROLE_OPER]
2026-03-27 16:10:20 [main] DEBUG o.s.b.f.s.DefaultListableBeanFactory getSingleton 225 
 - Creating shared instance of singleton bean 'chargerStatusLogResource'
2026-03-27 16:10:20 [main] DEBUG o.s.b.f.s.DefaultListableBeanFactory getSingleton 225 
 - Creating shared instance of singleton bean 'chargerStatusInfoHisServiceImpl'
2026-03-27 16:10:20 [main] DEBUG o.s.b.f.s.DefaultListableBeanFactory getSingleton 225 
 - Creating shared instance of singleton bean 'chargerStatusInfoHisProviderImpl'
2026-03-27 16:10:20 [main] DEBUG o.s.b.f.s.DefaultListableBeanFactory getSingleton 225 
 - Creating shared instance of singleton bean 'chargerStatusHisMapper'
2026-03-27 16:10:20 [main] DEBUG o.s.s.a.m.DelegatingMethodSecurityMetadataSource getAttributes 76 
 - Caching method [CacheKey[kr.co.kevit.localcsms.adminweb.resource.charger.ChargerStatusLogResource; public kr.co.kevit.localcsms.common.util.page.Page kr.co.kevit.localcsms.adminweb.resource.charger.ChargerStatusLogResource.searchChargerLog(kr.co.kevit.localcsms.charger.entity.shared.ChargerStatusInfoHisSearchCond,javax.servlet.http.HttpServletRequest)]] with attributes [ROLE_ADMIN, ROLE_OPER]
2026-03-27 16:10:20 [main] DEBUG o.s.b.f.s.DefaultListableBeanFactory getSingleton 225 
 - Creating shared instance of singleton bean 'chargerStatusResource'
2026-03-27 16:10:20 [main] DEBUG o.s.b.f.s.DefaultListableBeanFactory getSingleton 225 
 - Creating shared instance of singleton bean 'chargerStatusServiceImpl'
2026-03-27 16:10:20 [main] DEBUG o.s.b.f.s.DefaultListableBeanFactory getSingleton 225 
 - Creating shared instance of singleton bean 'chargerStatusProviderImpl'
2026-03-27 16:10:20 [main] DEBUG o.s.b.f.s.DefaultListableBeanFactory getSingleton 225 
 - Creating shared instance of singleton bean 'chargerStatusMapper'
2026-03-27 16:10:20 [main] DEBUG o.s.s.a.m.DelegatingMethodSecurityMetadataSource getAttributes 76 
 - Caching method [CacheKey[kr.co.kevit.localcsms.adminweb.resource.charger.ChargerStatusResource; public kr.co.kevit.localcsms.common.util.page.Page kr.co.kevit.localcsms.adminweb.resource.charger.ChargerStatusResource.searchChargerStatus(kr.co.kevit.localcsms.charger.entity.shared.ChargerStatusSearchCond,javax.servlet.http.HttpServletRequest)]] with attributes [ROLE_ADMIN, ROLE_OPER]
2026-03-27 16:10:20 [main] DEBUG o.s.s.a.m.DelegatingMethodSecurityMetadataSource getAttributes 76 
 - Caching method [CacheKey[kr.co.kevit.localcsms.adminweb.resource.charger.ChargerStatusResource; public kr.co.kevit.localcsms.adminweb.share.JsonResultSet kr.co.kevit.localcsms.adminweb.resource.charger.ChargerStatusResource.downloadCharStatInfoList(java.lang.String,javax.servlet.http.HttpServletRequest)]] with attributes [ROLE_ADMIN, ROLE_OPER]
2026-03-27 16:10:20 [main] DEBUG o.s.b.f.s.DefaultListableBeanFactory getSingleton 225 
 - Creating shared instance of singleton bean 'chargingProfileResource'
2026-03-27 16:10:20 [main] DEBUG o.s.b.f.s.DefaultListableBeanFactory getSingleton 225 
 - Creating shared instance of singleton bean 'chargingProfileServiceImpl'
2026-03-27 16:10:20 [main] DEBUG o.s.b.f.s.DefaultListableBeanFactory getSingleton 225 
 - Creating shared instance of singleton bean 'chargingProfileProviderImpl'
2026-03-27 16:10:20 [main] DEBUG o.s.b.f.s.DefaultListableBeanFactory getSingleton 225 
 - Creating shared instance of singleton bean 'chargingProfileMapper'
2026-03-27 16:10:20 [main] DEBUG o.s.b.f.s.DefaultListableBeanFactory registerDependentBeans 952 
 - Autowiring by type from bean name 'chargingProfileProviderImpl' via constructor to bean named 'chargingProfileMapper'
2026-03-27 16:10:20 [main] DEBUG o.s.b.f.s.DefaultListableBeanFactory registerDependentBeans 952 
 - Autowiring by type from bean name 'chargingProfileServiceImpl' via constructor to bean named 'chargingProfileProviderImpl'
2026-03-27 16:10:20 [main] DEBUG o.s.b.f.s.DefaultListableBeanFactory getSingleton 225 
 - Creating shared instance of singleton bean 'sequenceServiceImpl'
2026-03-27 16:10:20 [main] DEBUG o.s.b.f.s.DefaultListableBeanFactory getSingleton 225 
 - Creating shared instance of singleton bean 'sequenceProviderImpl'
2026-03-27 16:10:20 [main] DEBUG o.s.b.f.s.DefaultListableBeanFactory getSingleton 225 
 - Creating shared instance of singleton bean 'sequenceMapper'
2026-03-27 16:10:20 [main] DEBUG o.s.s.a.m.DelegatingMethodSecurityMetadataSource getAttributes 76 
 - Caching method [CacheKey[kr.co.kevit.localcsms.adminweb.resource.charger.ChargingProfileResource; public kr.co.kevit.localcsms.adminweb.share.JsonResultSet kr.co.kevit.localcsms.adminweb.resource.charger.ChargingProfileResource.update(int,java.util.Map)]] with attributes [ROLE_ADMIN, ROLE_OPER]
2026-03-27 16:10:20 [main] DEBUG o.s.s.a.m.DelegatingMethodSecurityMetadataSource getAttributes 76 
 - Caching method [CacheKey[kr.co.kevit.localcsms.adminweb.resource.charger.ChargingProfileResource; public kr.co.kevit.localcsms.adminweb.share.JsonResultSet kr.co.kevit.localcsms.adminweb.resource.charger.ChargingProfileResource.register(java.util.Map)]] with attributes [ROLE_ADMIN, ROLE_OPER]
2026-03-27 16:10:20 [main] DEBUG o.s.s.a.m.DelegatingMethodSecurityMetadataSource getAttributes 76 
 - Caching method [CacheKey[kr.co.kevit.localcsms.adminweb.resource.charger.ChargingProfileResource; public kr.co.kevit.localcsms.adminweb.share.JsonResultSet kr.co.kevit.localcsms.adminweb.resource.charger.ChargingProfileResource.delete(int,java.lang.String,java.lang.String)]] with attributes [ROLE_ADMIN, ROLE_OPER]
2026-03-27 16:10:20 [main] DEBUG o.s.s.a.m.DelegatingMethodSecurityMetadataSource getAttributes 76 
 - Caching method [CacheKey[kr.co.kevit.localcsms.adminweb.resource.charger.ChargingProfileResource; public java.util.Map kr.co.kevit.localcsms.adminweb.resource.charger.ChargingProfileResource.findOne(int,java.lang.String,java.lang.String)]] with attributes [ROLE_ADMIN, ROLE_OPER]
2026-03-27 16:10:20 [main] DEBUG o.s.s.a.m.DelegatingMethodSecurityMetadataSource getAttributes 76 
 - Caching method [CacheKey[kr.co.kevit.localcsms.adminweb.resource.charger.ChargingProfileResource; public kr.co.kevit.localcsms.common.util.page.Page kr.co.kevit.localcsms.adminweb.resource.charger.ChargingProfileResource.searchList(kr.co.kevit.localcsms.charger.entity.shared.ChargingProfileSearchCond)]] with attributes [ROLE_ADMIN, ROLE_OPER]
2026-03-27 16:10:20 [main] DEBUG o.s.b.f.s.DefaultListableBeanFactory getSingleton 225 
 - Creating shared instance of singleton bean 'chargingStationInfoResource'
2026-03-27 16:10:20 [main] DEBUG o.s.b.f.s.DefaultListableBeanFactory getSingleton 225 
 - Creating shared instance of singleton bean 'chargingStationServiceImpl'
2026-03-27 16:10:20 [main] DEBUG o.s.b.f.s.DefaultListableBeanFactory getSingleton 225 
 - Creating shared instance of singleton bean 'codeServiceImpl'
2026-03-27 16:10:20 [main] DEBUG o.s.b.f.s.DefaultListableBeanFactory getSingleton 225 
 - Creating shared instance of singleton bean 'codeProviderImpl'
2026-03-27 16:10:20 [main] DEBUG o.s.b.f.s.DefaultListableBeanFactory getSingleton 225 
 - Creating shared instance of singleton bean 'codeMapper'
2026-03-27 16:10:20 [main] DEBUG o.s.s.a.m.DelegatingMethodSecurityMetadataSource getAttributes 76 
 - Caching method [CacheKey[kr.co.kevit.localcsms.adminweb.resource.charger.ChargingStationInfoResource; public kr.co.kevit.localcsms.common.util.page.Page kr.co.kevit.localcsms.adminweb.resource.charger.ChargingStationInfoResource.findChargerByChargerSearchCond(kr.co.kevit.localcsms.charger.entity.shared.ChargingStationSearchCond,javax.servlet.http.HttpServletRequest)]] with attributes [ROLE_ADMIN, ROLE_OPER]
2026-03-27 16:10:20 [main] DEBUG o.s.s.a.m.DelegatingMethodSecurityMetadataSource getAttributes 76 
 - Caching method [CacheKey[kr.co.kevit.localcsms.adminweb.resource.charger.ChargingStationInfoResource; public org.springframework.web.servlet.View kr.co.kevit.localcsms.adminweb.resource.charger.ChargingStationInfoResource.downloadChargingStationList(kr.co.kevit.localcsms.charger.entity.shared.ChargingStationSearchCond,org.springframework.ui.Model,javax.servlet.http.HttpServletRequest)]] with attributes [ROLE_ADMIN, ROLE_OPER]
2026-03-27 16:10:20 [main] DEBUG o.s.s.a.m.DelegatingMethodSecurityMetadataSource getAttributes 76 
 - Caching method [CacheKey[kr.co.kevit.localcsms.adminweb.resource.charger.ChargingStationInfoResource; public kr.co.kevit.localcsms.adminweb.share.JsonResultSet kr.co.kevit.localcsms.adminweb.resource.charger.ChargingStationInfoResource.registerChargingStation(kr.co.kevit.localcsms.charger.entity.domain.ChargingStation,javax.servlet.http.HttpServletRequest)]] with attributes [ROLE_ADMIN, ROLE_OPER]
2026-03-27 16:10:20 [main] DEBUG o.s.s.a.m.DelegatingMethodSecurityMetadataSource getAttributes 76 
 - Caching method [CacheKey[kr.co.kevit.localcsms.adminweb.resource.charger.ChargingStationInfoResource; public kr.co.kevit.localcsms.adminweb.share.JsonResultSet kr.co.kevit.localcsms.adminweb.resource.charger.ChargingStationInfoResource.removeChargingStation(java.lang.String,java.lang.String,javax.servlet.http.HttpServletRequest)]] with attributes [ROLE_ADMIN, ROLE_OPER]
2026-03-27 16:10:20 [main] DEBUG o.s.s.a.m.DelegatingMethodSecurityMetadataSource getAttributes 76 
 - Caching method [CacheKey[kr.co.kevit.localcsms.adminweb.resource.charger.ChargingStationInfoResource; public kr.co.kevit.localcsms.adminweb.share.JsonResultSet kr.co.kevit.localcsms.adminweb.resource.charger.ChargingStationInfoResource.searchChargingStationDto(java.lang.String,java.lang.String,kr.co.kevit.localcsms.charger.entity.domain.ChargingStation,javax.servlet.http.HttpServletRequest)]] with attributes [ROLE_ADMIN, ROLE_OPER]
2026-03-27 16:10:20 [main] DEBUG o.s.s.a.m.DelegatingMethodSecurityMetadataSource getAttributes 76 
 - Caching method [CacheKey[kr.co.kevit.localcsms.adminweb.resource.charger.ChargingStationInfoResource; public kr.co.kevit.localcsms.charger.entity.shared.ChargingStationDto kr.co.kevit.localcsms.adminweb.resource.charger.ChargingStationInfoResource.searchChargingStationDto(java.lang.String,java.lang.String,javax.servlet.http.HttpServletRequest)]] with attributes [ROLE_ADMIN, ROLE_OPER]
2026-03-27 16:10:20 [main] DEBUG o.s.s.a.m.DelegatingMethodSecurityMetadataSource getAttributes 76 
 - Caching method [CacheKey[kr.co.kevit.localcsms.adminweb.resource.charger.ChargingStationInfoResource; public java.util.List kr.co.kevit.localcsms.adminweb.resource.charger.ChargingStationInfoResource.searchChargerList(java.lang.String,javax.servlet.http.HttpServletRequest)]] with attributes [ROLE_ADMIN, ROLE_OPER]
2026-03-27 16:10:20 [main] DEBUG o.s.s.a.m.DelegatingMethodSecurityMetadataSource getAttributes 76 
 - Caching method [CacheKey[kr.co.kevit.localcsms.adminweb.resource.charger.ChargingStationInfoResource; public kr.co.kevit.localcsms.charger.entity.domain.ChargingStation kr.co.kevit.localcsms.adminweb.resource.charger.ChargingStationInfoResource.searchChargerInfo(java.lang.String,java.lang.String,javax.servlet.http.HttpServletRequest)]] with attributes [ROLE_ADMIN, ROLE_OPER]
2026-03-27 16:10:20 [main] DEBUG o.s.s.a.m.DelegatingMethodSecurityMetadataSource getAttributes 76 
 - Caching method [CacheKey[kr.co.kevit.localcsms.adminweb.resource.charger.ChargingStationInfoResource; public kr.co.kevit.localcsms.adminweb.share.JsonResultSet kr.co.kevit.localcsms.adminweb.resource.charger.ChargingStationInfoResource.retrieveMaxCsId(java.lang.String,javax.servlet.http.HttpServletRequest)]] with attributes [ROLE_ADMIN, ROLE_OPER]
2026-03-27 16:10:20 [main] DEBUG o.s.b.f.s.DefaultListableBeanFactory getSingleton 225 
 - Creating shared instance of singleton bean 'csConfigurationResource'
2026-03-27 16:10:20 [main] DEBUG o.s.b.f.s.DefaultListableBeanFactory getSingleton 225 
 - Creating shared instance of singleton bean 'csConfigurationServiceImpl'
2026-03-27 16:10:20 [main] DEBUG o.s.b.f.s.DefaultListableBeanFactory getSingleton 225 
 - Creating shared instance of singleton bean 'csConfigurationProviderImpl'
2026-03-27 16:10:20 [main] DEBUG o.s.b.f.s.DefaultListableBeanFactory getSingleton 225 
 - Creating shared instance of singleton bean 'csConfigurationMapper'
2026-03-27 16:10:20 [main] DEBUG o.s.b.f.s.DefaultListableBeanFactory registerDependentBeans 952 
 - Autowiring by type from bean name 'csConfigurationProviderImpl' via constructor to bean named 'csConfigurationMapper'
2026-03-27 16:10:20 [main] DEBUG o.s.b.f.s.DefaultListableBeanFactory registerDependentBeans 952 
 - Autowiring by type from bean name 'csConfigurationServiceImpl' via constructor to bean named 'csConfigurationProviderImpl'
2026-03-27 16:10:20 [main] DEBUG o.s.s.a.m.DelegatingMethodSecurityMetadataSource getAttributes 76 
 - Caching method [CacheKey[kr.co.kevit.localcsms.adminweb.resource.charger.CsConfigurationResource; public java.util.List kr.co.kevit.localcsms.adminweb.resource.charger.CsConfigurationResource.searchAll(java.lang.String,java.lang.String,javax.servlet.http.HttpServletRequest)]] with attributes [ROLE_ADMIN, ROLE_OPER]
2026-03-27 16:10:20 [main] DEBUG o.s.s.a.m.DelegatingMethodSecurityMetadataSource getAttributes 76 
 - Caching method [CacheKey[kr.co.kevit.localcsms.adminweb.resource.charger.CsConfigurationResource; public kr.co.kevit.localcsms.common.util.page.Page kr.co.kevit.localcsms.adminweb.resource.charger.CsConfigurationResource.searchList(kr.co.kevit.localcsms.charger.entity.shared.CsConfigurationSearchCond,javax.servlet.http.HttpServletRequest)]] with attributes [ROLE_ADMIN, ROLE_OPER]
2026-03-27 16:10:20 [main] DEBUG o.s.b.f.s.DefaultListableBeanFactory getSingleton 225 
 - Creating shared instance of singleton bean 'csVariableResource'
2026-03-27 16:10:20 [main] DEBUG o.s.b.f.s.DefaultListableBeanFactory getSingleton 225 
 - Creating shared instance of singleton bean 'csVariableServiceImpl'
2026-03-27 16:10:20 [main] DEBUG o.s.b.f.s.DefaultListableBeanFactory getSingleton 225 
 - Creating shared instance of singleton bean 'csVariableProviderImpl'
2026-03-27 16:10:20 [main] DEBUG o.s.b.f.s.DefaultListableBeanFactory getSingleton 225 
 - Creating shared instance of singleton bean 'csVariableMapper'
2026-03-27 16:10:20 [main] DEBUG o.s.b.f.s.DefaultListableBeanFactory registerDependentBeans 952 
 - Autowiring by type from bean name 'csVariableProviderImpl' via constructor to bean named 'csVariableMapper'
2026-03-27 16:10:20 [main] DEBUG o.s.b.f.s.DefaultListableBeanFactory registerDependentBeans 952 
 - Autowiring by type from bean name 'csVariableServiceImpl' via constructor to bean named 'csVariableProviderImpl'
2026-03-27 16:10:20 [main] DEBUG o.s.s.a.m.DelegatingMethodSecurityMetadataSource getAttributes 76 
 - Caching method [CacheKey[kr.co.kevit.localcsms.adminweb.resource.charger.CsVariableResource; public java.util.List kr.co.kevit.localcsms.adminweb.resource.charger.CsVariableResource.searchAll(java.lang.String,java.lang.String,javax.servlet.http.HttpServletRequest)]] with attributes [ROLE_ADMIN, ROLE_OPER]
2026-03-27 16:10:20 [main] DEBUG o.s.s.a.m.DelegatingMethodSecurityMetadataSource getAttributes 76 
 - Caching method [CacheKey[kr.co.kevit.localcsms.adminweb.resource.charger.CsVariableResource; public kr.co.kevit.localcsms.common.util.page.Page kr.co.kevit.localcsms.adminweb.resource.charger.CsVariableResource.searchList(kr.co.kevit.localcsms.charger.entity.shared.CsVariableSearchCond,javax.servlet.http.HttpServletRequest)]] with attributes [ROLE_ADMIN, ROLE_OPER]
2026-03-27 16:10:20 [main] DEBUG o.s.b.f.s.DefaultListableBeanFactory getSingleton 225 
 - Creating shared instance of singleton bean 'displayMessageResource'
2026-03-27 16:10:20 [main] DEBUG o.s.b.f.s.DefaultListableBeanFactory getSingleton 225 
 - Creating shared instance of singleton bean 'displayMessageServiceImpl'
2026-03-27 16:10:20 [main] DEBUG o.s.b.f.s.DefaultListableBeanFactory getSingleton 225 
 - Creating shared instance of singleton bean 'displayMessageProviderImpl'
2026-03-27 16:10:20 [main] DEBUG o.s.b.f.s.DefaultListableBeanFactory getSingleton 225 
 - Creating shared instance of singleton bean 'displayMessageMapper'
2026-03-27 16:10:20 [main] DEBUG o.s.b.f.s.DefaultListableBeanFactory registerDependentBeans 952 
 - Autowiring by type from bean name 'displayMessageProviderImpl' via constructor to bean named 'displayMessageMapper'
2026-03-27 16:10:20 [main] DEBUG o.s.b.f.s.DefaultListableBeanFactory registerDependentBeans 952 
 - Autowiring by type from bean name 'displayMessageServiceImpl' via constructor to bean named 'displayMessageProviderImpl'
2026-03-27 16:10:20 [main] DEBUG o.s.s.a.m.DelegatingMethodSecurityMetadataSource getAttributes 76 
 - Caching method [CacheKey[kr.co.kevit.localcsms.adminweb.resource.charger.DisplayMessageResource; public kr.co.kevit.localcsms.adminweb.share.JsonResultSet kr.co.kevit.localcsms.adminweb.resource.charger.DisplayMessageResource.update(int,kr.co.kevit.localcsms.charger.entity.domain.DisplayMessage)]] with attributes [ROLE_ADMIN, ROLE_OPER]
2026-03-27 16:10:20 [main] DEBUG o.s.s.a.m.DelegatingMethodSecurityMetadataSource getAttributes 76 
 - Caching method [CacheKey[kr.co.kevit.localcsms.adminweb.resource.charger.DisplayMessageResource; public kr.co.kevit.localcsms.adminweb.share.JsonResultSet kr.co.kevit.localcsms.adminweb.resource.charger.DisplayMessageResource.register(kr.co.kevit.localcsms.charger.entity.domain.DisplayMessage)]] with attributes [ROLE_ADMIN, ROLE_OPER]
2026-03-27 16:10:20 [main] DEBUG o.s.s.a.m.DelegatingMethodSecurityMetadataSource getAttributes 76 
 - Caching method [CacheKey[kr.co.kevit.localcsms.adminweb.resource.charger.DisplayMessageResource; public kr.co.kevit.localcsms.adminweb.share.JsonResultSet kr.co.kevit.localcsms.adminweb.resource.charger.DisplayMessageResource.delete(int,java.lang.String,java.lang.String)]] with attributes [ROLE_ADMIN, ROLE_OPER]
2026-03-27 16:10:20 [main] DEBUG o.s.s.a.m.DelegatingMethodSecurityMetadataSource getAttributes 76 
 - Caching method [CacheKey[kr.co.kevit.localcsms.adminweb.resource.charger.DisplayMessageResource; public kr.co.kevit.localcsms.charger.entity.domain.DisplayMessage kr.co.kevit.localcsms.adminweb.resource.charger.DisplayMessageResource.findOne(int,java.lang.String,java.lang.String)]] with attributes [ROLE_ADMIN, ROLE_OPER]
2026-03-27 16:10:20 [main] DEBUG o.s.s.a.m.DelegatingMethodSecurityMetadataSource getAttributes 76 
 - Caching method [CacheKey[kr.co.kevit.localcsms.adminweb.resource.charger.DisplayMessageResource; public kr.co.kevit.localcsms.common.util.page.Page kr.co.kevit.localcsms.adminweb.resource.charger.DisplayMessageResource.searchList(kr.co.kevit.localcsms.charger.entity.shared.DisplayMessageSearchCond,javax.servlet.http.HttpServletRequest)]] with attributes [ROLE_ADMIN, ROLE_OPER]
2026-03-27 16:10:20 [main] DEBUG o.s.b.f.s.DefaultListableBeanFactory getSingleton 225 
 - Creating shared instance of singleton bean 'localCustomerResource'
2026-03-27 16:10:20 [main] DEBUG o.s.b.f.s.DefaultListableBeanFactory getSingleton 225 
 - Creating shared instance of singleton bean 'csLocalCustomerServiceImpl'
2026-03-27 16:10:20 [main] DEBUG o.s.b.f.s.DefaultListableBeanFactory getSingleton 225 
 - Creating shared instance of singleton bean 'csLocalCustomerProviderImpl'
2026-03-27 16:10:20 [main] DEBUG o.s.b.f.s.DefaultListableBeanFactory getSingleton 225 
 - Creating shared instance of singleton bean 'csLocalCustomerMapper'
2026-03-27 16:10:20 [main] DEBUG o.s.b.f.s.DefaultListableBeanFactory registerDependentBeans 952 
 - Autowiring by type from bean name 'csLocalCustomerProviderImpl' via constructor to bean named 'csLocalCustomerMapper'
2026-03-27 16:10:20 [main] DEBUG o.s.b.f.s.DefaultListableBeanFactory registerDependentBeans 952 
 - Autowiring by type from bean name 'csLocalCustomerServiceImpl' via constructor to bean named 'csLocalCustomerProviderImpl'
2026-03-27 16:10:20 [main] DEBUG o.s.s.a.m.DelegatingMethodSecurityMetadataSource getAttributes 76 
 - Caching method [CacheKey[kr.co.kevit.localcsms.adminweb.resource.charger.LocalCustomerResource; public kr.co.kevit.localcsms.adminweb.share.JsonResultSet kr.co.kevit.localcsms.adminweb.resource.charger.LocalCustomerResource.register(kr.co.kevit.localcsms.charger.entity.domain.CsLocalCustomer)]] with attributes [ROLE_ADMIN, ROLE_OPER]
2026-03-27 16:10:20 [main] DEBUG o.s.s.a.m.DelegatingMethodSecurityMetadataSource getAttributes 76 
 - Caching method [CacheKey[kr.co.kevit.localcsms.adminweb.resource.charger.LocalCustomerResource; public kr.co.kevit.localcsms.adminweb.share.JsonResultSet kr.co.kevit.localcsms.adminweb.resource.charger.LocalCustomerResource.delete(java.lang.String,java.lang.String)]] with attributes [ROLE_ADMIN, ROLE_OPER]
2026-03-27 16:10:20 [main] DEBUG o.s.s.a.m.DelegatingMethodSecurityMetadataSource getAttributes 76 
 - Caching method [CacheKey[kr.co.kevit.localcsms.adminweb.resource.charger.LocalCustomerResource; public kr.co.kevit.localcsms.adminweb.share.JsonResultSet kr.co.kevit.localcsms.adminweb.resource.charger.LocalCustomerResource.addToken(kr.co.kevit.localcsms.charger.entity.domain.CsLocalCustomerToken)]] with attributes [ROLE_ADMIN, ROLE_OPER]
2026-03-27 16:10:20 [main] DEBUG o.s.s.a.m.DelegatingMethodSecurityMetadataSource getAttributes 76 
 - Caching method [CacheKey[kr.co.kevit.localcsms.adminweb.resource.charger.LocalCustomerResource; public kr.co.kevit.localcsms.adminweb.share.JsonResultSet kr.co.kevit.localcsms.adminweb.resource.charger.LocalCustomerResource.deleteToken(java.lang.String,java.lang.String,java.lang.String,java.lang.String)]] with attributes [ROLE_ADMIN, ROLE_OPER]
2026-03-27 16:10:20 [main] DEBUG o.s.s.a.m.DelegatingMethodSecurityMetadataSource getAttributes 76 
 - Caching method [CacheKey[kr.co.kevit.localcsms.adminweb.resource.charger.LocalCustomerResource; public kr.co.kevit.localcsms.charger.entity.domain.CsLocalCustomer kr.co.kevit.localcsms.adminweb.resource.charger.LocalCustomerResource.findOne(java.lang.String,java.lang.String)]] with attributes [ROLE_ADMIN, ROLE_OPER]
2026-03-27 16:10:21 [main] DEBUG o.s.s.a.m.DelegatingMethodSecurityMetadataSource getAttributes 76 
 - Caching method [CacheKey[kr.co.kevit.localcsms.adminweb.resource.charger.LocalCustomerResource; public kr.co.kevit.localcsms.common.util.page.Page kr.co.kevit.localcsms.adminweb.resource.charger.LocalCustomerResource.searchList(kr.co.kevit.localcsms.charger.entity.shared.CsLocalCustomerSearchCond)]] with attributes [ROLE_ADMIN, ROLE_OPER]
2026-03-27 16:10:21 [main] DEBUG o.s.b.f.s.DefaultListableBeanFactory getSingleton 225 
 - Creating shared instance of singleton bean 'ocpp16CmdResource'
2026-03-27 16:10:21 [main] DEBUG o.s.s.a.m.DelegatingMethodSecurityMetadataSource getAttributes 76 
 - Caching method [CacheKey[kr.co.kevit.localcsms.adminweb.resource.cmd.Ocpp16CmdResource; public kr.co.kevit.localcsms.adminweb.share.JsonResultSet kr.co.kevit.localcsms.adminweb.resource.cmd.Ocpp16CmdResource.command(java.lang.String,kr.co.kevit.localcsms.adminweb.share.ParamVo2,javax.servlet.http.HttpServletRequest)]] with attributes [ROLE_ADMIN, ROLE_OPER]
2026-03-27 16:10:21 [main] DEBUG o.s.s.a.m.DelegatingMethodSecurityMetadataSource getAttributes 76 
 - Caching method [CacheKey[kr.co.kevit.localcsms.adminweb.resource.cmd.Ocpp16CmdResource; public kr.co.kevit.localcsms.adminweb.share.JsonResultSet kr.co.kevit.localcsms.adminweb.resource.cmd.Ocpp16CmdResource.bypassCommand(java.lang.String,java.util.Map,javax.servlet.http.HttpServletRequest)]] with attributes [ROLE_ADMIN, ROLE_OPER]
2026-03-27 16:10:21 [main] DEBUG o.s.s.a.m.DelegatingMethodSecurityMetadataSource getAttributes 76 
 - Caching method [CacheKey[kr.co.kevit.localcsms.adminweb.resource.cmd.Ocpp16CmdResource; public java.util.List kr.co.kevit.localcsms.adminweb.resource.cmd.Ocpp16CmdResource.bypassSessions(javax.servlet.http.HttpServletRequest)]] with attributes [ROLE_ADMIN, ROLE_OPER]
2026-03-27 16:10:21 [main] DEBUG o.s.b.f.s.DefaultListableBeanFactory getSingleton 225 
 - Creating shared instance of singleton bean 'ocpp20CmdResource'
2026-03-27 16:10:21 [main] DEBUG o.s.s.a.m.DelegatingMethodSecurityMetadataSource getAttributes 76 
 - Caching method [CacheKey[kr.co.kevit.localcsms.adminweb.resource.cmd.Ocpp20CmdResource; public kr.co.kevit.localcsms.adminweb.share.JsonResultSet kr.co.kevit.localcsms.adminweb.resource.cmd.Ocpp20CmdResource.command(java.lang.String,kr.co.kevit.localcsms.adminweb.share.ParamVo2,javax.servlet.http.HttpServletRequest)]] with attributes [ROLE_ADMIN, ROLE_OPER, ROLE_MS, ROLE_MM]
2026-03-27 16:10:21 [main] DEBUG o.s.s.a.m.DelegatingMethodSecurityMetadataSource getAttributes 76 
 - Caching method [CacheKey[kr.co.kevit.localcsms.adminweb.resource.cmd.Ocpp20CmdResource; public kr.co.kevit.localcsms.adminweb.share.JsonResultSet kr.co.kevit.localcsms.adminweb.resource.cmd.Ocpp20CmdResource.bypassCommand(java.lang.String,java.util.Map,javax.servlet.http.HttpServletRequest)]] with attributes [ROLE_ADMIN, ROLE_OPER]
2026-03-27 16:10:21 [main] DEBUG o.s.s.a.m.DelegatingMethodSecurityMetadataSource getAttributes 76 
 - Caching method [CacheKey[kr.co.kevit.localcsms.adminweb.resource.cmd.Ocpp20CmdResource; public java.util.List kr.co.kevit.localcsms.adminweb.resource.cmd.Ocpp20CmdResource.bypassSessions(javax.servlet.http.HttpServletRequest)]] with attributes [ROLE_ADMIN, ROLE_OPER]
2026-03-27 16:10:21 [main] DEBUG o.s.b.f.s.DefaultListableBeanFactory getSingleton 225 
 - Creating shared instance of singleton bean 'carModelResource'
2026-03-27 16:10:21 [main] DEBUG o.s.b.f.s.DefaultListableBeanFactory getSingleton 225 
 - Creating shared instance of singleton bean 'carModelServiceImpl'
2026-03-27 16:10:21 [main] DEBUG o.s.b.f.s.DefaultListableBeanFactory getSingleton 225 
 - Creating shared instance of singleton bean 'carModelProviderImpl'
2026-03-27 16:10:21 [main] DEBUG o.s.b.f.s.DefaultListableBeanFactory getSingleton 225 
 - Creating shared instance of singleton bean 'carModelMapper'
2026-03-27 16:10:21 [main] DEBUG o.s.s.a.m.DelegatingMethodSecurityMetadataSource getAttributes 76 
 - Caching method [CacheKey[kr.co.kevit.localcsms.adminweb.resource.common.CarModelResource; public java.util.List kr.co.kevit.localcsms.adminweb.resource.common.CarModelResource.serachCarModel(kr.co.kevit.localcsms.common.shared.CarModelSearchCond,javax.servlet.http.HttpServletRequest)]] with attributes [ROLE_OPER, ROLE_ADMIN]
2026-03-27 16:10:21 [main] DEBUG o.s.b.f.s.DefaultListableBeanFactory getSingleton 225 
 - Creating shared instance of singleton bean 'commonCodeResource'
2026-03-27 16:10:21 [main] DEBUG o.s.s.a.m.DelegatingMethodSecurityMetadataSource getAttributes 76 
 - Caching method [CacheKey[kr.co.kevit.localcsms.adminweb.resource.common.CommonCodeResource; public java.util.List kr.co.kevit.localcsms.adminweb.resource.common.CommonCodeResource.searchCommonCodesByParentCode(java.lang.String,javax.servlet.http.HttpServletRequest)]] with attributes [ROLE_OPER, ROLE_ADMIN]
2026-03-27 16:10:21 [main] DEBUG o.s.s.a.m.DelegatingMethodSecurityMetadataSource getAttributes 76 
 - Caching method [CacheKey[kr.co.kevit.localcsms.adminweb.resource.common.CommonCodeResource; public java.util.List kr.co.kevit.localcsms.adminweb.resource.common.CommonCodeResource.searchCommonCodes(kr.co.kevit.localcsms.common.shared.CodeSearchCond,javax.servlet.http.HttpServletRequest)]] with attributes [ROLE_OPER, ROLE_ADMIN]
2026-03-27 16:10:21 [main] DEBUG o.s.b.f.s.DefaultListableBeanFactory getSingleton 225 
 - Creating shared instance of singleton bean 'commonValResource'
2026-03-27 16:10:21 [main] DEBUG o.s.b.f.s.DefaultListableBeanFactory getSingleton 225 
 - Creating shared instance of singleton bean 'codeValServiceImpl'
2026-03-27 16:10:21 [main] DEBUG o.s.b.f.s.DefaultListableBeanFactory getSingleton 225 
 - Creating shared instance of singleton bean 'codeValProviderImpl'
2026-03-27 16:10:21 [main] DEBUG o.s.b.f.s.DefaultListableBeanFactory getSingleton 225 
 - Creating shared instance of singleton bean 'codeValMapper'
2026-03-27 16:10:21 [main] DEBUG o.s.s.a.m.DelegatingMethodSecurityMetadataSource getAttributes 76 
 - Caching method [CacheKey[kr.co.kevit.localcsms.adminweb.resource.common.CommonValResource; public java.util.List kr.co.kevit.localcsms.adminweb.resource.common.CommonValResource.searchCommonVals(kr.co.kevit.localcsms.common.shared.CodeSearchCond,javax.servlet.http.HttpServletRequest)]] with attributes [ROLE_OPER, ROLE_ADMIN]
2026-03-27 16:10:21 [main] DEBUG o.s.s.a.m.DelegatingMethodSecurityMetadataSource getAttributes 76 
 - Caching method [CacheKey[kr.co.kevit.localcsms.adminweb.resource.common.CommonValResource; public java.util.List kr.co.kevit.localcsms.adminweb.resource.common.CommonValResource.searchCommonVals(java.lang.String,javax.servlet.http.HttpServletRequest)]] with attributes [ROLE_OPER, ROLE_ADMIN]
2026-03-27 16:10:21 [main] DEBUG o.s.b.f.s.DefaultListableBeanFactory getSingleton 225 
 - Creating shared instance of singleton bean 'fileResource'
2026-03-27 16:10:21 [main] DEBUG o.s.b.f.s.DefaultListableBeanFactory getSingleton 225 
 - Creating shared instance of singleton bean 'fileManagementServiceImpl'
2026-03-27 16:10:21 [main] DEBUG o.s.b.f.s.DefaultListableBeanFactory getSingleton 225 
 - Creating shared instance of singleton bean 'fileManagementProviderImpl'
2026-03-27 16:10:21 [main] DEBUG o.s.b.f.s.DefaultListableBeanFactory getSingleton 225 
 - Creating shared instance of singleton bean 'fileManagementMapper'
2026-03-27 16:10:21 [main] DEBUG o.s.b.f.s.DefaultListableBeanFactory getSingleton 225 
 - Creating shared instance of singleton bean 'fileStorageMapper'
2026-03-27 16:10:21 [main] DEBUG o.s.b.f.s.DefaultListableBeanFactory getSingleton 225 
 - Creating shared instance of singleton bean 'customerCardResource'
2026-03-27 16:10:21 [main] DEBUG o.s.b.f.s.DefaultListableBeanFactory getSingleton 225 
 - Creating shared instance of singleton bean 'customerCardServiceImpl'
2026-03-27 16:10:21 [main] DEBUG o.s.b.f.s.DefaultListableBeanFactory getSingleton 225 
 - Creating shared instance of singleton bean 'customerCardProviderImpl'
2026-03-27 16:10:21 [main] DEBUG o.s.b.f.s.DefaultListableBeanFactory getSingleton 225 
 - Creating shared instance of singleton bean 'customerCardMapper'
2026-03-27 16:10:21 [main] DEBUG o.s.b.f.s.DefaultListableBeanFactory getSingleton 225 
 - Creating shared instance of singleton bean 'customerMgtProviderImpl'
2026-03-27 16:10:21 [main] DEBUG o.s.b.f.s.DefaultListableBeanFactory getSingleton 225 
 - Creating shared instance of singleton bean 'customerMgtMapper'
2026-03-27 16:10:21 [main] DEBUG o.s.s.a.m.DelegatingMethodSecurityMetadataSource getAttributes 76 
 - Caching method [CacheKey[kr.co.kevit.localcsms.adminweb.resource.customer.CustomerCardResource; public kr.co.kevit.localcsms.common.util.page.Page kr.co.kevit.localcsms.adminweb.resource.customer.CustomerCardResource.searchCustomerCardList(kr.co.kevit.localcsms.customer.entity.shared.CustomerCardSearchCond,javax.servlet.http.HttpServletRequest)]] with attributes [ROLE_OPER, ROLE_ADMIN]
2026-03-27 16:10:21 [main] DEBUG o.s.s.a.m.DelegatingMethodSecurityMetadataSource getAttributes 76 
 - Caching method [CacheKey[kr.co.kevit.localcsms.adminweb.resource.customer.CustomerCardResource; public kr.co.kevit.localcsms.adminweb.share.JsonResultSet kr.co.kevit.localcsms.adminweb.resource.customer.CustomerCardResource.registerCustomerCard(kr.co.kevit.localcsms.customer.entity.domain.CustomerCard,javax.servlet.http.HttpServletRequest)]] with attributes [ROLE_ADMIN, ROLE_OPER]
2026-03-27 16:10:21 [main] DEBUG o.s.s.a.m.DelegatingMethodSecurityMetadataSource getAttributes 76 
 - Caching method [CacheKey[kr.co.kevit.localcsms.adminweb.resource.customer.CustomerCardResource; public kr.co.kevit.localcsms.adminweb.share.JsonResultSet kr.co.kevit.localcsms.adminweb.resource.customer.CustomerCardResource.checkCardNo(java.lang.String,javax.servlet.http.HttpServletRequest)]] with attributes [ROLE_ADMIN, ROLE_OPER]
2026-03-27 16:10:21 [main] DEBUG o.s.s.a.m.DelegatingMethodSecurityMetadataSource getAttributes 76 
 - Caching method [CacheKey[kr.co.kevit.localcsms.adminweb.resource.customer.CustomerCardResource; public kr.co.kevit.localcsms.adminweb.share.JsonResultSet kr.co.kevit.localcsms.adminweb.resource.customer.CustomerCardResource.updateCustomerCard(java.lang.String,kr.co.kevit.localcsms.customer.entity.domain.CustomerCard,javax.servlet.http.HttpServletRequest)]] with attributes [ROLE_ADMIN, ROLE_OPER]
2026-03-27 16:10:21 [main] DEBUG o.s.s.a.m.DelegatingMethodSecurityMetadataSource getAttributes 76 
 - Caching method [CacheKey[kr.co.kevit.localcsms.adminweb.resource.customer.CustomerCardResource; public kr.co.kevit.localcsms.adminweb.share.JsonResultSet kr.co.kevit.localcsms.adminweb.resource.customer.CustomerCardResource.changeCustStatCode(java.lang.String,java.lang.String,javax.servlet.http.HttpServletRequest)]] with attributes [ROLE_ADMIN, ROLE_OPER]
2026-03-27 16:10:21 [main] DEBUG o.s.b.f.s.DefaultListableBeanFactory getSingleton 225 
 - Creating shared instance of singleton bean 'customerResource'
2026-03-27 16:10:21 [main] DEBUG o.s.b.f.s.DefaultListableBeanFactory getSingleton 225 
 - Creating shared instance of singleton bean 'customerServiceImpl'
2026-03-27 16:10:21 [main] DEBUG o.s.b.f.s.DefaultListableBeanFactory getSingleton 225 
 - Creating shared instance of singleton bean 'customerProviderImpl'
2026-03-27 16:10:21 [main] DEBUG o.s.b.f.s.DefaultListableBeanFactory getSingleton 225 
 - Creating shared instance of singleton bean 'customerMapper'
2026-03-27 16:10:21 [main] DEBUG o.s.s.a.m.DelegatingMethodSecurityMetadataSource getAttributes 76 
 - Caching method [CacheKey[kr.co.kevit.localcsms.adminweb.resource.customer.CustomerResource; public kr.co.kevit.localcsms.customer.entity.shared.CustomerDto kr.co.kevit.localcsms.adminweb.resource.customer.CustomerResource.searchCustomerDetail(java.lang.String,javax.servlet.http.HttpServletRequest)]] with attributes [ROLE_ADMIN, ROLE_OPER]
2026-03-27 16:10:21 [main] DEBUG o.s.s.a.m.DelegatingMethodSecurityMetadataSource getAttributes 76 
 - Caching method [CacheKey[kr.co.kevit.localcsms.adminweb.resource.customer.CustomerResource; public kr.co.kevit.localcsms.common.util.page.Page kr.co.kevit.localcsms.adminweb.resource.customer.CustomerResource.searchEmployeeList(kr.co.kevit.localcsms.customer.entity.shared.CustomerSearchCond,javax.servlet.http.HttpServletRequest)]] with attributes [ROLE_OPER, ROLE_ADMIN]
2026-03-27 16:10:21 [main] DEBUG o.s.s.a.m.DelegatingMethodSecurityMetadataSource getAttributes 76 
 - Caching method [CacheKey[kr.co.kevit.localcsms.adminweb.resource.customer.CustomerResource; public kr.co.kevit.localcsms.adminweb.share.JsonResultSet kr.co.kevit.localcsms.adminweb.resource.customer.CustomerResource.registerCustomer(kr.co.kevit.localcsms.customer.entity.shared.CustomerDto,javax.servlet.http.HttpServletRequest)]] with attributes [ROLE_ADMIN, ROLE_OPER]
2026-03-27 16:10:21 [main] DEBUG o.s.s.a.m.DelegatingMethodSecurityMetadataSource getAttributes 76 
 - Caching method [CacheKey[kr.co.kevit.localcsms.adminweb.resource.customer.CustomerResource; public kr.co.kevit.localcsms.adminweb.share.JsonResultSet kr.co.kevit.localcsms.adminweb.resource.customer.CustomerResource.updateCustomer(java.lang.String,kr.co.kevit.localcsms.customer.entity.shared.CustomerDto,javax.servlet.http.HttpServletRequest)]] with attributes [ROLE_ADMIN, ROLE_OPER]
2026-03-27 16:10:21 [main] DEBUG o.s.b.f.s.DefaultListableBeanFactory getSingleton 225 
 - Creating shared instance of singleton bean 'companyResource'
2026-03-27 16:10:21 [main] DEBUG o.s.b.f.s.DefaultListableBeanFactory getSingleton 225 
 - Creating shared instance of singleton bean 'companyServiceImpl'
2026-03-27 16:10:21 [main] DEBUG o.s.s.a.m.DelegatingMethodSecurityMetadataSource getAttributes 76 
 - Caching method [CacheKey[kr.co.kevit.localcsms.adminweb.resource.organization.CompanyResource; public kr.co.kevit.localcsms.organization.entity.shared.CompanyDto kr.co.kevit.localcsms.adminweb.resource.organization.CompanyResource.searchCompanyDetail(java.lang.String,javax.servlet.http.HttpServletRequest)]] with attributes [ROLE_ADMIN, ROLE_OPER]
2026-03-27 16:10:21 [main] DEBUG o.s.s.a.m.DelegatingMethodSecurityMetadataSource getAttributes 76 
 - Caching method [CacheKey[kr.co.kevit.localcsms.adminweb.resource.organization.CompanyResource; public kr.co.kevit.localcsms.common.util.page.Page kr.co.kevit.localcsms.adminweb.resource.organization.CompanyResource.searchEmployeeBySearchCond(kr.co.kevit.localcsms.organization.entity.shared.CompanySearchCond,javax.servlet.http.HttpServletRequest)]] with attributes [ROLE_ADMIN, ROLE_OPER]
2026-03-27 16:10:21 [main] DEBUG o.s.s.a.m.DelegatingMethodSecurityMetadataSource getAttributes 76 
 - Caching method [CacheKey[kr.co.kevit.localcsms.adminweb.resource.organization.CompanyResource; public kr.co.kevit.localcsms.common.util.page.Page kr.co.kevit.localcsms.adminweb.resource.organization.CompanyResource.searchCompanyList(kr.co.kevit.localcsms.organization.entity.shared.CompanySearchCond,javax.servlet.http.HttpServletRequest)]] with attributes [ROLE_ADMIN, ROLE_OPER]
2026-03-27 16:10:21 [main] DEBUG o.s.s.a.m.DelegatingMethodSecurityMetadataSource getAttributes 76 
 - Caching method [CacheKey[kr.co.kevit.localcsms.adminweb.resource.organization.CompanyResource; public kr.co.kevit.localcsms.adminweb.share.JsonResultSet kr.co.kevit.localcsms.adminweb.resource.organization.CompanyResource.registerCompany(kr.co.kevit.localcsms.organization.entity.domain.Company,javax.servlet.http.HttpServletRequest)]] with attributes [ROLE_ADMIN, ROLE_OPER]
2026-03-27 16:10:21 [main] DEBUG o.s.s.a.m.DelegatingMethodSecurityMetadataSource getAttributes 76 
 - Caching method [CacheKey[kr.co.kevit.localcsms.adminweb.resource.organization.CompanyResource; public kr.co.kevit.localcsms.adminweb.share.JsonResultSet kr.co.kevit.localcsms.adminweb.resource.organization.CompanyResource.deleteCompany(java.lang.String,javax.servlet.http.HttpServletRequest)]] with attributes [ROLE_OPER, ROLE_ADMIN]
2026-03-27 16:10:21 [main] DEBUG o.s.s.a.m.DelegatingMethodSecurityMetadataSource getAttributes 76 
 - Caching method [CacheKey[kr.co.kevit.localcsms.adminweb.resource.organization.CompanyResource; public kr.co.kevit.localcsms.adminweb.share.JsonResultSet kr.co.kevit.localcsms.adminweb.resource.organization.CompanyResource.updateCompany(java.lang.String,kr.co.kevit.localcsms.organization.entity.shared.CompanyDto,javax.servlet.http.HttpServletRequest)]] with attributes [ROLE_ADMIN, ROLE_OPER]
2026-03-27 16:10:21 [main] DEBUG o.s.b.f.s.DefaultListableBeanFactory getSingleton 225 
 - Creating shared instance of singleton bean 'employeeResource'
2026-03-27 16:10:21 [main] DEBUG o.s.s.a.m.DelegatingMethodSecurityMetadataSource getAttributes 76 
 - Caching method [CacheKey[kr.co.kevit.localcsms.adminweb.resource.organization.EmployeeResource; public kr.co.kevit.localcsms.organization.entity.shared.EmployeeDto kr.co.kevit.localcsms.adminweb.resource.organization.EmployeeResource.searchEmployeeDetail(java.lang.String,javax.servlet.http.HttpServletRequest)]] with attributes [ROLE_ADMIN, ROLE_OPER]
2026-03-27 16:10:21 [main] DEBUG o.s.s.a.m.DelegatingMethodSecurityMetadataSource getAttributes 76 
 - Caching method [CacheKey[kr.co.kevit.localcsms.adminweb.resource.organization.EmployeeResource; public kr.co.kevit.localcsms.common.util.page.Page kr.co.kevit.localcsms.adminweb.resource.organization.EmployeeResource.searchEmployeeBySearchCond(kr.co.kevit.localcsms.organization.entity.shared.EmployeeSearchCond,javax.servlet.http.HttpServletRequest)]] with attributes [ROLE_OPER, ROLE_ADMIN]
2026-03-27 16:10:21 [main] DEBUG o.s.s.a.m.DelegatingMethodSecurityMetadataSource getAttributes 76 
 - Caching method [CacheKey[kr.co.kevit.localcsms.adminweb.resource.organization.EmployeeResource; public java.util.List kr.co.kevit.localcsms.adminweb.resource.organization.EmployeeResource.searchAdminEmployee(javax.servlet.http.HttpServletRequest)]] with attributes [ROLE_ADMIN, ROLE_OPER]
2026-03-27 16:10:21 [main] DEBUG o.s.s.a.m.DelegatingMethodSecurityMetadataSource getAttributes 76 
 - Caching method [CacheKey[kr.co.kevit.localcsms.adminweb.resource.organization.EmployeeResource; public kr.co.kevit.localcsms.common.util.page.Page kr.co.kevit.localcsms.adminweb.resource.organization.EmployeeResource.searchEmployeeList(kr.co.kevit.localcsms.organization.entity.shared.EmployeeSearchCond,javax.servlet.http.HttpServletRequest)]] with attributes [ROLE_OPER, ROLE_ADMIN]
2026-03-27 16:10:21 [main] DEBUG o.s.s.a.m.DelegatingMethodSecurityMetadataSource getAttributes 76 
 - Caching method [CacheKey[kr.co.kevit.localcsms.adminweb.resource.organization.EmployeeResource; public kr.co.kevit.localcsms.adminweb.share.JsonResultSet kr.co.kevit.localcsms.adminweb.resource.organization.EmployeeResource.removeCompany(java.lang.String,kr.co.kevit.localcsms.organization.entity.domain.Employee,javax.servlet.http.HttpServletRequest)]] with attributes [ROLE_ADMIN, ROLE_OPER]
2026-03-27 16:10:21 [main] DEBUG o.s.s.a.m.DelegatingMethodSecurityMetadataSource getAttributes 76 
 - Caching method [CacheKey[kr.co.kevit.localcsms.adminweb.resource.organization.EmployeeResource; public kr.co.kevit.localcsms.adminweb.share.JsonResultSet kr.co.kevit.localcsms.adminweb.resource.organization.EmployeeResource.updateCompany(java.lang.String,kr.co.kevit.localcsms.organization.entity.domain.Employee,javax.servlet.http.HttpServletRequest)]] with attributes [ROLE_ADMIN, ROLE_OPER]
2026-03-27 16:10:21 [main] DEBUG o.s.s.a.m.DelegatingMethodSecurityMetadataSource getAttributes 76 
 - Caching method [CacheKey[kr.co.kevit.localcsms.adminweb.resource.organization.EmployeeResource; public kr.co.kevit.localcsms.adminweb.share.JsonResultSet kr.co.kevit.localcsms.adminweb.resource.organization.EmployeeResource.registerEmployee(kr.co.kevit.localcsms.organization.entity.domain.Employee,javax.servlet.http.HttpServletRequest)]] with attributes [ROLE_ADMIN, ROLE_OPER]
2026-03-27 16:10:21 [main] DEBUG o.s.b.f.s.DefaultListableBeanFactory getSingleton 225 
 - Creating shared instance of singleton bean 'productResource'
2026-03-27 16:10:21 [main] DEBUG o.s.b.f.s.DefaultListableBeanFactory getSingleton 225 
 - Creating shared instance of singleton bean 'productServiceImpl'
2026-03-27 16:10:21 [main] DEBUG o.s.b.f.s.DefaultListableBeanFactory getSingleton 225 
 - Creating shared instance of singleton bean 'productProviderImpl'
2026-03-27 16:10:21 [main] DEBUG o.s.b.f.s.DefaultListableBeanFactory getSingleton 225 
 - Creating shared instance of singleton bean 'productMapper'
2026-03-27 16:10:21 [main] DEBUG o.s.b.f.s.DefaultListableBeanFactory getSingleton 225 
 - Creating shared instance of singleton bean 'productPriceMapper'
2026-03-27 16:10:21 [main] DEBUG o.s.s.a.m.DelegatingMethodSecurityMetadataSource getAttributes 76 
 - Caching method [CacheKey[kr.co.kevit.localcsms.adminweb.resource.product.ProductResource; public kr.co.kevit.localcsms.product.entity.domain.Product kr.co.kevit.localcsms.adminweb.resource.product.ProductResource.getProductByProdType(java.lang.String,javax.servlet.http.HttpServletRequest)]] with attributes [ROLE_OPER, ROLE_ADMIN]
2026-03-27 16:10:21 [main] DEBUG o.s.s.a.m.DelegatingMethodSecurityMetadataSource getAttributes 76 
 - Caching method [CacheKey[kr.co.kevit.localcsms.adminweb.resource.product.ProductResource; public kr.co.kevit.localcsms.common.util.page.Page kr.co.kevit.localcsms.adminweb.resource.product.ProductResource.findProductByProductSearchCond(kr.co.kevit.localcsms.product.entity.shared.ProductSearchCond,javax.servlet.http.HttpServletRequest)]] with attributes [ROLE_ADMIN, ROLE_OPER]
2026-03-27 16:10:21 [main] DEBUG o.s.s.a.m.DelegatingMethodSecurityMetadataSource getAttributes 76 
 - Caching method [CacheKey[kr.co.kevit.localcsms.adminweb.resource.product.ProductResource; public kr.co.kevit.localcsms.adminweb.share.JsonResultSet kr.co.kevit.localcsms.adminweb.resource.product.ProductResource.removeProductPrice(java.lang.String,kr.co.kevit.localcsms.product.entity.domain.ProductPrice,javax.servlet.http.HttpServletRequest)]] with attributes [ROLE_ADMIN, ROLE_OPER]
2026-03-27 16:10:21 [main] DEBUG o.s.s.a.m.DelegatingMethodSecurityMetadataSource getAttributes 76 
 - Caching method [CacheKey[kr.co.kevit.localcsms.adminweb.resource.product.ProductResource; public kr.co.kevit.localcsms.adminweb.share.JsonResultSet kr.co.kevit.localcsms.adminweb.resource.product.ProductResource.existProductId(java.lang.String,javax.servlet.http.HttpServletRequest)]] with attributes [ROLE_ADMIN, ROLE_OPER]
2026-03-27 16:10:21 [main] DEBUG o.s.s.a.m.DelegatingMethodSecurityMetadataSource getAttributes 76 
 - Caching method [CacheKey[kr.co.kevit.localcsms.adminweb.resource.product.ProductResource; public kr.co.kevit.localcsms.product.entity.domain.Product kr.co.kevit.localcsms.adminweb.resource.product.ProductResource.getProductDetail(java.lang.String,javax.servlet.http.HttpServletRequest)]] with attributes [ROLE_ADMIN, ROLE_OPER]
2026-03-27 16:10:21 [main] DEBUG o.s.s.a.m.DelegatingMethodSecurityMetadataSource getAttributes 76 
 - Caching method [CacheKey[kr.co.kevit.localcsms.adminweb.resource.product.ProductResource; public kr.co.kevit.localcsms.adminweb.share.JsonResultSet kr.co.kevit.localcsms.adminweb.resource.product.ProductResource.modifyProduct(kr.co.kevit.localcsms.product.entity.domain.Product,javax.servlet.http.HttpServletRequest)]] with attributes [ROLE_ADMIN, ROLE_OPER]
2026-03-27 16:10:21 [main] DEBUG o.s.s.a.m.DelegatingMethodSecurityMetadataSource getAttributes 76 
 - Caching method [CacheKey[kr.co.kevit.localcsms.adminweb.resource.product.ProductResource; public kr.co.kevit.localcsms.adminweb.share.JsonResultSet kr.co.kevit.localcsms.adminweb.resource.product.ProductResource.registerProduct(kr.co.kevit.localcsms.product.entity.domain.Product,javax.servlet.http.HttpServletRequest)]] with attributes [ROLE_ADMIN, ROLE_OPER]
2026-03-27 16:10:21 [main] DEBUG o.s.b.f.s.DefaultListableBeanFactory getSingleton 225 
 - Creating shared instance of singleton bean 'chargingSchedueResource'
2026-03-27 16:10:21 [main] DEBUG o.s.b.f.s.DefaultListableBeanFactory getSingleton 225 
 - Creating shared instance of singleton bean 'chargingScheduleServiceImpl'
2026-03-27 16:10:21 [main] DEBUG o.s.b.f.s.DefaultListableBeanFactory getSingleton 225 
 - Creating shared instance of singleton bean 'chargingScheduleProviderImpl'
2026-03-27 16:10:21 [main] DEBUG o.s.b.f.s.DefaultListableBeanFactory getSingleton 225 
 - Creating shared instance of singleton bean 'chargingScheduleMapper'
2026-03-27 16:10:21 [main] DEBUG o.s.b.f.s.DefaultListableBeanFactory getSingleton 225 
 - Creating shared instance of singleton bean 'rechargingResource'
2026-03-27 16:10:21 [main] DEBUG o.s.b.f.s.DefaultListableBeanFactory getSingleton 225 
 - Creating shared instance of singleton bean 'rechargingServiceImpl'
2026-03-27 16:10:21 [main] DEBUG o.s.b.f.s.DefaultListableBeanFactory getSingleton 225 
 - Creating shared instance of singleton bean 'rechargingProviderImpl'
2026-03-27 16:10:21 [main] DEBUG o.s.b.f.s.DefaultListableBeanFactory getSingleton 225 
 - Creating shared instance of singleton bean 'rechargingMapper'
2026-03-27 16:10:21 [main] DEBUG o.s.b.f.s.DefaultListableBeanFactory getSingleton 225 
 - Creating shared instance of singleton bean 'customerExtProcessImpl'
2026-03-27 16:10:21 [main] DEBUG o.s.s.a.m.DelegatingMethodSecurityMetadataSource getAttributes 76 
 - Caching method [CacheKey[kr.co.kevit.localcsms.adminweb.resource.recharging.RechargingResource; public org.springframework.web.servlet.View kr.co.kevit.localcsms.adminweb.resource.recharging.RechargingResource.downloadRechargingListWithCustomer(kr.co.kevit.localcsms.recharger.entity.shared.RechargingSearchCond,org.springframework.ui.Model,javax.servlet.http.HttpServletRequest)]] with attributes [ROLE_ADMIN, ROLE_OPER]
2026-03-27 16:10:21 [main] DEBUG o.s.s.a.m.DelegatingMethodSecurityMetadataSource getAttributes 76 
 - Caching method [CacheKey[kr.co.kevit.localcsms.adminweb.resource.recharging.RechargingResource; public kr.co.kevit.localcsms.recharger.entity.shared.RechargingDto kr.co.kevit.localcsms.adminweb.resource.recharging.RechargingResource.getRechargingDetail(java.lang.String,javax.servlet.http.HttpServletRequest)]] with attributes [ROLE_ADMIN, ROLE_OPER]
2026-03-27 16:10:21 [main] DEBUG o.s.s.a.m.DelegatingMethodSecurityMetadataSource getAttributes 76 
 - Caching method [CacheKey[kr.co.kevit.localcsms.adminweb.resource.recharging.RechargingResource; public org.springframework.web.servlet.View kr.co.kevit.localcsms.adminweb.resource.recharging.RechargingResource.downloadRechargingList(kr.co.kevit.localcsms.recharger.entity.shared.RechargingSearchCond,org.springframework.ui.Model,javax.servlet.http.HttpServletRequest)]] with attributes [ROLE_ADMIN, ROLE_OPER]
2026-03-27 16:10:21 [main] DEBUG o.s.s.a.m.DelegatingMethodSecurityMetadataSource getAttributes 76 
 - Caching method [CacheKey[kr.co.kevit.localcsms.adminweb.resource.recharging.RechargingResource; public kr.co.kevit.localcsms.adminweb.share.JsonResultSet kr.co.kevit.localcsms.adminweb.resource.recharging.RechargingResource.completeRechargingInfo(kr.co.kevit.localcsms.recharger.entity.domain.Recharging,javax.servlet.http.HttpServletRequest)]] with attributes [ROLE_ADMIN, ROLE_OPER]
2026-03-27 16:10:21 [main] DEBUG o.s.s.a.m.DelegatingMethodSecurityMetadataSource getAttributes 76 
 - Caching method [CacheKey[kr.co.kevit.localcsms.adminweb.resource.recharging.RechargingResource; public kr.co.kevit.localcsms.common.util.page.Page kr.co.kevit.localcsms.adminweb.resource.recharging.RechargingResource.findRechargingListWithCustomer(kr.co.kevit.localcsms.recharger.entity.shared.RechargingSearchCond,javax.servlet.http.HttpServletRequest)]] with attributes [ROLE_ADMIN, ROLE_OPER]
2026-03-27 16:10:21 [main] DEBUG o.s.s.a.m.DelegatingMethodSecurityMetadataSource getAttributes 76 
 - Caching method [CacheKey[kr.co.kevit.localcsms.adminweb.resource.recharging.RechargingResource; public kr.co.kevit.localcsms.common.util.page.Page kr.co.kevit.localcsms.adminweb.resource.recharging.RechargingResource.findRechargingList(kr.co.kevit.localcsms.recharger.entity.shared.RechargingSearchCond,javax.servlet.http.HttpServletRequest)]] with attributes [ROLE_ADMIN, ROLE_OPER]
2026-03-27 16:10:21 [main] DEBUG o.s.b.f.s.DefaultListableBeanFactory getSingleton 225 
 - Creating shared instance of singleton bean 'reservationResource'
2026-03-27 16:10:21 [main] DEBUG o.s.b.f.s.DefaultListableBeanFactory getSingleton 225 
 - Creating shared instance of singleton bean 'reservationServiceImpl'
2026-03-27 16:10:21 [main] DEBUG o.s.b.f.s.DefaultListableBeanFactory getSingleton 225 
 - Creating shared instance of singleton bean 'reservationMapper'
2026-03-27 16:10:21 [main] DEBUG o.s.s.a.m.DelegatingMethodSecurityMetadataSource getAttributes 76 
 - Caching method [CacheKey[kr.co.kevit.localcsms.adminweb.resource.recharging.ReservationResource; public kr.co.kevit.localcsms.recharger.entity.domain.Reservation kr.co.kevit.localcsms.adminweb.resource.recharging.ReservationResource.searchReservationDetail(java.lang.Long)]] with attributes [ROLE_ADMIN, ROLE_OPER]
2026-03-27 16:10:21 [main] DEBUG o.s.s.a.m.DelegatingMethodSecurityMetadataSource getAttributes 76 
 - Caching method [CacheKey[kr.co.kevit.localcsms.adminweb.resource.recharging.ReservationResource; public kr.co.kevit.localcsms.common.util.page.Page kr.co.kevit.localcsms.adminweb.resource.recharging.ReservationResource.searchReservationList(kr.co.kevit.localcsms.recharger.entity.shared.ReservationSearchCond)]] with attributes [ROLE_ADMIN, ROLE_OPER]
2026-03-27 16:10:21 [main] DEBUG o.s.s.a.m.DelegatingMethodSecurityMetadataSource getAttributes 76 
 - Caching method [CacheKey[kr.co.kevit.localcsms.adminweb.resource.recharging.ReservationResource; public kr.co.kevit.localcsms.adminweb.share.JsonResultSet kr.co.kevit.localcsms.adminweb.resource.recharging.ReservationResource.modifyReservationCancel(java.util.Map)]] with attributes [ROLE_ADMIN, ROLE_OPER]
2026-03-27 16:10:21 [main] DEBUG o.s.s.a.m.DelegatingMethodSecurityMetadataSource getAttributes 76 
 - Caching method [CacheKey[kr.co.kevit.localcsms.adminweb.resource.recharging.ReservationResource; public kr.co.kevit.localcsms.adminweb.share.JsonResultSet kr.co.kevit.localcsms.adminweb.resource.recharging.ReservationResource.registerReservation(kr.co.kevit.localcsms.recharger.entity.domain.Reservation)]] with attributes [ROLE_ADMIN, ROLE_OPER]
2026-03-27 16:10:21 [main] DEBUG o.s.b.f.s.DefaultListableBeanFactory getSingleton 225 
 - Creating shared instance of singleton bean 'accessLogResource'
2026-03-27 16:10:21 [main] DEBUG o.s.s.a.m.DelegatingMethodSecurityMetadataSource getAttributes 76 
 - Caching method [CacheKey[kr.co.kevit.localcsms.adminweb.resource.system.AccessLogResource; public kr.co.kevit.localcsms.common.util.page.Page kr.co.kevit.localcsms.adminweb.resource.system.AccessLogResource.retrieveAccessLogBySearchCond(kr.co.kevit.localcsms.common.shared.AccessLogSearchCond,javax.servlet.http.HttpServletRequest)]] with attributes [ROLE_ADMIN]
2026-03-27 16:10:21 [main] DEBUG o.s.b.f.s.DefaultListableBeanFactory getSingleton 225 
 - Creating shared instance of singleton bean 'authorityResource'
2026-03-27 16:10:21 [main] DEBUG o.s.b.f.s.DefaultListableBeanFactory getSingleton 225 
 - Creating shared instance of singleton bean 'roleAuthorityServiceImpl'
2026-03-27 16:10:21 [main] DEBUG o.s.b.f.s.DefaultListableBeanFactory getSingleton 225 
 - Creating shared instance of singleton bean 'userServiceImpl'
2026-03-27 16:10:21 [main] DEBUG o.s.s.a.m.DelegatingMethodSecurityMetadataSource getAttributes 76 
 - Caching method [CacheKey[kr.co.kevit.localcsms.adminweb.resource.system.AuthorityResource; public boolean kr.co.kevit.localcsms.adminweb.resource.system.AuthorityResource.modifyUserRoleTypeAuthForMenu(java.lang.String,java.lang.String,java.lang.String,javax.servlet.http.HttpServletRequest)]] with attributes [ROLE_ADMIN, ROLE_OPER]
2026-03-27 16:10:21 [main] DEBUG o.s.s.a.m.DelegatingMethodSecurityMetadataSource getAttributes 76 
 - Caching method [CacheKey[kr.co.kevit.localcsms.adminweb.resource.system.AuthorityResource; public java.util.List kr.co.kevit.localcsms.adminweb.resource.system.AuthorityResource.searchUserRoleTypeList(javax.servlet.http.HttpServletRequest)]] with attributes [ROLE_ADMIN, ROLE_OPER]
2026-03-27 16:10:21 [main] DEBUG o.s.s.a.m.DelegatingMethodSecurityMetadataSource getAttributes 76 
 - Caching method [CacheKey[kr.co.kevit.localcsms.adminweb.resource.system.AuthorityResource; public kr.co.kevit.localcsms.common.util.page.Page kr.co.kevit.localcsms.adminweb.resource.system.AuthorityResource.findUserInfoDtoBySearchCond(kr.co.kevit.localcsms.authority.entity.shared.UserSearchCond,javax.servlet.http.HttpServletRequest)]] with attributes [ROLE_OPER, ROLE_ADMIN]
2026-03-27 16:10:21 [main] DEBUG o.s.s.a.m.DelegatingMethodSecurityMetadataSource getAttributes 76 
 - Caching method [CacheKey[kr.co.kevit.localcsms.adminweb.resource.system.AuthorityResource; public java.util.List kr.co.kevit.localcsms.adminweb.resource.system.AuthorityResource.searchUserRoleTypeMenuList(java.lang.String,javax.servlet.http.HttpServletRequest)]] with attributes [ROLE_ADMIN, ROLE_OPER]
2026-03-27 16:10:21 [main] DEBUG o.s.s.a.m.DelegatingMethodSecurityMetadataSource getAttributes 76 
 - Caching method [CacheKey[kr.co.kevit.localcsms.adminweb.resource.system.AuthorityResource; public java.util.List kr.co.kevit.localcsms.adminweb.resource.system.AuthorityResource.searchAllChildMenuList(javax.servlet.http.HttpServletRequest)]] with attributes [ROLE_ADMIN, ROLE_OPER]
2026-03-27 16:10:21 [main] DEBUG o.s.s.a.m.DelegatingMethodSecurityMetadataSource getAttributes 76 
 - Caching method [CacheKey[kr.co.kevit.localcsms.adminweb.resource.system.AuthorityResource; public kr.co.kevit.localcsms.authority.entity.domain.User kr.co.kevit.localcsms.adminweb.resource.system.AuthorityResource.getMyUserInfo(javax.servlet.http.HttpServletRequest)]] with attributes [ROLE_OPER, ROLE_ADMIN]
2026-03-27 16:10:21 [main] DEBUG o.s.b.f.s.DefaultListableBeanFactory getSingleton 225 
 - Creating shared instance of singleton bean 'carModeResource'
2026-03-27 16:10:21 [main] DEBUG o.s.s.a.m.DelegatingMethodSecurityMetadataSource getAttributes 76 
 - Caching method [CacheKey[kr.co.kevit.localcsms.adminweb.resource.system.CarModeResource; public kr.co.kevit.localcsms.common.domain.CarModel kr.co.kevit.localcsms.adminweb.resource.system.CarModeResource.searcMenuDetail(java.lang.String,javax.servlet.http.HttpServletRequest)]] with attributes [ROLE_ADMIN, ROLE_OPER]
2026-03-27 16:10:21 [main] DEBUG o.s.s.a.m.DelegatingMethodSecurityMetadataSource getAttributes 76 
 - Caching method [CacheKey[kr.co.kevit.localcsms.adminweb.resource.system.CarModeResource; public kr.co.kevit.localcsms.common.util.page.Page kr.co.kevit.localcsms.adminweb.resource.system.CarModeResource.searchCarModelList(kr.co.kevit.localcsms.common.shared.CarModelSearchCond,javax.servlet.http.HttpServletRequest)]] with attributes [ROLE_ADMIN, ROLE_OPER]
2026-03-27 16:10:21 [main] DEBUG o.s.s.a.m.DelegatingMethodSecurityMetadataSource getAttributes 76 
 - Caching method [CacheKey[kr.co.kevit.localcsms.adminweb.resource.system.CarModeResource; public kr.co.kevit.localcsms.adminweb.share.JsonResultSet kr.co.kevit.localcsms.adminweb.resource.system.CarModeResource.registerCarModel(kr.co.kevit.localcsms.common.domain.CarModel,javax.servlet.http.HttpServletRequest)]] with attributes [ROLE_ADMIN, ROLE_OPER]
2026-03-27 16:10:21 [main] DEBUG o.s.s.a.m.DelegatingMethodSecurityMetadataSource getAttributes 76 
 - Caching method [CacheKey[kr.co.kevit.localcsms.adminweb.resource.system.CarModeResource; public kr.co.kevit.localcsms.adminweb.share.JsonResultSet kr.co.kevit.localcsms.adminweb.resource.system.CarModeResource.updateMenu(java.lang.String,kr.co.kevit.localcsms.common.domain.CarModel,javax.servlet.http.HttpServletRequest)]] with attributes [ROLE_ADMIN, ROLE_OPER]
2026-03-27 16:10:21 [main] DEBUG o.s.b.f.s.DefaultListableBeanFactory getSingleton 225 
 - Creating shared instance of singleton bean 'commonCodeMgtResource'
2026-03-27 16:10:21 [main] DEBUG o.s.s.a.m.DelegatingMethodSecurityMetadataSource getAttributes 76 
 - Caching method [CacheKey[kr.co.kevit.localcsms.adminweb.resource.system.CommonCodeMgtResource; public kr.co.kevit.localcsms.common.util.page.Page kr.co.kevit.localcsms.adminweb.resource.system.CommonCodeMgtResource.retrieveCodeByCodeSearchCond(kr.co.kevit.localcsms.common.shared.CodeSearchCond,javax.servlet.http.HttpServletRequest)]] with attributes [ROLE_ADMIN, ROLE_OPER]
2026-03-27 16:10:21 [main] DEBUG o.s.b.f.s.DefaultListableBeanFactory getSingleton 225 
 - Creating shared instance of singleton bean 'menuResource'
2026-03-27 16:10:21 [main] DEBUG o.s.s.a.m.DelegatingMethodSecurityMetadataSource getAttributes 76 
 - Caching method [CacheKey[kr.co.kevit.localcsms.adminweb.resource.system.MenuResource; public kr.co.kevit.localcsms.authority.entity.domain.Menu kr.co.kevit.localcsms.adminweb.resource.system.MenuResource.searcMenuDetail(java.lang.String,javax.servlet.http.HttpServletRequest)]] with attributes [ROLE_ADMIN, ROLE_OPER]
2026-03-27 16:10:21 [main] DEBUG o.s.s.a.m.DelegatingMethodSecurityMetadataSource getAttributes 76 
 - Caching method [CacheKey[kr.co.kevit.localcsms.adminweb.resource.system.MenuResource; public kr.co.kevit.localcsms.adminweb.share.JsonResultSet kr.co.kevit.localcsms.adminweb.resource.system.MenuResource.updateMenu(java.lang.String,kr.co.kevit.localcsms.authority.entity.domain.Menu,javax.servlet.http.HttpServletRequest)]] with attributes [ROLE_ADMIN, ROLE_OPER]
2026-03-27 16:10:21 [main] DEBUG o.s.s.a.m.DelegatingMethodSecurityMetadataSource getAttributes 76 
 - Caching method [CacheKey[kr.co.kevit.localcsms.adminweb.resource.system.MenuResource; public kr.co.kevit.localcsms.common.util.page.Page kr.co.kevit.localcsms.adminweb.resource.system.MenuResource.searchMenuList(kr.co.kevit.localcsms.authority.entity.shared.MenuSearchCond,javax.servlet.http.HttpServletRequest)]] with attributes [ROLE_ADMIN, ROLE_OPER]
2026-03-27 16:10:21 [main] DEBUG o.s.s.a.m.DelegatingMethodSecurityMetadataSource getAttributes 76 
 - Caching method [CacheKey[kr.co.kevit.localcsms.adminweb.resource.system.MenuResource; public kr.co.kevit.localcsms.adminweb.share.JsonResultSet kr.co.kevit.localcsms.adminweb.resource.system.MenuResource.registerMenuForm(kr.co.kevit.localcsms.authority.entity.shared.MenuDto,javax.servlet.http.HttpServletRequest)]] with attributes [ROLE_ADMIN, ROLE_OPER]
2026-03-27 16:10:21 [main] DEBUG o.s.s.a.m.DelegatingMethodSecurityMetadataSource getAttributes 76 
 - Caching method [CacheKey[kr.co.kevit.localcsms.adminweb.resource.system.MenuResource; public kr.co.kevit.localcsms.adminweb.share.JsonResultSet kr.co.kevit.localcsms.adminweb.resource.system.MenuResource.deleteMenu(java.lang.String,javax.servlet.http.HttpServletRequest)]] with attributes [ROLE_ADMIN, ROLE_OPER]
2026-03-27 16:10:21 [main] DEBUG o.s.b.f.s.DefaultListableBeanFactory getSingleton 225 
 - Creating shared instance of singleton bean 'remoteLogResource'
2026-03-27 16:10:21 [main] DEBUG o.s.b.f.s.DefaultListableBeanFactory getSingleton 225 
 - Creating shared instance of singleton bean 'remoteLogServiceImpl'
2026-03-27 16:10:21 [main] DEBUG o.s.b.f.s.DefaultListableBeanFactory getSingleton 225 
 - Creating shared instance of singleton bean 'remoteLogProviderImpl'
2026-03-27 16:10:21 [main] DEBUG o.s.b.f.s.DefaultListableBeanFactory getSingleton 225 
 - Creating shared instance of singleton bean 'remoteLogMapper'
2026-03-27 16:10:21 [main] DEBUG o.s.s.a.m.DelegatingMethodSecurityMetadataSource getAttributes 76 
 - Caching method [CacheKey[kr.co.kevit.localcsms.adminweb.resource.system.RemoteLogResource; public kr.co.kevit.localcsms.system.entity.domain.RemoteLog kr.co.kevit.localcsms.adminweb.resource.system.RemoteLogResource.detail(java.lang.String,javax.servlet.http.HttpServletRequest)]] with attributes [ROLE_ADMIN]
2026-03-27 16:10:21 [main] DEBUG o.s.s.a.m.DelegatingMethodSecurityMetadataSource getAttributes 76 
 - Caching method [CacheKey[kr.co.kevit.localcsms.adminweb.resource.system.RemoteLogResource; public java.util.Map kr.co.kevit.localcsms.adminweb.resource.system.RemoteLogResource.delete(java.lang.String,javax.servlet.http.HttpServletRequest)]] with attributes [ROLE_ADMIN]
2026-03-27 16:10:21 [main] DEBUG o.s.s.a.m.DelegatingMethodSecurityMetadataSource getAttributes 76 
 - Caching method [CacheKey[kr.co.kevit.localcsms.adminweb.resource.system.RemoteLogResource; public kr.co.kevit.localcsms.common.util.page.Page kr.co.kevit.localcsms.adminweb.resource.system.RemoteLogResource.searchList(kr.co.kevit.localcsms.system.entity.shared.RemoteLogSearchCond,javax.servlet.http.HttpServletRequest)]] with attributes [ROLE_ADMIN]
2026-03-27 16:10:21 [main] DEBUG o.s.b.f.s.DefaultListableBeanFactory getSingleton 225 
 - Creating shared instance of singleton bean 'userResource'
2026-03-27 16:10:21 [main] DEBUG o.s.s.a.m.DelegatingMethodSecurityMetadataSource getAttributes 76 
 - Caching method [CacheKey[kr.co.kevit.localcsms.adminweb.resource.system.UserResource; public kr.co.kevit.localcsms.adminweb.share.JsonResultSet kr.co.kevit.localcsms.adminweb.resource.system.UserResource.updateTargetPaymentInfo(java.lang.String,kr.co.kevit.localcsms.authority.entity.domain.User,javax.servlet.http.HttpServletRequest)]] with attributes [ROLE_ADMIN, ROLE_OPER, ROLE_CP_MGT]
2026-03-27 16:10:21 [main] DEBUG o.s.s.a.m.DelegatingMethodSecurityMetadataSource getAttributes 76 
 - Caching method [CacheKey[kr.co.kevit.localcsms.adminweb.resource.system.UserResource; public boolean kr.co.kevit.localcsms.adminweb.resource.system.UserResource.checkDupleLoginId(java.lang.String,javax.servlet.http.HttpServletRequest)]] with attributes [ROLE_ADMIN, ROLE_OPER]
2026-03-27 16:10:21 [main] DEBUG o.s.b.f.s.DefaultListableBeanFactory getSingleton 225 
 - Creating shared instance of singleton bean 'customerMgtServiceImpl'
2026-03-27 16:10:21 [main] DEBUG o.s.b.f.s.DefaultListableBeanFactory getSingleton 225 
 - Creating shared instance of singleton bean 'productPriceServiceImpl'
2026-03-27 16:10:21 [main] DEBUG o.s.b.f.s.DefaultListableBeanFactory getSingleton 225 
 - Creating shared instance of singleton bean 'productPriceProviderImpl'
2026-03-27 16:10:21 [main] DEBUG o.s.b.f.s.DefaultListableBeanFactory getSingleton 225 
 - Creating shared instance of singleton bean 'ocppLogServiceImpl'
2026-03-27 16:10:21 [main] DEBUG o.s.b.f.s.DefaultListableBeanFactory getSingleton 225 
 - Creating shared instance of singleton bean 'ocppLogProviderImpl'
2026-03-27 16:10:21 [main] DEBUG o.s.b.f.s.DefaultListableBeanFactory getSingleton 225 
 - Creating shared instance of singleton bean 'ocppLogMapper'
2026-03-27 16:10:21 [main] DEBUG o.s.b.f.s.DefaultListableBeanFactory getSingleton 225 
 - Creating shared instance of singleton bean 'csCertCrlServiceImpl'
2026-03-27 16:10:21 [main] DEBUG o.s.b.f.s.DefaultListableBeanFactory getSingleton 225 
 - Creating shared instance of singleton bean 'daemonAccessServiceImpl'
2026-03-27 16:10:21 [main] DEBUG o.s.b.f.s.DefaultListableBeanFactory getSingleton 225 
 - Creating shared instance of singleton bean 'daemonAccessProviderImpl'
2026-03-27 16:10:21 [main] DEBUG o.s.b.f.s.DefaultListableBeanFactory getSingleton 225 
 - Creating shared instance of singleton bean 'daemonAccessMapper'
2026-03-27 16:10:21 [main] DEBUG o.s.b.f.s.DefaultListableBeanFactory getSingleton 225 
 - Creating shared instance of singleton bean 'org.springframework.security.config.annotation.authentication.configuration.AuthenticationConfiguration'
2026-03-27 16:10:21 [main] DEBUG o.s.b.f.s.DefaultListableBeanFactory getSingleton 225 
 - Creating shared instance of singleton bean 'enableGlobalAuthenticationAutowiredConfigurer'
2026-03-27 16:10:21 [main] DEBUG o.s.b.f.s.DefaultListableBeanFactory registerDependentBeans 952 
 - Autowiring by type from bean name 'enableGlobalAuthenticationAutowiredConfigurer' via factory method to bean named 'org.springframework.boot.web.servlet.context.AnnotationConfigServletWebServerApplicationContext@5c33f1a9'
2026-03-27 16:10:21 [main] DEBUG o.s.b.f.s.DefaultListableBeanFactory getSingleton 225 
 - Creating shared instance of singleton bean 'initializeUserDetailsBeanManagerConfigurer'
2026-03-27 16:10:21 [main] DEBUG o.s.b.f.s.DefaultListableBeanFactory registerDependentBeans 952 
 - Autowiring by type from bean name 'initializeUserDetailsBeanManagerConfigurer' via factory method to bean named 'org.springframework.boot.web.servlet.context.AnnotationConfigServletWebServerApplicationContext@5c33f1a9'
2026-03-27 16:10:21 [main] DEBUG o.s.b.f.s.DefaultListableBeanFactory getSingleton 225 
 - Creating shared instance of singleton bean 'initializeAuthenticationProviderBeanManagerConfigurer'
2026-03-27 16:10:21 [main] DEBUG o.s.b.f.s.DefaultListableBeanFactory registerDependentBeans 952 
 - Autowiring by type from bean name 'initializeAuthenticationProviderBeanManagerConfigurer' via factory method to bean named 'org.springframework.boot.web.servlet.context.AnnotationConfigServletWebServerApplicationContext@5c33f1a9'
2026-03-27 16:10:21 [main] DEBUG o.s.b.f.s.DefaultListableBeanFactory getSingleton 225 
 - Creating shared instance of singleton bean 'authenticationManagerBuilder'
2026-03-27 16:10:21 [main] DEBUG o.s.b.f.s.DefaultListableBeanFactory registerDependentBeans 952 
 - Autowiring by type from bean name 'authenticationManagerBuilder' via factory method to bean named 'objectPostProcessor'
2026-03-27 16:10:21 [main] DEBUG o.s.b.f.s.DefaultListableBeanFactory registerDependentBeans 952 
 - Autowiring by type from bean name 'authenticationManagerBuilder' via factory method to bean named 'org.springframework.boot.web.servlet.context.AnnotationConfigServletWebServerApplicationContext@5c33f1a9'
2026-03-27 16:10:21 [main] DEBUG o.s.b.f.s.DefaultListableBeanFactory getSingleton 225 
 - Creating shared instance of singleton bean 'authenticationEventPublisher'
2026-03-27 16:10:21 [main] DEBUG o.s.b.f.s.DefaultListableBeanFactory getSingleton 225 
 - Creating shared instance of singleton bean 'org.springframework.boot.autoconfigure.security.servlet.SecurityAutoConfiguration'
2026-03-27 16:10:21 [main] DEBUG o.s.b.f.s.DefaultListableBeanFactory registerDependentBeans 952 
 - Autowiring by type from bean name 'authenticationEventPublisher' via factory method to bean named 'org.springframework.boot.web.servlet.context.AnnotationConfigServletWebServerApplicationContext@5c33f1a9'
2026-03-27 16:10:21 [main] DEBUG o.s.b.f.s.DefaultListableBeanFactory getSingleton 225 
 - Creating shared instance of singleton bean 'org.springframework.security.config.annotation.web.configuration.WebSecurityConfiguration'
2026-03-27 16:10:21 [main] DEBUG o.s.b.f.s.DefaultListableBeanFactory getSingleton 225 
 - Creating shared instance of singleton bean 'filterChain'
2026-03-27 16:10:21 [main] DEBUG o.s.b.f.s.DefaultListableBeanFactory getSingleton 225 
 - Creating shared instance of singleton bean 'org.springframework.security.config.annotation.web.configuration.HttpSecurityConfiguration'
2026-03-27 16:10:21 [main] DEBUG o.s.b.f.s.DefaultListableBeanFactory getSingleton 225 
 - Creating shared instance of singleton bean 'webAuthenticationProvider'
2026-03-27 16:10:21 [main] DEBUG o.s.b.f.s.DefaultListableBeanFactory registerDependentBeans 952 
 - Autowiring by type from bean name 'filterChain' via factory method to bean named 'org.springframework.security.config.annotation.web.configuration.HttpSecurityConfiguration.httpSecurity'
2026-03-27 16:10:21 [main] DEBUG o.s.b.f.s.DefaultListableBeanFactory getSingleton 225 
 - Creating shared instance of singleton bean 'webAuthenticationSuccessHandler'
2026-03-27 16:10:21 [main] DEBUG o.s.b.f.s.DefaultListableBeanFactory getSingleton 225 
 - Creating shared instance of singleton bean 'webAuthenticationFailHandler'
2026-03-27 16:10:21 [main] DEBUG o.s.b.f.s.DefaultListableBeanFactory getSingleton 225 
 - Creating shared instance of singleton bean 'webAccessDeniedHandler'
2026-03-27 16:10:21 [main] DEBUG o.s.s.w.a.e.ExpressionBasedFilterInvocationSecurityMetadataSource process 72 
 - Adding web access control expression [permitAll] for ExactUrl [processUrl='/login']
2026-03-27 16:10:21 [main] DEBUG o.s.s.w.a.e.ExpressionBasedFilterInvocationSecurityMetadataSource process 72 
 - Adding web access control expression [permitAll] for ExactUrl [processUrl='/login']
2026-03-27 16:10:21 [main] DEBUG o.s.s.w.a.e.ExpressionBasedFilterInvocationSecurityMetadataSource process 72 
 - Adding web access control expression [permitAll] for Ant [pattern='/resources/**']
2026-03-27 16:10:21 [main] DEBUG o.s.s.w.a.e.ExpressionBasedFilterInvocationSecurityMetadataSource process 72 
 - Adding web access control expression [permitAll] for Ant [pattern='/**/*.js']
2026-03-27 16:10:21 [main] DEBUG o.s.s.w.a.e.ExpressionBasedFilterInvocationSecurityMetadataSource process 72 
 - Adding web access control expression [permitAll] for Ant [pattern='/**/*.css']
2026-03-27 16:10:21 [main] DEBUG o.s.s.w.a.e.ExpressionBasedFilterInvocationSecurityMetadataSource process 72 
 - Adding web access control expression [permitAll] for Ant [pattern='/**/*.xls']
2026-03-27 16:10:21 [main] DEBUG o.s.s.w.a.e.ExpressionBasedFilterInvocationSecurityMetadataSource process 72 
 - Adding web access control expression [permitAll] for Ant [pattern='/**/*.html']
2026-03-27 16:10:21 [main] DEBUG o.s.s.w.a.e.ExpressionBasedFilterInvocationSecurityMetadataSource process 72 
 - Adding web access control expression [permitAll] for Ant [pattern='/error']
2026-03-27 16:10:21 [main] DEBUG o.s.s.w.a.e.ExpressionBasedFilterInvocationSecurityMetadataSource process 72 
 - Adding web access control expression [permitAll] for Ant [pattern='/error/**']
2026-03-27 16:10:21 [main] DEBUG o.s.s.w.a.e.ExpressionBasedFilterInvocationSecurityMetadataSource process 72 
 - Adding web access control expression [hasAnyRole('ROLE_ADMIN','ROLE_OPER')] for Ant [pattern='/']
2026-03-27 16:10:21 [main] DEBUG o.s.s.w.a.e.ExpressionBasedFilterInvocationSecurityMetadataSource process 72 
 - Adding web access control expression [authenticated] for any request
2026-03-27 16:10:21 [main] INFO  o.s.s.web.DefaultSecurityFilterChain <init> 55 
 - Will secure any request with [org.springframework.security.web.session.DisableEncodeUrlFilter@301aa982, org.springframework.security.web.context.request.async.WebAsyncManagerIntegrationFilter@5fc930f0, org.springframework.security.web.context.SecurityContextPersistenceFilter@36f1046f, org.springframework.security.web.header.HeaderWriterFilter@8bffb8b, org.springframework.security.web.authentication.logout.LogoutFilter@4e31c3ec, org.springframework.security.web.authentication.UsernamePasswordAuthenticationFilter@f4cfd90, org.springframework.security.web.savedrequest.RequestCacheAwareFilter@1686f0b4, org.springframework.security.web.servletapi.SecurityContextHolderAwareRequestFilter@76c548f, org.springframework.security.web.authentication.AnonymousAuthenticationFilter@3701e6e4, org.springframework.security.web.session.SessionManagementFilter@10ee04df, org.springframework.security.web.access.ExceptionTranslationFilter@26a2f7f9, org.springframework.security.web.access.intercept.FilterSecurityInterceptor@7a22a3c2]
2026-03-27 16:10:21 [main] DEBUG o.s.b.f.s.DefaultListableBeanFactory getSingleton 225 
 - Creating shared instance of singleton bean 'delegatingApplicationListener'
2026-03-27 16:10:21 [main] DEBUG o.s.b.f.s.DefaultListableBeanFactory getSingleton 225 
 - Creating shared instance of singleton bean 'springSecurityFilterChain'
2026-03-27 16:10:21 [main] DEBUG o.s.b.f.s.DefaultListableBeanFactory getSingleton 225 
 - Creating shared instance of singleton bean 'webSecurityExpressionHandler'
2026-03-27 16:10:21 [main] DEBUG o.s.b.f.s.DefaultListableBeanFactory getSingleton 225 
 - Creating shared instance of singleton bean 'privilegeEvaluator'
2026-03-27 16:10:21 [main] DEBUG o.s.b.f.s.DefaultListableBeanFactory getSingleton 225 
 - Creating shared instance of singleton bean 'org.springframework.security.config.annotation.web.configuration.WebMvcSecurityConfiguration'
2026-03-27 16:10:21 [main] DEBUG o.s.b.f.s.DefaultListableBeanFactory getSingleton 225 
 - Creating shared instance of singleton bean 'requestDataValueProcessor'
2026-03-27 16:10:21 [main] DEBUG o.s.b.f.s.DefaultListableBeanFactory getSingleton 225 
 - Creating shared instance of singleton bean 'preInvocationAuthorizationAdvice'
2026-03-27 16:10:21 [main] DEBUG o.s.b.f.s.DefaultListableBeanFactory getSingleton 225 
 - Creating shared instance of singleton bean 'localeResolver'
2026-03-27 16:10:21 [main] DEBUG o.s.b.f.s.DefaultListableBeanFactory getSingleton 225 
 - Creating shared instance of singleton bean 'localeChangeInterceptor'
2026-03-27 16:10:21 [main] DEBUG o.s.b.f.s.DefaultListableBeanFactory getSingleton 225 
 - Creating shared instance of singleton bean 'downloadViewResolver'
2026-03-27 16:10:21 [main] DEBUG o.s.b.f.s.DefaultListableBeanFactory getSingleton 225 
 - Creating shared instance of singleton bean 'multipartResolver'
2026-03-27 16:10:21 [main] DEBUG o.s.b.f.s.DefaultListableBeanFactory getSingleton 225 
 - Creating shared instance of singleton bean 'org.springframework.boot.autoconfigure.AutoConfigurationPackages'
2026-03-27 16:10:21 [main] DEBUG o.s.b.f.s.DefaultListableBeanFactory getSingleton 225 
 - Creating shared instance of singleton bean 'org.springframework.boot.autoconfigure.context.PropertyPlaceholderAutoConfiguration'
2026-03-27 16:10:21 [main] DEBUG o.s.b.f.s.DefaultListableBeanFactory getSingleton 225 
 - Creating shared instance of singleton bean 'org.springframework.boot.autoconfigure.websocket.servlet.WebSocketServletAutoConfiguration'
2026-03-27 16:10:21 [main] DEBUG o.s.b.f.s.DefaultListableBeanFactory getSingleton 225 
 - Creating shared instance of singleton bean 'org.springframework.boot.context.properties.EnableConfigurationPropertiesRegistrar.methodValidationExcludeFilter'
2026-03-27 16:10:21 [main] DEBUG o.s.b.f.s.DefaultListableBeanFactory getSingleton 225 
 - Creating shared instance of singleton bean 'org.springframework.boot.autoconfigure.web.servlet.DispatcherServletAutoConfiguration'
2026-03-27 16:10:21 [main] DEBUG o.s.b.f.s.DefaultListableBeanFactory getSingleton 225 
 - Creating shared instance of singleton bean 'org.springframework.boot.autoconfigure.task.TaskExecutionAutoConfiguration'
2026-03-27 16:10:21 [main] DEBUG o.s.b.f.s.DefaultListableBeanFactory getSingleton 225 
 - Creating shared instance of singleton bean 'taskExecutorBuilder'
2026-03-27 16:10:21 [main] DEBUG o.s.b.f.s.DefaultListableBeanFactory getSingleton 225 
 - Creating shared instance of singleton bean 'spring.task.execution-org.springframework.boot.autoconfigure.task.TaskExecutionProperties'
2026-03-27 16:10:21 [main] DEBUG o.s.b.f.s.DefaultListableBeanFactory registerDependentBeans 952 
 - Autowiring by type from bean name 'taskExecutorBuilder' via factory method to bean named 'spring.task.execution-org.springframework.boot.autoconfigure.task.TaskExecutionProperties'
2026-03-27 16:10:21 [main] DEBUG o.s.b.f.s.DefaultListableBeanFactory getSingleton 225 
 - Creating shared instance of singleton bean 'org.springframework.boot.autoconfigure.web.servlet.error.ErrorMvcAutoConfiguration$WhitelabelErrorViewConfiguration'
2026-03-27 16:10:21 [main] DEBUG o.s.b.f.s.DefaultListableBeanFactory getSingleton 225 
 - Creating shared instance of singleton bean 'error'
2026-03-27 16:10:21 [main] DEBUG o.s.b.f.s.DefaultListableBeanFactory getSingleton 225 
 - Creating shared instance of singleton bean 'org.springframework.boot.autoconfigure.web.servlet.error.ErrorMvcAutoConfiguration$DefaultErrorViewResolverConfiguration'
2026-03-27 16:10:21 [main] DEBUG o.s.b.f.s.DefaultListableBeanFactory getSingleton 225 
 - Creating shared instance of singleton bean 'spring.web-org.springframework.boot.autoconfigure.web.WebProperties'
2026-03-27 16:10:21 [main] DEBUG o.s.b.f.s.DefaultListableBeanFactory registerDependentBeans 952 
 - Autowiring by type from bean name 'org.springframework.boot.autoconfigure.web.servlet.error.ErrorMvcAutoConfiguration$DefaultErrorViewResolverConfiguration' via constructor to bean named 'org.springframework.boot.web.servlet.context.AnnotationConfigServletWebServerApplicationContext@5c33f1a9'
2026-03-27 16:10:21 [main] DEBUG o.s.b.f.s.DefaultListableBeanFactory registerDependentBeans 952 
 - Autowiring by type from bean name 'org.springframework.boot.autoconfigure.web.servlet.error.ErrorMvcAutoConfiguration$DefaultErrorViewResolverConfiguration' via constructor to bean named 'spring.web-org.springframework.boot.autoconfigure.web.WebProperties'
2026-03-27 16:10:21 [main] DEBUG o.s.b.f.s.DefaultListableBeanFactory getSingleton 225 
 - Creating shared instance of singleton bean 'conventionErrorViewResolver'
2026-03-27 16:10:21 [main] DEBUG o.s.b.f.s.DefaultListableBeanFactory getSingleton 225 
 - Creating shared instance of singleton bean 'errorAttributes'
2026-03-27 16:10:21 [main] DEBUG o.s.b.f.s.DefaultListableBeanFactory getSingleton 225 
 - Creating shared instance of singleton bean 'basicErrorController'
2026-03-27 16:10:21 [main] DEBUG o.s.b.f.s.DefaultListableBeanFactory registerDependentBeans 952 
 - Autowiring by type from bean name 'basicErrorController' via factory method to bean named 'errorAttributes'
2026-03-27 16:10:21 [main] DEBUG o.s.b.f.s.DefaultListableBeanFactory getSingleton 225 
 - Creating shared instance of singleton bean 'org.springframework.boot.autoconfigure.web.servlet.WebMvcAutoConfiguration$EnableWebMvcConfiguration'
2026-03-27 16:10:21 [main] DEBUG o.s.b.f.s.DefaultListableBeanFactory registerDependentBeans 952 
 - Autowiring by type from bean name 'org.springframework.boot.autoconfigure.web.servlet.WebMvcAutoConfiguration$EnableWebMvcConfiguration' via constructor to bean named 'spring.mvc-org.springframework.boot.autoconfigure.web.servlet.WebMvcProperties'
2026-03-27 16:10:21 [main] DEBUG o.s.b.f.s.DefaultListableBeanFactory registerDependentBeans 952 
 - Autowiring by type from bean name 'org.springframework.boot.autoconfigure.web.servlet.WebMvcAutoConfiguration$EnableWebMvcConfiguration' via constructor to bean named 'spring.web-org.springframework.boot.autoconfigure.web.WebProperties'
2026-03-27 16:10:21 [main] DEBUG o.s.b.f.s.DefaultListableBeanFactory registerDependentBeans 952 
 - Autowiring by type from bean name 'org.springframework.boot.autoconfigure.web.servlet.WebMvcAutoConfiguration$EnableWebMvcConfiguration' via constructor to bean named 'org.springframework.beans.factory.support.DefaultListableBeanFactory@61710c6'
2026-03-27 16:10:21 [main] DEBUG o.s.b.f.s.DefaultListableBeanFactory getSingleton 225 
 - Creating shared instance of singleton bean 'org.springframework.boot.autoconfigure.web.servlet.WebMvcAutoConfiguration$WebMvcAutoConfigurationAdapter'
2026-03-27 16:10:21 [main] DEBUG o.s.b.f.s.DefaultListableBeanFactory registerDependentBeans 952 
 - Autowiring by type from bean name 'org.springframework.boot.autoconfigure.web.servlet.WebMvcAutoConfiguration$WebMvcAutoConfigurationAdapter' via constructor to bean named 'spring.web-org.springframework.boot.autoconfigure.web.WebProperties'
2026-03-27 16:10:21 [main] DEBUG o.s.b.f.s.DefaultListableBeanFactory registerDependentBeans 952 
 - Autowiring by type from bean name 'org.springframework.boot.autoconfigure.web.servlet.WebMvcAutoConfiguration$WebMvcAutoConfigurationAdapter' via constructor to bean named 'spring.mvc-org.springframework.boot.autoconfigure.web.servlet.WebMvcProperties'
2026-03-27 16:10:21 [main] DEBUG o.s.b.f.s.DefaultListableBeanFactory registerDependentBeans 952 
 - Autowiring by type from bean name 'org.springframework.boot.autoconfigure.web.servlet.WebMvcAutoConfiguration$WebMvcAutoConfigurationAdapter' via constructor to bean named 'org.springframework.beans.factory.support.DefaultListableBeanFactory@61710c6'
2026-03-27 16:10:21 [main] DEBUG o.s.b.f.s.DefaultListableBeanFactory getSingleton 225 
 - Creating shared instance of singleton bean 'requestMappingHandlerAdapter'
2026-03-27 16:10:21 [main] DEBUG o.s.b.f.s.DefaultListableBeanFactory getSingleton 225 
 - Creating shared instance of singleton bean 'mvcContentNegotiationManager'
2026-03-27 16:10:21 [main] DEBUG o.s.b.f.s.DefaultListableBeanFactory getSingleton 225 
 - Creating shared instance of singleton bean 'mvcConversionService'
2026-03-27 16:10:21 [main] DEBUG o.s.b.f.s.DefaultListableBeanFactory getSingleton 225 
 - Creating shared instance of singleton bean 'mvcValidator'
2026-03-27 16:10:21 [main] DEBUG o.s.b.f.s.DefaultListableBeanFactory registerDependentBeans 952 
 - Autowiring by type from bean name 'requestMappingHandlerAdapter' via factory method to bean named 'mvcContentNegotiationManager'
2026-03-27 16:10:21 [main] DEBUG o.s.b.f.s.DefaultListableBeanFactory registerDependentBeans 952 
 - Autowiring by type from bean name 'requestMappingHandlerAdapter' via factory method to bean named 'mvcConversionService'
2026-03-27 16:10:21 [main] DEBUG o.s.b.f.s.DefaultListableBeanFactory registerDependentBeans 952 
 - Autowiring by type from bean name 'requestMappingHandlerAdapter' via factory method to bean named 'mvcValidator'
2026-03-27 16:10:21 [main] DEBUG o.s.b.f.s.DefaultListableBeanFactory registerDependentBeans 952 
 - Autowiring by type from bean name 'requestMappingHandlerAdapter' via factory method to bean named 'mvcContentNegotiationManager'
2026-03-27 16:10:21 [main] DEBUG o.s.b.f.s.DefaultListableBeanFactory registerDependentBeans 952 
 - Autowiring by type from bean name 'requestMappingHandlerAdapter' via factory method to bean named 'mvcConversionService'
2026-03-27 16:10:21 [main] DEBUG o.s.b.f.s.DefaultListableBeanFactory registerDependentBeans 952 
 - Autowiring by type from bean name 'requestMappingHandlerAdapter' via factory method to bean named 'mvcValidator'
2026-03-27 16:10:21 [main] DEBUG o.s.b.f.s.DefaultListableBeanFactory getSingleton 225 
 - Creating shared instance of singleton bean 'messageConverters'
2026-03-27 16:10:21 [main] DEBUG o.s.b.f.s.DefaultListableBeanFactory getSingleton 225 
 - Creating shared instance of singleton bean 'org.springframework.boot.autoconfigure.http.HttpMessageConvertersAutoConfiguration'
2026-03-27 16:10:21 [main] DEBUG o.s.b.f.s.DefaultListableBeanFactory getSingleton 225 
 - Creating shared instance of singleton bean 'stringHttpMessageConverter'
2026-03-27 16:10:21 [main] DEBUG o.s.b.f.s.DefaultListableBeanFactory getSingleton 225 
 - Creating shared instance of singleton bean 'org.springframework.boot.autoconfigure.http.HttpMessageConvertersAutoConfiguration$StringHttpMessageConverterConfiguration'
2026-03-27 16:10:21 [main] DEBUG o.s.b.f.s.DefaultListableBeanFactory registerDependentBeans 952 
 - Autowiring by type from bean name 'stringHttpMessageConverter' via factory method to bean named 'environment'
2026-03-27 16:10:21 [main] DEBUG o.s.b.f.s.DefaultListableBeanFactory getSingleton 225 
 - Creating shared instance of singleton bean 'mappingJackson2HttpMessageConverter'
2026-03-27 16:10:21 [main] DEBUG o.s.b.f.s.DefaultListableBeanFactory getSingleton 225 
 - Creating shared instance of singleton bean 'org.springframework.boot.autoconfigure.http.JacksonHttpMessageConvertersConfiguration$MappingJackson2HttpMessageConverterConfiguration'
2026-03-27 16:10:21 [main] DEBUG o.s.b.f.s.DefaultListableBeanFactory getSingleton 225 
 - Creating shared instance of singleton bean 'jacksonObjectMapper'
2026-03-27 16:10:21 [main] DEBUG o.s.b.f.s.DefaultListableBeanFactory getSingleton 225 
 - Creating shared instance of singleton bean 'org.springframework.boot.autoconfigure.jackson.JacksonAutoConfiguration$JacksonObjectMapperConfiguration'
2026-03-27 16:10:21 [main] DEBUG o.s.b.f.s.DefaultListableBeanFactory getSingleton 225 
 - Creating shared instance of singleton bean 'org.springframework.boot.autoconfigure.jackson.JacksonAutoConfiguration$JacksonObjectMapperBuilderConfiguration'
2026-03-27 16:10:21 [main] DEBUG o.s.b.f.s.DefaultListableBeanFactory getSingleton 225 
 - Creating shared instance of singleton bean 'standardJacksonObjectMapperBuilderCustomizer'
2026-03-27 16:10:21 [main] DEBUG o.s.b.f.s.DefaultListableBeanFactory getSingleton 225 
 - Creating shared instance of singleton bean 'org.springframework.boot.autoconfigure.jackson.JacksonAutoConfiguration$Jackson2ObjectMapperBuilderCustomizerConfiguration'
2026-03-27 16:10:21 [main] DEBUG o.s.b.f.s.DefaultListableBeanFactory getSingleton 225 
 - Creating shared instance of singleton bean 'spring.jackson-org.springframework.boot.autoconfigure.jackson.JacksonProperties'
2026-03-27 16:10:21 [main] DEBUG o.s.b.f.s.DefaultListableBeanFactory registerDependentBeans 952 
 - Autowiring by type from bean name 'standardJacksonObjectMapperBuilderCustomizer' via factory method to bean named 'org.springframework.boot.web.servlet.context.AnnotationConfigServletWebServerApplicationContext@5c33f1a9'
2026-03-27 16:10:21 [main] DEBUG o.s.b.f.s.DefaultListableBeanFactory registerDependentBeans 952 
 - Autowiring by type from bean name 'standardJacksonObjectMapperBuilderCustomizer' via factory method to bean named 'spring.jackson-org.springframework.boot.autoconfigure.jackson.JacksonProperties'
2026-03-27 16:10:21 [main] DEBUG o.s.b.f.s.DefaultListableBeanFactory registerDependentBeans 952 
 - Autowiring by type from bean name 'jacksonObjectMapperBuilder' via factory method to bean named 'org.springframework.boot.web.servlet.context.AnnotationConfigServletWebServerApplicationContext@5c33f1a9'
2026-03-27 16:10:21 [main] DEBUG o.s.b.f.s.DefaultListableBeanFactory registerDependentBeans 952 
 - Autowiring by type from bean name 'jacksonObjectMapperBuilder' via factory method to bean named 'standardJacksonObjectMapperBuilderCustomizer'
2026-03-27 16:10:21 [main] DEBUG o.s.b.f.s.DefaultListableBeanFactory getSingleton 225 
 - Creating shared instance of singleton bean 'parameterNamesModule'
2026-03-27 16:10:21 [main] DEBUG o.s.b.f.s.DefaultListableBeanFactory getSingleton 225 
 - Creating shared instance of singleton bean 'org.springframework.boot.autoconfigure.jackson.JacksonAutoConfiguration$ParameterNamesModuleConfiguration'
2026-03-27 16:10:21 [main] DEBUG o.s.b.f.s.DefaultListableBeanFactory getSingleton 225 
 - Creating shared instance of singleton bean 'jsonComponentModule'
2026-03-27 16:10:21 [main] DEBUG o.s.b.f.s.DefaultListableBeanFactory getSingleton 225 
 - Creating shared instance of singleton bean 'org.springframework.boot.autoconfigure.jackson.JacksonAutoConfiguration'
2026-03-27 16:10:21 [main] DEBUG o.s.b.f.s.DefaultListableBeanFactory getSingleton 225 
 - Creating shared instance of singleton bean 'jsonMixinModule'
2026-03-27 16:10:21 [main] DEBUG o.s.b.f.s.DefaultListableBeanFactory registerDependentBeans 952 
 - Autowiring by type from bean name 'jsonMixinModule' via factory method to bean named 'org.springframework.boot.web.servlet.context.AnnotationConfigServletWebServerApplicationContext@5c33f1a9'
2026-03-27 16:10:21 [main] DEBUG o.s.b.a.AutoConfigurationPackages get 196 
 - @EnableAutoConfiguration was declared on a class in the package 'kr.co.kevit.localcsms.adminweb'. Automatic @Repository and @Entity scanning is enabled.
2026-03-27 16:10:21 [main] DEBUG o.s.b.f.s.DefaultListableBeanFactory registerDependentBeans 952 
 - Autowiring by type from bean name 'jacksonObjectMapper' via factory method to bean named 'jacksonObjectMapperBuilder'
2026-03-27 16:10:21 [main] DEBUG o.s.b.f.s.DefaultListableBeanFactory registerDependentBeans 952 
 - Autowiring by type from bean name 'mappingJackson2HttpMessageConverter' via factory method to bean named 'jacksonObjectMapper'
2026-03-27 16:10:21 [main] DEBUG o.s.b.f.s.DefaultListableBeanFactory getSingleton 225 
 - Creating shared instance of singleton bean 'applicationTaskExecutor'
2026-03-27 16:10:21 [main] DEBUG o.s.b.f.s.DefaultListableBeanFactory registerDependentBeans 952 
 - Autowiring by type from bean name 'applicationTaskExecutor' via factory method to bean named 'taskExecutorBuilder'
2026-03-27 16:10:21 [main] DEBUG o.s.s.c.ThreadPoolTaskExecutor initialize 184 
 - Initializing ExecutorService 'applicationTaskExecutor'
2026-03-27 16:10:21 [main] DEBUG o.s.w.s.m.m.a.RequestMappingHandlerAdapter initControllerAdviceCache 625 
 - ControllerAdvice beans: 1 @ModelAttribute, 0 @InitBinder, 1 RequestBodyAdvice, 1 ResponseBodyAdvice
2026-03-27 16:10:21 [main] DEBUG o.s.b.f.s.DefaultListableBeanFactory getSingleton 225 
 - Creating shared instance of singleton bean 'welcomePageHandlerMapping'
2026-03-27 16:10:21 [main] DEBUG o.s.b.f.s.DefaultListableBeanFactory getSingleton 225 
 - Creating shared instance of singleton bean 'mvcResourceUrlProvider'
2026-03-27 16:10:21 [main] DEBUG o.s.b.f.s.DefaultListableBeanFactory registerDependentBeans 952 
 - Autowiring by type from bean name 'welcomePageHandlerMapping' via factory method to bean named 'org.springframework.boot.web.servlet.context.AnnotationConfigServletWebServerApplicationContext@5c33f1a9'
2026-03-27 16:10:21 [main] DEBUG o.s.b.f.s.DefaultListableBeanFactory registerDependentBeans 952 
 - Autowiring by type from bean name 'welcomePageHandlerMapping' via factory method to bean named 'mvcConversionService'
2026-03-27 16:10:21 [main] DEBUG o.s.b.f.s.DefaultListableBeanFactory registerDependentBeans 952 
 - Autowiring by type from bean name 'welcomePageHandlerMapping' via factory method to bean named 'mvcResourceUrlProvider'
2026-03-27 16:10:21 [main] INFO  o.s.b.a.w.s.WelcomePageHandlerMapping <init> 60 
 - Adding welcome page template: index
2026-03-27 16:10:21 [main] DEBUG o.s.b.f.s.DefaultListableBeanFactory getSingleton 225 
 - Creating shared instance of singleton bean 'welcomePageNotAcceptableHandlerMapping'
2026-03-27 16:10:21 [main] DEBUG o.s.b.f.s.DefaultListableBeanFactory registerDependentBeans 952 
 - Autowiring by type from bean name 'welcomePageNotAcceptableHandlerMapping' via factory method to bean named 'org.springframework.boot.web.servlet.context.AnnotationConfigServletWebServerApplicationContext@5c33f1a9'
2026-03-27 16:10:21 [main] DEBUG o.s.b.f.s.DefaultListableBeanFactory registerDependentBeans 952 
 - Autowiring by type from bean name 'welcomePageNotAcceptableHandlerMapping' via factory method to bean named 'mvcConversionService'
2026-03-27 16:10:21 [main] DEBUG o.s.b.f.s.DefaultListableBeanFactory registerDependentBeans 952 
 - Autowiring by type from bean name 'welcomePageNotAcceptableHandlerMapping' via factory method to bean named 'mvcResourceUrlProvider'
2026-03-27 16:10:21 [main] DEBUG o.s.b.f.s.DefaultListableBeanFactory getSingleton 225 
 - Creating shared instance of singleton bean 'themeResolver'
2026-03-27 16:10:21 [main] DEBUG o.s.b.f.s.DefaultListableBeanFactory getSingleton 225 
 - Creating shared instance of singleton bean 'flashMapManager'
2026-03-27 16:10:21 [main] DEBUG o.s.b.f.s.DefaultListableBeanFactory getSingleton 225 
 - Creating shared instance of singleton bean 'requestMappingHandlerMapping'
2026-03-27 16:10:21 [main] DEBUG o.s.b.f.s.DefaultListableBeanFactory registerDependentBeans 952 
 - Autowiring by type from bean name 'requestMappingHandlerMapping' via factory method to bean named 'mvcContentNegotiationManager'
2026-03-27 16:10:21 [main] DEBUG o.s.b.f.s.DefaultListableBeanFactory registerDependentBeans 952 
 - Autowiring by type from bean name 'requestMappingHandlerMapping' via factory method to bean named 'mvcConversionService'
2026-03-27 16:10:21 [main] DEBUG o.s.b.f.s.DefaultListableBeanFactory registerDependentBeans 952 
 - Autowiring by type from bean name 'requestMappingHandlerMapping' via factory method to bean named 'mvcResourceUrlProvider'
2026-03-27 16:10:21 [main] DEBUG _.s.w.s.HandlerMapping.Mappings detectHandlerMethods 295 
 - 
	k.c.k.l.a.c.c.CsCertController:
	{GET [/certificate/cs]}: csCert(HttpServletRequest)
2026-03-27 16:10:21 [main] DEBUG _.s.w.s.HandlerMapping.Mappings detectHandlerMethods 295 
 - 
	k.c.k.l.a.c.c.CustomerCertController:
	{GET [/certificate/customer]}: customerCert(HttpServletRequest)
2026-03-27 16:10:21 [main] DEBUG _.s.w.s.HandlerMapping.Mappings detectHandlerMethods 295 
 - 
	k.c.k.l.a.c.c.BreakdownController:
	{GET [/charger/breakdown]}: breakdownCreate(HttpServletRequest)
	{GET [/charger/breakdown/detail]}: breakdownDetail(HttpServletRequest,String)
	{GET [/charger/breakdown/list]}: breakdownList(HttpServletRequest)
2026-03-27 16:10:21 [main] DEBUG _.s.w.s.HandlerMapping.Mappings detectHandlerMethods 295 
 - 
	k.c.k.l.a.c.c.ChargePointController:
	{GET [/charger/chargePoint/detail]}: chargePointDetail(HttpServletRequest,String)
	{GET [/charger/chargePoint/read]}: chargePointRead(HttpServletRequest,String)
	{GET [/charger/chargePoint]}: chargePointCreate(HttpServletRequest)
	{GET [/charger/chargePoint/list]}: chargePointList(HttpServletRequest)
2026-03-27 16:10:21 [main] DEBUG _.s.w.s.HandlerMapping.Mappings detectHandlerMethods 295 
 - 
	k.c.k.l.a.c.c.ChargerStatusInfoController:
	{GET [/charger/statusInfo/list]}: chargerStatusList(HttpServletRequest)
	{GET [/charger/statusInfo/fmwVersion]}: fmwVersion(HttpServletRequest)
2026-03-27 16:10:21 [main] DEBUG _.s.w.s.HandlerMapping.Mappings detectHandlerMethods 295 
 - 
	k.c.k.l.a.c.c.ChargerStatusLogController:
	{GET [/charger/statusLog/list]}: statusLogList(HttpServletRequest,String)
2026-03-27 16:10:21 [main] DEBUG _.s.w.s.HandlerMapping.Mappings detectHandlerMethods 295 
 - 
	k.c.k.l.a.c.c.ChargingProfileController:
	{GET [/charger/chargingProfile/detail]}: detail(HttpServletRequest,Integer,String,String,String)
	{GET [/charger/chargingProfile/list]}: list(HttpServletRequest,String,String)
2026-03-27 16:10:21 [main] DEBUG _.s.w.s.HandlerMapping.Mappings detectHandlerMethods 295 
 - 
	k.c.k.l.a.c.c.ChargingStationController:
	{GET [/charger/chargingStation]}: chargingStationCreate(HttpServletRequest)
	{GET [/charger/chargingStation/list]}: chargingStationList(HttpServletRequest)
	{GET [/charger/chargingStation/detail]}: chargingStationDetail(HttpServletRequest,String,String)
2026-03-27 16:10:21 [main] DEBUG _.s.w.s.HandlerMapping.Mappings detectHandlerMethods 295 
 - 
	k.c.k.l.a.c.c.CSCmdController:
	{GET [/charger/chargingStation/control]}: control(HttpServletRequest)
	{GET [/charger/chargingStation/{protocol}/control]}: kev001Control(HttpServletRequest,String)
	{GET [/charger/chargingStation/dev/control]}: devControl(HttpServletRequest)
2026-03-27 16:10:21 [main] DEBUG _.s.w.s.HandlerMapping.Mappings detectHandlerMethods 295 
 - 
	k.c.k.l.a.c.c.CsConfigurationController:
	{GET [/charger/csConfiguration/list]}: csConfigurationList(HttpServletRequest,String,String)
2026-03-27 16:10:21 [main] DEBUG _.s.w.s.HandlerMapping.Mappings detectHandlerMethods 295 
 - 
	k.c.k.l.a.c.c.CSDrCmdController:
	{GET [/charger/chargingStation/dr/control]}: kev001Control(HttpServletRequest)
2026-03-27 16:10:21 [main] DEBUG _.s.w.s.HandlerMapping.Mappings detectHandlerMethods 295 
 - 
	k.c.k.l.a.c.c.CsVariableController:
	{GET [/charger/csVariable/list]}: csVariableList(HttpServletRequest,String,String)
2026-03-27 16:10:21 [main] DEBUG _.s.w.s.HandlerMapping.Mappings detectHandlerMethods 295 
 - 
	k.c.k.l.a.c.c.DisplayMessageController:
	{GET [/charger/displayMessage/detail]}: detail(HttpServletRequest,Integer,String,String,String)
	{GET [/charger/displayMessage/list]}: list(HttpServletRequest,String,String)
2026-03-27 16:10:21 [main] DEBUG _.s.w.s.HandlerMapping.Mappings detectHandlerMethods 295 
 - 
	k.c.k.l.a.c.c.LocalCustomerController:
	{GET [/localCustomer/detail]}: detail(HttpServletRequest,String,String)
	{GET [/localCustomer/list]}: list(HttpServletRequest)
2026-03-27 16:10:21 [main] DEBUG _.s.w.s.HandlerMapping.Mappings detectHandlerMethods 295 
 - 
	k.c.k.l.a.c.ChargerControlController:
	{GET [/charger/control/ocpp16]}: ocpp16ControlPage(HttpServletRequest)
2026-03-27 16:10:21 [main] DEBUG _.s.w.s.HandlerMapping.Mappings detectHandlerMethods 295 
 - 
	k.c.k.l.a.c.c.CustomerCardController:
	{GET [/customerCard/list]}: customerCardList(HttpServletRequest)
2026-03-27 16:10:21 [main] DEBUG _.s.w.s.HandlerMapping.Mappings detectHandlerMethods 295 
 - 
	k.c.k.l.a.c.c.CustomerController:
	{GET [/customer]}: customerCreate(HttpServletRequest)
	{GET [/customer/list]}: customerList(HttpServletRequest)
	{GET [/customer/detail]}: customerDetail(HttpServletRequest,String)
2026-03-27 16:10:21 [main] DEBUG _.s.w.s.HandlerMapping.Mappings detectHandlerMethods 295 
 - 
	k.c.k.l.a.c.c.ReCustomerCardController:
	{GET [/reCustomerCard/list]}: customerCardList(HttpServletRequest)
2026-03-27 16:10:21 [main] DEBUG _.s.w.s.HandlerMapping.Mappings detectHandlerMethods 295 
 - 
	k.c.k.l.a.c.LoginController:
	{ [/login]}: loginPage(HttpServletRequest)
	{ [/login/denied]}: denied(Model)
2026-03-27 16:10:21 [main] DEBUG _.s.w.s.HandlerMapping.Mappings detectHandlerMethods 295 
 - 
	k.c.k.l.a.c.MainController:
	{GET [/index]}: index()
	{ [/]}: root(HttpServletRequest)
	{GET [/operation/main]}: mainOperation()
	{GET [/admin/main]}: mainAdmin()
2026-03-27 16:10:21 [main] DEBUG _.s.w.s.HandlerMapping.Mappings detectHandlerMethods 295 
 - 
	k.c.k.l.a.c.o.CompanyController:
	{GET [/organization/company/list]}: companyList(HttpServletRequest)
	{GET [/organization/company/detail]}: companyDetail(HttpServletRequest,String)
	{GET [/organization/company]}: companyCreate(HttpServletRequest)
2026-03-27 16:10:21 [main] DEBUG _.s.w.s.HandlerMapping.Mappings detectHandlerMethods 295 
 - 
	k.c.k.l.a.c.o.EmployeeController:
	{GET [/organization/employee/detail]}: employeeDetail(HttpServletRequest,String,String)
	{GET [/organization/employee/list]}: employeeList(HttpServletRequest)
	{GET [/organization/employee]}: employeeCreate(HttpServletRequest)
2026-03-27 16:10:21 [main] DEBUG _.s.w.s.HandlerMapping.Mappings detectHandlerMethods 295 
 - 
	k.c.k.l.a.c.p.ProductController:
	{GET [/product/list]}: productList(HttpServletRequest)
	{GET [/product/detail]}: productDetail(HttpServletRequest,String)
2026-03-27 16:10:21 [main] DEBUG _.s.w.s.HandlerMapping.Mappings detectHandlerMethods 295 
 - 
	k.c.k.l.a.c.r.RechargingController:
	{GET [/recharging/customer/list]}: rechargingCustomerList(HttpServletRequest)
	{GET [/recharging/adjustment/list]}: rechargingAdjustmentList(HttpServletRequest)
	{GET [/recharging/list]}: rechargingList(HttpServletRequest)
2026-03-27 16:10:21 [main] DEBUG _.s.w.s.HandlerMapping.Mappings detectHandlerMethods 295 
 - 
	k.c.k.l.a.c.r.ReservationController:
	{GET [/reservation/detail]}: reservationDetail(HttpServletRequest)
	{GET [/reservation/list]}: reservationList(HttpServletRequest)
2026-03-27 16:10:21 [main] DEBUG _.s.w.s.HandlerMapping.Mappings detectHandlerMethods 295 
 - 
	k.c.k.l.a.c.r.StationExcepController:
	{GET [/recharging/exception/list]}: reservationExceptionList(HttpServletRequest)
	{GET [/recharging/exception/view]}: reservationList(HttpServletRequest)
2026-03-27 16:10:21 [main] DEBUG _.s.w.s.HandlerMapping.Mappings detectHandlerMethods 295 
 - 
	k.c.k.l.a.c.s.AccessLogController:
	{GET [/system/access/log]}: accessLog(HttpServletRequest)
2026-03-27 16:10:21 [main] DEBUG _.s.w.s.HandlerMapping.Mappings detectHandlerMethods 295 
 - 
	k.c.k.l.a.c.s.AuthorityController:
	{GET [/system/authority]}: unPayment(HttpServletRequest)
2026-03-27 16:10:21 [main] DEBUG _.s.w.s.HandlerMapping.Mappings detectHandlerMethods 295 
 - 
	k.c.k.l.a.c.s.CarModelController:
	{GET [/system/carModel/list]}: carModelList(HttpServletRequest)
	{GET [/system/carModel]}: carModelCreate(HttpServletRequest)
	{GET [/system/carModel/detail]}: carModelDetail(HttpServletRequest,String)
2026-03-27 16:10:21 [main] DEBUG _.s.w.s.HandlerMapping.Mappings detectHandlerMethods 295 
 - 
	k.c.k.l.a.c.s.CommonCodeController:
	{GET [/system/commonCode/detail]}: commonCodeDetail(HttpServletRequest)
	{GET [/system/commonCode/list]}: commonCodeList(HttpServletRequest)
2026-03-27 16:10:21 [main] DEBUG _.s.w.s.HandlerMapping.Mappings detectHandlerMethods 295 
 - 
	k.c.k.l.a.c.s.ConsultCodeController:
	{GET [/system/consultCode/list]}: consultCodeList(HttpServletRequest)
2026-03-27 16:10:21 [main] DEBUG _.s.w.s.HandlerMapping.Mappings detectHandlerMethods 295 
 - 
	k.c.k.l.a.c.s.MenuController:
	{GET [/system/menu/menuList]}: menuList(HttpServletRequest)
	{GET [/system/menu]}: menuCreate(HttpServletRequest)
	{GET [/system/menu/detail]}: menuDetail(HttpServletRequest,String)
2026-03-27 16:10:21 [main] DEBUG _.s.w.s.HandlerMapping.Mappings detectHandlerMethods 295 
 - 
	k.c.k.l.a.c.s.RemoteLogController:
	{GET [/system/remoteLog/list]}: remoteLogList(HttpServletRequest)
2026-03-27 16:10:21 [main] DEBUG _.s.w.s.HandlerMapping.Mappings detectHandlerMethods 295 
 - 
	k.c.k.l.a.r.c.CsCertResource:
	{GET [/ws/certificate/cs/search]}: searchCsCertList(CsCertSearchCond,HttpServletRequest)
	{GET [/ws/certificate/cs/detail/{certId}]}: searchCsCertDetail(BigInteger,HttpServletRequest)
2026-03-27 16:10:21 [main] DEBUG _.s.w.s.HandlerMapping.Mappings detectHandlerMethods 295 
 - 
	k.c.k.l.a.r.c.CustomerCertResource:
	{GET [/ws/certificate/customer/detail/{customerId}]}: searchCustomerCertDetail(String,HttpServletRequest)
	{GET [/ws/certificate/customer/search]}: searchCustomerCertList(CustomerCertSearchCond,HttpServletRequest)
2026-03-27 16:10:21 [main] DEBUG _.s.w.s.HandlerMapping.Mappings detectHandlerMethods 295 
 - 
	k.c.k.l.a.r.c.BreakdownResource:
	{POST [/ws/charger/breakdown]}: registerBreakdownInfo(BreakdownInfo,HttpServletRequest)
	{POST [/ws/charger/breakdown/repair]}: registerBreakdownRepairInfo(BreakdownRepairInfo,HttpServletRequest)
	{GET [/ws/charger/breakdown/list]}: searchBreakdownMgtInfoBySearchCond(BreakdownSearchCond,HttpServletRequest)
	{GET [/ws/charger/breakdown/{id}]}: searchBreakdownMgtInfoById(String,HttpServletRequest)
	{PUT [/ws/charger/breakdown]}: updateChargePoint(BreakdownInfo,HttpServletRequest)
2026-03-27 16:10:21 [main] DEBUG _.s.w.s.HandlerMapping.Mappings detectHandlerMethods 295 
 - 
	k.c.k.l.a.r.c.ChargePointResource:
	{GET [/ws/charger/chargePoint]}: searchChargePointList(ChargePointSearchCond,HttpServletRequest)
	{POST [/ws/charger/chargePoint]}: registerChargePointForm(ChargePoint,HttpServletRequest)
	{GET [/ws/charger/chargePoint/download/list]}: downloadCharePointList(ChargePointSearchCond,Model,HttpServletRequest)
	{GET [/ws/charger/chargePoint/checkDupleChargePointId/{cpId}]}: checkDupleChargePointId(String,HttpServletRequest)
	{GET [/ws/charger/chargePoint/{cpId}]}: searchChargePointDetail(String,HttpServletRequest)
	{GET [/ws/charger/chargePoint/allChargePointList4Monitoring]}: searchAllChargePointList4Monitoring(ChargePointSearchCond,HttpServletRequest)
	{PUT [/ws/charger/chargePoint/{cpId}]}: updateChargePoint(String,ChargePoint,HttpServletRequest)
	{PUT [/ws/charger/chargePoint/delete/{cpId}]}: deleteSpot(String,HttpServletRequest)
2026-03-27 16:10:21 [main] DEBUG _.s.w.s.HandlerMapping.Mappings detectHandlerMethods 295 
 - 
	k.c.k.l.a.r.c.ChargerStatusLogResource:
	{GET [/ws/charger/logList]}: searchChargerLog(ChargerStatusInfoHisSearchCond,HttpServletRequest)
2026-03-27 16:10:21 [main] DEBUG _.s.w.s.HandlerMapping.Mappings detectHandlerMethods 295 
 - 
	k.c.k.l.a.r.c.ChargerStatusResource:
	{GET [/ws/charger/status]}: searchChargerStatus(ChargerStatusSearchCond,HttpServletRequest)
	{GET [/ws/charger/status/chargerList/{cpCsId}]}: downloadCharStatInfoList(String,HttpServletRequest)
2026-03-27 16:10:21 [main] DEBUG _.s.w.s.HandlerMapping.Mappings detectHandlerMethods 295 
 - 
	k.c.k.l.a.r.c.ChargingProfileResource:
	{PUT [/ws/chargingProfile/{profileId}]}: update(int,Map)
	{POST [/ws/chargingProfile]}: register(Map)
	{DELETE [/ws/chargingProfile/{profileId}]}: delete(int,String,String)
	{GET [/ws/chargingProfile/{profileId}]}: findOne(int,String,String)
	{GET [/ws/chargingProfile/list]}: searchList(ChargingProfileSearchCond)
2026-03-27 16:10:21 [main] DEBUG _.s.w.s.HandlerMapping.Mappings detectHandlerMethods 295 
 - 
	k.c.k.l.a.r.c.ChargingStationInfoResource:
	{GET [/ws/charger/finder]}: findChargerByChargerSearchCond(ChargingStationSearchCond,HttpServletRequest)
	{GET [/ws/charger/chargingStation/download/list]}: downloadChargingStationList(ChargingStationSearchCond,Model,HttpServletRequest)
	{POST [/ws/charger/chargingStation]}: registerChargingStation(ChargingStation,HttpServletRequest)
	{DELETE [/ws/charger/chargingStation/{cpId}/{csId}]}: removeChargingStation(String,String,HttpServletRequest)
	{PUT [/ws/charger/chargingStation/{cpId}/{csId}]}: searchChargingStationDto(String,String,ChargingStation,HttpServletRequest)
	{GET [/ws/charger/chargingStation/{cpId}/{csId}]}: searchChargingStationDto(String,String,HttpServletRequest)
	{GET [/ws/charger/{cpId}/list]}: searchChargerList(String,HttpServletRequest)
	{GET [/ws/charger/{cpId}/{csId}/info]}: searchChargerInfo(String,String,HttpServletRequest)
	{GET [/ws/charger/maxCpId/{cpId}]}: retrieveMaxCsId(String,HttpServletRequest)
2026-03-27 16:10:21 [main] DEBUG _.s.w.s.HandlerMapping.Mappings detectHandlerMethods 295 
 - 
	k.c.k.l.a.r.c.CsConfigurationResource:
	{GET [/ws/charger/csConfiguration/all]}: searchAll(String,String,HttpServletRequest)
	{GET [/ws/charger/csConfiguration/list]}: searchList(CsConfigurationSearchCond,HttpServletRequest)
2026-03-27 16:10:21 [main] DEBUG _.s.w.s.HandlerMapping.Mappings detectHandlerMethods 295 
 - 
	k.c.k.l.a.r.c.CsVariableResource:
	{GET [/ws/charger/csVariable/all]}: searchAll(String,String,HttpServletRequest)
	{GET [/ws/charger/csVariable/list]}: searchList(CsVariableSearchCond,HttpServletRequest)
2026-03-27 16:10:21 [main] DEBUG _.s.w.s.HandlerMapping.Mappings detectHandlerMethods 295 
 - 
	k.c.k.l.a.r.c.DisplayMessageResource:
	{PUT [/ws/displayMessage/{messageId}]}: update(int,DisplayMessage)
	{POST [/ws/displayMessage]}: register(DisplayMessage)
	{DELETE [/ws/displayMessage/{messageId}]}: delete(int,String,String)
	{GET [/ws/displayMessage/{messageId}]}: findOne(int,String,String)
	{GET [/ws/displayMessage/list]}: searchList(DisplayMessageSearchCond,HttpServletRequest)
2026-03-27 16:10:21 [main] DEBUG _.s.w.s.HandlerMapping.Mappings detectHandlerMethods 295 
 - 
	k.c.k.l.a.r.c.LocalCustomerResource:
	{POST [/ws/localCustomer]}: register(CsLocalCustomer)
	{DELETE [/ws/localCustomer]}: delete(String,String)
	{POST [/ws/localCustomer/token]}: addToken(CsLocalCustomerToken)
	{DELETE [/ws/localCustomer/token]}: deleteToken(String,String,String,String)
	{GET [/ws/localCustomer/detail]}: findOne(String,String)
	{GET [/ws/localCustomer/list]}: searchList(CsLocalCustomerSearchCond)
2026-03-27 16:10:21 [main] DEBUG _.s.w.s.HandlerMapping.Mappings detectHandlerMethods 295 
 - 
	k.c.k.l.a.r.c.Ocpp16CmdResource:
	{PUT [/ws/cmd/ocpp16/{csId}]}: command(String,ParamVo2,HttpServletRequest)
	{POST [/ws/cmd/ocpp16/bypass/{cpCsId}]}: bypassCommand(String,Map,HttpServletRequest)
	{GET [/ws/cmd/ocpp16/bypass/sessions]}: bypassSessions(HttpServletRequest)
2026-03-27 16:10:21 [main] DEBUG _.s.w.s.HandlerMapping.Mappings detectHandlerMethods 295 
 - 
	k.c.k.l.a.r.c.Ocpp20CmdResource:
	{PUT [/ws/cmd/ocpp20/{csId}]}: command(String,ParamVo2,HttpServletRequest)
	{POST [/ws/cmd/ocpp20/bypass/{cpCsId}]}: bypassCommand(String,Map,HttpServletRequest)
	{GET [/ws/cmd/ocpp20/bypass/sessions]}: bypassSessions(HttpServletRequest)
2026-03-27 16:10:21 [main] DEBUG _.s.w.s.HandlerMapping.Mappings detectHandlerMethods 295 
 - 
	k.c.k.l.a.r.c.CarModelResource:
	{GET [/ws/carModel/search]}: serachCarModel(CarModelSearchCond,HttpServletRequest)
2026-03-27 16:10:21 [main] DEBUG _.s.w.s.HandlerMapping.Mappings detectHandlerMethods 295 
 - 
	k.c.k.l.a.r.c.CommonCodeResource:
	{GET [/ws/common/codes/{codeId}]}: searchCommonCodesByParentCode(String,HttpServletRequest)
	{GET [/ws/common/codes]}: searchCommonCodes(CodeSearchCond,HttpServletRequest)
2026-03-27 16:10:21 [main] DEBUG _.s.w.s.HandlerMapping.Mappings detectHandlerMethods 295 
 - 
	k.c.k.l.a.r.c.CommonValResource:
	{GET [/ws/common/val]}: searchCommonVals(CodeSearchCond,HttpServletRequest)
	{GET [/ws/common/val/{pCode}]}: searchCommonVals(String,HttpServletRequest)
2026-03-27 16:10:21 [main] DEBUG _.s.w.s.HandlerMapping.Mappings detectHandlerMethods 295 
 - 
	k.c.k.l.a.r.c.FileResource:
	{POST [/ws/file/ocpp/upload/{csUniqId}]}: fileUpload4checkList(String,MultipartFile)
	{ [/ws/file/download]}: downloadFile(ManagementFile)
	{POST [/ws/file/upload]}: fileUpload(MultipartFile)
2026-03-27 16:10:21 [main] DEBUG _.s.w.s.HandlerMapping.Mappings detectHandlerMethods 295 
 - 
	k.c.k.l.a.r.c.CustomerCardResource:
	{GET [/ws/customer/card]}: searchCustomerCardList(CustomerCardSearchCond,HttpServletRequest)
	{POST [/ws/customer/card]}: registerCustomerCard(CustomerCard,HttpServletRequest)
	{GET [/ws/customer/card/check/{cutCardNo}]}: checkCardNo(String,HttpServletRequest)
	{PUT [/ws/customer/card/save/{customerId}]}: updateCustomerCard(String,CustomerCard,HttpServletRequest)
	{PUT [/ws/customer/card/changeCustStatCode/{cutCardNo}/status/{custStatCode}]}: changeCustStatCode(String,String,HttpServletRequest)
2026-03-27 16:10:21 [main] DEBUG _.s.w.s.HandlerMapping.Mappings detectHandlerMethods 295 
 - 
	k.c.k.l.a.r.c.CustomerResource:
	{GET [/ws/customer/detail/{customerId}]}: searchCustomerDetail(String,HttpServletRequest)
	{GET [/ws/customer/search]}: searchEmployeeList(CustomerSearchCond,HttpServletRequest)
	{POST [/ws/customer]}: registerCustomer(CustomerDto,HttpServletRequest)
	{PUT [/ws/customer/{customerId}]}: updateCustomer(String,CustomerDto,HttpServletRequest)
2026-03-27 16:10:21 [main] DEBUG _.s.w.s.HandlerMapping.Mappings detectHandlerMethods 295 
 - 
	k.c.k.l.a.r.o.CompanyResource:
	{GET [/ws/organization/company/retrieve/{companyId}]}: searchCompanyDetail(String,HttpServletRequest)
	{GET [/ws/organization/company/search]}: searchEmployeeBySearchCond(CompanySearchCond,HttpServletRequest)
	{GET [/ws/organization/company/list]}: searchCompanyList(CompanySearchCond,HttpServletRequest)
	{POST [/ws/organization/company/register]}: registerCompany(Company,HttpServletRequest)
	{DELETE [/ws/organization/company/remove/{companyId}]}: deleteCompany(String,HttpServletRequest)
	{PUT [/ws/organization/company/modify/{companyId}]}: updateCompany(String,CompanyDto,HttpServletRequest)
2026-03-27 16:10:21 [main] DEBUG _.s.w.s.HandlerMapping.Mappings detectHandlerMethods 295 
 - 
	k.c.k.l.a.r.o.EmployeeResource:
	{GET [/ws/organization/employee/{employeeId}]}: searchEmployeeDetail(String,HttpServletRequest)
	{GET [/ws/organization/employee/search]}: searchEmployeeBySearchCond(EmployeeSearchCond,HttpServletRequest)
	{GET [/ws/organization/employee/searchAdmin]}: searchAdminEmployee(HttpServletRequest)
	{GET [/ws/organization/employee]}: searchEmployeeList(EmployeeSearchCond,HttpServletRequest)
	{DELETE [/ws/organization/employee/{employeeId}]}: removeCompany(String,Employee,HttpServletRequest)
	{PUT [/ws/organization/employee/{employeeId}]}: updateCompany(String,Employee,HttpServletRequest)
	{POST [/ws/organization/employee]}: registerEmployee(Employee,HttpServletRequest)
2026-03-27 16:10:21 [main] DEBUG _.s.w.s.HandlerMapping.Mappings detectHandlerMethods 295 
 - 
	k.c.k.l.a.r.p.ProductResource:
	{GET [/ws/product/prodType/{prodType}]}: getProductByProdType(String,HttpServletRequest)
	{GET [/ws/product/search]}: findProductByProductSearchCond(ProductSearchCond,HttpServletRequest)
	{DELETE [/ws/product/{id}]}: removeProductPrice(String,ProductPrice,HttpServletRequest)
	{GET [/ws/product/exist/{productId}]}: existProductId(String,HttpServletRequest)
	{GET [/ws/product/detail/{productId}]}: getProductDetail(String,HttpServletRequest)
	{PUT [/ws/product]}: modifyProduct(Product,HttpServletRequest)
	{POST [/ws/product]}: registerProduct(Product,HttpServletRequest)
2026-03-27 16:10:21 [main] DEBUG _.s.w.s.HandlerMapping.Mappings detectHandlerMethods 295 
 - 
	k.c.k.l.a.r.r.ChargingSchedueResource:
	{GET [/ws/charging/schedule/list]}: findChargingScheduleBySearchCond(ChargingScheduleSearchCond,HttpServletRequest)
	{PUT [/ws/charging/schedule]}: saveChargingSchedule(ChargingSchedule,HttpServletRequest)
2026-03-27 16:10:21 [main] DEBUG _.s.w.s.HandlerMapping.Mappings detectHandlerMethods 295 
 - 
	k.c.k.l.a.r.r.RechargingResource:
	{GET [/ws/recharging/download/customer/list]}: downloadRechargingListWithCustomer(RechargingSearchCond,Model,HttpServletRequest)
	{GET [/ws/recharging/detail/{rechargingId}]}: getRechargingDetail(String,HttpServletRequest)
	{GET [/ws/recharging/download/list]}: downloadRechargingList(RechargingSearchCond,Model,HttpServletRequest)
	{PUT [/ws/recharging]}: completeRechargingInfo(Recharging,HttpServletRequest)
	{GET [/ws/recharging/customer/list]}: findRechargingListWithCustomer(RechargingSearchCond,HttpServletRequest)
	{GET [/ws/recharging/list]}: findRechargingList(RechargingSearchCond,HttpServletRequest)
2026-03-27 16:10:21 [main] DEBUG _.s.w.s.HandlerMapping.Mappings detectHandlerMethods 295 
 - 
	k.c.k.l.a.r.r.ReservationResource:
	{GET [/ws/reservation/detail/{id}]}: searchReservationDetail(Long)
	{GET [/ws/reservation/list]}: searchReservationList(ReservationSearchCond)
	{POST [/ws/reservation/cancel]}: modifyReservationCancel(Map)
	{POST [/ws/reservation]}: registerReservation(Reservation)
2026-03-27 16:10:21 [main] DEBUG _.s.w.s.HandlerMapping.Mappings detectHandlerMethods 295 
 - 
	k.c.k.l.a.r.s.AccessLogResource:
	{GET [/ws/system/access/log]}: retrieveAccessLogBySearchCond(AccessLogSearchCond,HttpServletRequest)
2026-03-27 16:10:21 [main] DEBUG _.s.w.s.HandlerMapping.Mappings detectHandlerMethods 295 
 - 
	k.c.k.l.a.r.s.AuthorityResource:
	{POST [/ws/system/modifyUserRoleTypeAuthForMenu]}: modifyUserRoleTypeAuthForMenu(String,String,String,HttpServletRequest)
	{GET [/ws/system/userRoleTypeList]}: searchUserRoleTypeList(HttpServletRequest)
	{GET [/ws/system/findUserInfoDto]}: findUserInfoDtoBySearchCond(UserSearchCond,HttpServletRequest)
	{GET [/ws/system/userRoleTypeMenuList]}: searchUserRoleTypeMenuList(String,HttpServletRequest)
	{GET [/ws/system/allChildMenuList]}: searchAllChildMenuList(HttpServletRequest)
	{GET [/ws/system/myUserInfo]}: getMyUserInfo(HttpServletRequest)
2026-03-27 16:10:21 [main] DEBUG _.s.w.s.HandlerMapping.Mappings detectHandlerMethods 295 
 - 
	k.c.k.l.a.r.s.CarModeResource:
	{GET [/ws/system/carModel/{carModelId}]}: searcMenuDetail(String,HttpServletRequest)
	{GET [/ws/system/carModel]}: searchCarModelList(CarModelSearchCond,HttpServletRequest)
	{POST [/ws/system/carModel]}: registerCarModel(CarModel,HttpServletRequest)
	{PUT [/ws/system/carModel/{carModelId}]}: updateMenu(String,CarModel,HttpServletRequest)
2026-03-27 16:10:21 [main] DEBUG _.s.w.s.HandlerMapping.Mappings detectHandlerMethods 295 
 - 
	k.c.k.l.a.r.s.CommonCodeMgtResource:
	{GET [/ws/system/commonCodeList]}: retrieveCodeByCodeSearchCond(CodeSearchCond,HttpServletRequest)
2026-03-27 16:10:21 [main] DEBUG _.s.w.s.HandlerMapping.Mappings detectHandlerMethods 295 
 - 
	k.c.k.l.a.r.s.MenuResource:
	{GET [/ws/system/menu/{menuId}]}: searcMenuDetail(String,HttpServletRequest)
	{PUT [/ws/system/menu/{menuId}]}: updateMenu(String,Menu,HttpServletRequest)
	{GET [/ws/system/menu]}: searchMenuList(MenuSearchCond,HttpServletRequest)
	{POST [/ws/system/menu]}: registerMenuForm(MenuDto,HttpServletRequest)
	{DELETE [/ws/system/menu/{menuId}]}: deleteMenu(String,HttpServletRequest)
2026-03-27 16:10:21 [main] DEBUG _.s.w.s.HandlerMapping.Mappings detectHandlerMethods 295 
 - 
	k.c.k.l.a.r.s.RemoteLogResource:
	{GET [/ws/system/remoteLog/{uuid}]}: detail(String,HttpServletRequest)
	{DELETE [/ws/system/remoteLog/{uuid}]}: delete(String,HttpServletRequest)
	{GET [/ws/system/remoteLog/list]}: searchList(RemoteLogSearchCond,HttpServletRequest)
2026-03-27 16:10:21 [main] DEBUG _.s.w.s.HandlerMapping.Mappings detectHandlerMethods 295 
 - 
	k.c.k.l.a.r.s.UserResource:
	{PUT [/ws/system/user/{employeeId}]}: updateTargetPaymentInfo(String,User,HttpServletRequest)
	{GET [/ws/system/user/checkDupleLoginId/{loginId}]}: checkDupleLoginId(String,HttpServletRequest)
2026-03-27 16:10:21 [main] DEBUG _.s.w.s.HandlerMapping.Mappings detectHandlerMethods 295 
 - 
	o.s.b.a.w.s.e.BasicErrorController:
	{ [/error]}: error(HttpServletRequest)
	{ [/error], produces [text/html]}: errorHtml(HttpServletRequest,HttpServletResponse)
2026-03-27 16:10:21 [main] DEBUG o.s.w.s.m.m.a.RequestMappingHandlerMapping handlerMethodsInitialized 367 
 - 194 mappings in 'requestMappingHandlerMapping'
2026-03-27 16:10:21 [main] DEBUG o.s.b.f.s.DefaultListableBeanFactory getSingleton 225 
 - Creating shared instance of singleton bean 'mvcPatternParser'
2026-03-27 16:10:21 [main] DEBUG o.s.b.f.s.DefaultListableBeanFactory getSingleton 225 
 - Creating shared instance of singleton bean 'mvcUrlPathHelper'
2026-03-27 16:10:21 [main] DEBUG o.s.b.f.s.DefaultListableBeanFactory getSingleton 225 
 - Creating shared instance of singleton bean 'mvcPathMatcher'
2026-03-27 16:10:21 [main] DEBUG o.s.b.f.s.DefaultListableBeanFactory getSingleton 225 
 - Creating shared instance of singleton bean 'viewControllerHandlerMapping'
2026-03-27 16:10:21 [main] DEBUG o.s.b.f.s.DefaultListableBeanFactory registerDependentBeans 952 
 - Autowiring by type from bean name 'viewControllerHandlerMapping' via factory method to bean named 'mvcConversionService'
2026-03-27 16:10:21 [main] DEBUG o.s.b.f.s.DefaultListableBeanFactory registerDependentBeans 952 
 - Autowiring by type from bean name 'viewControllerHandlerMapping' via factory method to bean named 'mvcResourceUrlProvider'
2026-03-27 16:10:21 [main] DEBUG o.s.b.f.s.DefaultListableBeanFactory getSingleton 225 
 - Creating shared instance of singleton bean 'beanNameHandlerMapping'
2026-03-27 16:10:21 [main] DEBUG o.s.b.f.s.DefaultListableBeanFactory registerDependentBeans 952 
 - Autowiring by type from bean name 'beanNameHandlerMapping' via factory method to bean named 'mvcConversionService'
2026-03-27 16:10:21 [main] DEBUG o.s.b.f.s.DefaultListableBeanFactory registerDependentBeans 952 
 - Autowiring by type from bean name 'beanNameHandlerMapping' via factory method to bean named 'mvcResourceUrlProvider'
2026-03-27 16:10:21 [main] DEBUG _.s.w.s.HandlerMapping.Mappings detectHandlers 86 
 - 'beanNameHandlerMapping' {}
2026-03-27 16:10:21 [main] DEBUG o.s.b.f.s.DefaultListableBeanFactory getSingleton 225 
 - Creating shared instance of singleton bean 'routerFunctionMapping'
2026-03-27 16:10:21 [main] DEBUG o.s.b.f.s.DefaultListableBeanFactory registerDependentBeans 952 
 - Autowiring by type from bean name 'routerFunctionMapping' via factory method to bean named 'mvcConversionService'
2026-03-27 16:10:21 [main] DEBUG o.s.b.f.s.DefaultListableBeanFactory registerDependentBeans 952 
 - Autowiring by type from bean name 'routerFunctionMapping' via factory method to bean named 'mvcResourceUrlProvider'
2026-03-27 16:10:21 [main] DEBUG o.s.b.f.s.DefaultListableBeanFactory getSingleton 225 
 - Creating shared instance of singleton bean 'resourceHandlerMapping'
2026-03-27 16:10:21 [main] DEBUG o.s.b.f.s.DefaultListableBeanFactory registerDependentBeans 952 
 - Autowiring by type from bean name 'resourceHandlerMapping' via factory method to bean named 'mvcContentNegotiationManager'
2026-03-27 16:10:21 [main] DEBUG o.s.b.f.s.DefaultListableBeanFactory registerDependentBeans 952 
 - Autowiring by type from bean name 'resourceHandlerMapping' via factory method to bean named 'mvcConversionService'
2026-03-27 16:10:21 [main] DEBUG o.s.b.f.s.DefaultListableBeanFactory registerDependentBeans 952 
 - Autowiring by type from bean name 'resourceHandlerMapping' via factory method to bean named 'mvcResourceUrlProvider'
2026-03-27 16:10:21 [main] DEBUG _.s.w.s.HandlerMapping.Mappings logMappings 177 
 - 'resourceHandlerMapping' {/webjars/**=ResourceHttpRequestHandler [classpath [META-INF/resources/webjars/]], /**=ResourceHttpRequestHandler [classpath [META-INF/resources/], classpath [resources/], classpath [static/], classpath [public/], ServletContext [/]], /resources/**=ResourceHttpRequestHandler [classpath [static/]]}
2026-03-27 16:10:21 [main] DEBUG o.s.b.f.s.DefaultListableBeanFactory getSingleton 225 
 - Creating shared instance of singleton bean 'defaultServletHandlerMapping'
2026-03-27 16:10:21 [main] DEBUG o.s.b.f.s.DefaultListableBeanFactory getSingleton 225 
 - Creating shared instance of singleton bean 'handlerFunctionAdapter'
2026-03-27 16:10:21 [main] DEBUG o.s.b.f.s.DefaultListableBeanFactory getSingleton 225 
 - Creating shared instance of singleton bean 'mvcUriComponentsContributor'
2026-03-27 16:10:21 [main] DEBUG o.s.b.f.s.DefaultListableBeanFactory registerDependentBeans 952 
 - Autowiring by type from bean name 'mvcUriComponentsContributor' via factory method to bean named 'mvcConversionService'
2026-03-27 16:10:21 [main] DEBUG o.s.b.f.s.DefaultListableBeanFactory registerDependentBeans 952 
 - Autowiring by type from bean name 'mvcUriComponentsContributor' via factory method to bean named 'requestMappingHandlerAdapter'
2026-03-27 16:10:22 [main] DEBUG o.s.b.f.s.DefaultListableBeanFactory getSingleton 225 
 - Creating shared instance of singleton bean 'httpRequestHandlerAdapter'
2026-03-27 16:10:22 [main] DEBUG o.s.b.f.s.DefaultListableBeanFactory getSingleton 225 
 - Creating shared instance of singleton bean 'simpleControllerHandlerAdapter'
2026-03-27 16:10:22 [main] DEBUG o.s.b.f.s.DefaultListableBeanFactory getSingleton 225 
 - Creating shared instance of singleton bean 'handlerExceptionResolver'
2026-03-27 16:10:22 [main] DEBUG o.s.b.f.s.DefaultListableBeanFactory registerDependentBeans 952 
 - Autowiring by type from bean name 'handlerExceptionResolver' via factory method to bean named 'mvcContentNegotiationManager'
2026-03-27 16:10:22 [main] DEBUG o.s.w.s.m.m.a.ExceptionHandlerExceptionResolver initExceptionHandlerAdviceCache 307 
 - ControllerAdvice beans: 0 @ExceptionHandler, 1 ResponseBodyAdvice
2026-03-27 16:10:22 [main] DEBUG o.s.b.f.s.DefaultListableBeanFactory getSingleton 225 
 - Creating shared instance of singleton bean 'mvcViewResolver'
2026-03-27 16:10:22 [main] DEBUG o.s.b.f.s.DefaultListableBeanFactory registerDependentBeans 952 
 - Autowiring by type from bean name 'mvcViewResolver' via factory method to bean named 'mvcContentNegotiationManager'
2026-03-27 16:10:22 [main] DEBUG o.s.b.f.s.DefaultListableBeanFactory getSingleton 225 
 - Creating shared instance of singleton bean 'viewNameTranslator'
2026-03-27 16:10:22 [main] DEBUG o.s.b.f.s.DefaultListableBeanFactory getSingleton 225 
 - Creating shared instance of singleton bean 'defaultViewResolver'
2026-03-27 16:10:22 [main] DEBUG o.s.b.f.s.DefaultListableBeanFactory getSingleton 225 
 - Creating shared instance of singleton bean 'viewResolver'
2026-03-27 16:10:22 [main] DEBUG o.s.b.f.s.DefaultListableBeanFactory registerDependentBeans 952 
 - Autowiring by type from bean name 'viewResolver' via factory method to bean named 'org.springframework.beans.factory.support.DefaultListableBeanFactory@61710c6'
2026-03-27 16:10:22 [main] DEBUG o.s.b.f.s.DefaultListableBeanFactory getSingleton 225 
 - Creating shared instance of singleton bean 'viewResolver'
2026-03-27 16:10:22 [main] DEBUG o.s.b.f.s.DefaultListableBeanFactory getSingleton 225 
 - Creating shared instance of singleton bean 'thymeleafViewResolver'
2026-03-27 16:10:22 [main] DEBUG o.s.b.f.s.DefaultListableBeanFactory getSingleton 225 
 - Creating shared instance of singleton bean 'org.springframework.boot.autoconfigure.thymeleaf.ThymeleafAutoConfiguration$ThymeleafWebMvcConfiguration$ThymeleafViewResolverConfiguration'
2026-03-27 16:10:22 [main] DEBUG o.s.b.f.s.DefaultListableBeanFactory getSingleton 225 
 - Creating shared instance of singleton bean 'spring.thymeleaf-org.springframework.boot.autoconfigure.thymeleaf.ThymeleafProperties'
2026-03-27 16:10:22 [main] DEBUG o.s.b.f.s.DefaultListableBeanFactory getSingleton 225 
 - Creating shared instance of singleton bean 'templateEngine'
2026-03-27 16:10:22 [main] DEBUG o.s.b.f.s.DefaultListableBeanFactory getSingleton 225 
 - Creating shared instance of singleton bean 'org.springframework.boot.autoconfigure.thymeleaf.TemplateEngineConfigurations$DefaultTemplateEngineConfiguration'
2026-03-27 16:10:22 [main] DEBUG o.s.b.f.s.DefaultListableBeanFactory registerDependentBeans 952 
 - Autowiring by type from bean name 'templateEngine' via factory method to bean named 'spring.thymeleaf-org.springframework.boot.autoconfigure.thymeleaf.ThymeleafProperties'
2026-03-27 16:10:22 [main] DEBUG o.s.b.f.s.DefaultListableBeanFactory getSingleton 225 
 - Creating shared instance of singleton bean 'defaultTemplateResolver'
2026-03-27 16:10:22 [main] DEBUG o.s.b.f.s.DefaultListableBeanFactory getSingleton 225 
 - Creating shared instance of singleton bean 'org.springframework.boot.autoconfigure.thymeleaf.ThymeleafAutoConfiguration$DefaultTemplateResolverConfiguration'
2026-03-27 16:10:22 [main] DEBUG o.s.b.f.s.DefaultListableBeanFactory registerDependentBeans 952 
 - Autowiring by type from bean name 'org.springframework.boot.autoconfigure.thymeleaf.ThymeleafAutoConfiguration$DefaultTemplateResolverConfiguration' via constructor to bean named 'spring.thymeleaf-org.springframework.boot.autoconfigure.thymeleaf.ThymeleafProperties'
2026-03-27 16:10:22 [main] DEBUG o.s.b.f.s.DefaultListableBeanFactory registerDependentBeans 952 
 - Autowiring by type from bean name 'org.springframework.boot.autoconfigure.thymeleaf.ThymeleafAutoConfiguration$DefaultTemplateResolverConfiguration' via constructor to bean named 'org.springframework.boot.web.servlet.context.AnnotationConfigServletWebServerApplicationContext@5c33f1a9'
2026-03-27 16:10:22 [main] DEBUG o.s.b.f.s.DefaultListableBeanFactory getSingleton 225 
 - Creating shared instance of singleton bean 'java8TimeDialect'
2026-03-27 16:10:22 [main] DEBUG o.s.b.f.s.DefaultListableBeanFactory getSingleton 225 
 - Creating shared instance of singleton bean 'org.springframework.boot.autoconfigure.thymeleaf.ThymeleafAutoConfiguration$ThymeleafJava8TimeDialect'
2026-03-27 16:10:22 [main] DEBUG o.s.b.f.s.DefaultListableBeanFactory getSingleton 225 
 - Creating shared instance of singleton bean 'securityDialect'
2026-03-27 16:10:22 [main] DEBUG o.s.b.f.s.DefaultListableBeanFactory getSingleton 225 
 - Creating shared instance of singleton bean 'org.springframework.boot.autoconfigure.thymeleaf.ThymeleafAutoConfiguration$ThymeleafSecurityDialectConfiguration'
2026-03-27 16:10:22 [main] DEBUG o.s.b.f.s.DefaultListableBeanFactory getSingleton 225 
 - Creating shared instance of singleton bean 'layoutDialect'
2026-03-27 16:10:22 [main] DEBUG o.s.b.f.s.DefaultListableBeanFactory getSingleton 225 
 - Creating shared instance of singleton bean 'org.springframework.boot.autoconfigure.thymeleaf.ThymeleafAutoConfiguration$ThymeleafWebLayoutConfiguration'
2026-03-27 16:10:22 [main] DEBUG o.s.b.f.s.DefaultListableBeanFactory registerDependentBeans 952 
 - Autowiring by type from bean name 'thymeleafViewResolver' via factory method to bean named 'spring.thymeleaf-org.springframework.boot.autoconfigure.thymeleaf.ThymeleafProperties'
2026-03-27 16:10:22 [main] DEBUG o.s.b.f.s.DefaultListableBeanFactory registerDependentBeans 952 
 - Autowiring by type from bean name 'thymeleafViewResolver' via factory method to bean named 'templateEngine'
2026-03-27 16:10:22 [main] DEBUG o.s.b.f.s.DefaultListableBeanFactory getSingleton 225 
 - Creating shared instance of singleton bean 'org.springframework.boot.autoconfigure.jdbc.DataSourceJmxConfiguration$Hikari'
2026-03-27 16:10:22 [main] DEBUG o.s.b.f.s.DefaultListableBeanFactory registerDependentBeans 952 
 - Autowiring by type from bean name 'org.springframework.boot.autoconfigure.jdbc.DataSourceJmxConfiguration$Hikari' via constructor to bean named 'dataSource'
2026-03-27 16:10:22 [main] DEBUG o.s.b.f.s.DefaultListableBeanFactory getSingleton 225 
 - Creating shared instance of singleton bean 'org.springframework.boot.autoconfigure.jdbc.DataSourceJmxConfiguration'
2026-03-27 16:10:22 [main] DEBUG o.s.b.f.s.DefaultListableBeanFactory getSingleton 225 
 - Creating shared instance of singleton bean 'org.springframework.boot.autoconfigure.jdbc.DataSourceAutoConfiguration$PooledDataSourceConfiguration'
2026-03-27 16:10:22 [main] DEBUG o.s.b.f.s.DefaultListableBeanFactory getSingleton 225 
 - Creating shared instance of singleton bean 'org.springframework.boot.autoconfigure.jdbc.metadata.DataSourcePoolMetadataProvidersConfiguration$HikariPoolDataSourceMetadataProviderConfiguration'
2026-03-27 16:10:22 [main] DEBUG o.s.b.f.s.DefaultListableBeanFactory getSingleton 225 
 - Creating shared instance of singleton bean 'hikariPoolDataSourceMetadataProvider'
2026-03-27 16:10:22 [main] DEBUG o.s.b.f.s.DefaultListableBeanFactory getSingleton 225 
 - Creating shared instance of singleton bean 'org.springframework.boot.autoconfigure.jdbc.metadata.DataSourcePoolMetadataProvidersConfiguration'
2026-03-27 16:10:22 [main] DEBUG o.s.b.f.s.DefaultListableBeanFactory getSingleton 225 
 - Creating shared instance of singleton bean 'org.springframework.boot.autoconfigure.jdbc.DataSourceAutoConfiguration'
2026-03-27 16:10:22 [main] DEBUG o.s.b.f.s.DefaultListableBeanFactory getSingleton 225 
 - Creating shared instance of singleton bean 'org.mybatis.spring.boot.autoconfigure.MybatisLanguageDriverAutoConfiguration'
2026-03-27 16:10:22 [main] DEBUG o.s.b.f.s.DefaultListableBeanFactory getSingleton 225 
 - Creating shared instance of singleton bean 'org.springframework.boot.autoconfigure.aop.AopAutoConfiguration$AspectJAutoProxyingConfiguration$CglibAutoProxyConfiguration'
2026-03-27 16:10:22 [main] DEBUG o.s.b.f.s.DefaultListableBeanFactory getSingleton 225 
 - Creating shared instance of singleton bean 'org.springframework.boot.autoconfigure.aop.AopAutoConfiguration$AspectJAutoProxyingConfiguration'
2026-03-27 16:10:22 [main] DEBUG o.s.b.f.s.DefaultListableBeanFactory getSingleton 225 
 - Creating shared instance of singleton bean 'org.springframework.boot.autoconfigure.aop.AopAutoConfiguration'
2026-03-27 16:10:22 [main] DEBUG o.s.b.f.s.DefaultListableBeanFactory getSingleton 225 
 - Creating shared instance of singleton bean 'org.springframework.boot.autoconfigure.availability.ApplicationAvailabilityAutoConfiguration'
2026-03-27 16:10:22 [main] DEBUG o.s.b.f.s.DefaultListableBeanFactory getSingleton 225 
 - Creating shared instance of singleton bean 'applicationAvailability'
2026-03-27 16:10:22 [main] DEBUG o.s.b.f.s.DefaultListableBeanFactory getSingleton 225 
 - Creating shared instance of singleton bean 'org.springframework.boot.autoconfigure.context.ConfigurationPropertiesAutoConfiguration'
2026-03-27 16:10:22 [main] DEBUG o.s.b.f.s.DefaultListableBeanFactory getSingleton 225 
 - Creating shared instance of singleton bean 'org.springframework.boot.autoconfigure.context.LifecycleAutoConfiguration'
2026-03-27 16:10:22 [main] DEBUG o.s.b.f.s.DefaultListableBeanFactory getSingleton 225 
 - Creating shared instance of singleton bean 'lifecycleProcessor'
2026-03-27 16:10:22 [main] DEBUG o.s.b.f.s.DefaultListableBeanFactory getSingleton 225 
 - Creating shared instance of singleton bean 'spring.lifecycle-org.springframework.boot.autoconfigure.context.LifecycleProperties'
2026-03-27 16:10:22 [main] DEBUG o.s.b.f.s.DefaultListableBeanFactory registerDependentBeans 952 
 - Autowiring by type from bean name 'lifecycleProcessor' via factory method to bean named 'spring.lifecycle-org.springframework.boot.autoconfigure.context.LifecycleProperties'
2026-03-27 16:10:22 [main] DEBUG o.s.b.f.s.DefaultListableBeanFactory getSingleton 225 
 - Creating shared instance of singleton bean 'org.springframework.boot.autoconfigure.dao.PersistenceExceptionTranslationAutoConfiguration'
2026-03-27 16:10:22 [main] DEBUG o.s.b.f.s.DefaultListableBeanFactory getSingleton 225 
 - Creating shared instance of singleton bean 'org.springframework.boot.autoconfigure.gson.GsonAutoConfiguration'
2026-03-27 16:10:22 [main] DEBUG o.s.b.f.s.DefaultListableBeanFactory getSingleton 225 
 - Creating shared instance of singleton bean 'gsonBuilder'
2026-03-27 16:10:22 [main] DEBUG o.s.b.f.s.DefaultListableBeanFactory getSingleton 225 
 - Creating shared instance of singleton bean 'standardGsonBuilderCustomizer'
2026-03-27 16:10:22 [main] DEBUG o.s.b.f.s.DefaultListableBeanFactory getSingleton 225 
 - Creating shared instance of singleton bean 'spring.gson-org.springframework.boot.autoconfigure.gson.GsonProperties'
2026-03-27 16:10:22 [main] DEBUG o.s.b.f.s.DefaultListableBeanFactory registerDependentBeans 952 
 - Autowiring by type from bean name 'standardGsonBuilderCustomizer' via factory method to bean named 'spring.gson-org.springframework.boot.autoconfigure.gson.GsonProperties'
2026-03-27 16:10:22 [main] DEBUG o.s.b.f.s.DefaultListableBeanFactory registerDependentBeans 952 
 - Autowiring by type from bean name 'gsonBuilder' via factory method to bean named 'standardGsonBuilderCustomizer'
2026-03-27 16:10:22 [main] DEBUG o.s.b.f.s.DefaultListableBeanFactory getSingleton 225 
 - Creating shared instance of singleton bean 'gson'
2026-03-27 16:10:22 [main] DEBUG o.s.b.f.s.DefaultListableBeanFactory registerDependentBeans 952 
 - Autowiring by type from bean name 'gson' via factory method to bean named 'gsonBuilder'
2026-03-27 16:10:22 [main] DEBUG o.s.b.f.s.DefaultListableBeanFactory getSingleton 225 
 - Creating shared instance of singleton bean 'org.springframework.boot.autoconfigure.http.JacksonHttpMessageConvertersConfiguration'
2026-03-27 16:10:22 [main] DEBUG o.s.b.f.s.DefaultListableBeanFactory getSingleton 225 
 - Creating shared instance of singleton bean 'org.springframework.boot.autoconfigure.http.GsonHttpMessageConvertersConfiguration'
2026-03-27 16:10:22 [main] DEBUG o.s.b.f.s.DefaultListableBeanFactory getSingleton 225 
 - Creating shared instance of singleton bean 'org.springframework.boot.autoconfigure.info.ProjectInfoAutoConfiguration'
2026-03-27 16:10:22 [main] DEBUG o.s.b.f.s.DefaultListableBeanFactory getSingleton 225 
 - Creating shared instance of singleton bean 'spring.info-org.springframework.boot.autoconfigure.info.ProjectInfoProperties'
2026-03-27 16:10:22 [main] DEBUG o.s.b.f.s.DefaultListableBeanFactory registerDependentBeans 952 
 - Autowiring by type from bean name 'org.springframework.boot.autoconfigure.info.ProjectInfoAutoConfiguration' via constructor to bean named 'spring.info-org.springframework.boot.autoconfigure.info.ProjectInfoProperties'
2026-03-27 16:10:22 [main] DEBUG o.s.b.f.s.DefaultListableBeanFactory getSingleton 225 
 - Creating shared instance of singleton bean 'org.springframework.boot.autoconfigure.jdbc.JdbcTemplateConfiguration'
2026-03-27 16:10:22 [main] DEBUG o.s.b.f.s.DefaultListableBeanFactory getSingleton 225 
 - Creating shared instance of singleton bean 'jdbcTemplate'
2026-03-27 16:10:22 [main] DEBUG o.s.b.f.s.DefaultListableBeanFactory getSingleton 225 
 - Creating shared instance of singleton bean 'spring.jdbc-org.springframework.boot.autoconfigure.jdbc.JdbcProperties'
2026-03-27 16:10:22 [main] DEBUG o.s.b.f.s.DefaultListableBeanFactory registerDependentBeans 952 
 - Autowiring by type from bean name 'jdbcTemplate' via factory method to bean named 'dataSource'
2026-03-27 16:10:22 [main] DEBUG o.s.b.f.s.DefaultListableBeanFactory registerDependentBeans 952 
 - Autowiring by type from bean name 'jdbcTemplate' via factory method to bean named 'spring.jdbc-org.springframework.boot.autoconfigure.jdbc.JdbcProperties'
2026-03-27 16:10:22 [main] DEBUG o.s.b.f.s.DefaultListableBeanFactory getSingleton 225 
 - Creating shared instance of singleton bean 'org.springframework.boot.autoconfigure.jdbc.NamedParameterJdbcTemplateConfiguration'
2026-03-27 16:10:22 [main] DEBUG o.s.b.f.s.DefaultListableBeanFactory getSingleton 225 
 - Creating shared instance of singleton bean 'namedParameterJdbcTemplate'
2026-03-27 16:10:22 [main] DEBUG o.s.b.f.s.DefaultListableBeanFactory registerDependentBeans 952 
 - Autowiring by type from bean name 'namedParameterJdbcTemplate' via factory method to bean named 'jdbcTemplate'
2026-03-27 16:10:22 [main] DEBUG o.s.b.f.s.DefaultListableBeanFactory getSingleton 225 
 - Creating shared instance of singleton bean 'org.springframework.boot.autoconfigure.jdbc.JdbcTemplateAutoConfiguration'
2026-03-27 16:10:22 [main] DEBUG o.s.b.f.s.DefaultListableBeanFactory getSingleton 225 
 - Creating shared instance of singleton bean 'org.springframework.boot.autoconfigure.security.servlet.SpringBootWebSecurityConfiguration'
2026-03-27 16:10:22 [main] DEBUG o.s.b.f.s.DefaultListableBeanFactory getSingleton 225 
 - Creating shared instance of singleton bean 'org.springframework.boot.autoconfigure.sql.init.SqlInitializationAutoConfiguration'
2026-03-27 16:10:22 [main] DEBUG o.s.b.f.s.DefaultListableBeanFactory getSingleton 225 
 - Creating shared instance of singleton bean 'org.springframework.boot.autoconfigure.task.TaskSchedulingAutoConfiguration'
2026-03-27 16:10:22 [main] DEBUG o.s.b.f.s.DefaultListableBeanFactory getSingleton 225 
 - Creating shared instance of singleton bean 'taskSchedulerBuilder'
2026-03-27 16:10:22 [main] DEBUG o.s.b.f.s.DefaultListableBeanFactory getSingleton 225 
 - Creating shared instance of singleton bean 'spring.task.scheduling-org.springframework.boot.autoconfigure.task.TaskSchedulingProperties'
2026-03-27 16:10:22 [main] DEBUG o.s.b.f.s.DefaultListableBeanFactory registerDependentBeans 952 
 - Autowiring by type from bean name 'taskSchedulerBuilder' via factory method to bean named 'spring.task.scheduling-org.springframework.boot.autoconfigure.task.TaskSchedulingProperties'
2026-03-27 16:10:22 [main] DEBUG o.s.b.f.s.DefaultListableBeanFactory getSingleton 225 
 - Creating shared instance of singleton bean 'org.springframework.boot.autoconfigure.thymeleaf.ThymeleafAutoConfiguration$ThymeleafWebMvcConfiguration'
2026-03-27 16:10:22 [main] DEBUG o.s.b.f.s.DefaultListableBeanFactory getSingleton 225 
 - Creating shared instance of singleton bean 'org.springframework.boot.autoconfigure.thymeleaf.ThymeleafAutoConfiguration'
2026-03-27 16:10:22 [main] DEBUG o.s.b.f.s.DefaultListableBeanFactory getSingleton 225 
 - Creating shared instance of singleton bean 'org.springframework.boot.autoconfigure.jdbc.DataSourceTransactionManagerAutoConfiguration$JdbcTransactionManagerConfiguration'
2026-03-27 16:10:22 [main] DEBUG o.s.b.f.s.DefaultListableBeanFactory getSingleton 225 
 - Creating shared instance of singleton bean 'transactionManager'
2026-03-27 16:10:22 [main] DEBUG o.s.b.f.s.DefaultListableBeanFactory registerDependentBeans 952 
 - Autowiring by type from bean name 'transactionManager' via factory method to bean named 'environment'
2026-03-27 16:10:22 [main] DEBUG o.s.b.f.s.DefaultListableBeanFactory registerDependentBeans 952 
 - Autowiring by type from bean name 'transactionManager' via factory method to bean named 'dataSource'
2026-03-27 16:10:22 [main] DEBUG o.s.b.f.s.DefaultListableBeanFactory getSingleton 225 
 - Creating shared instance of singleton bean 'platformTransactionManagerCustomizers'
2026-03-27 16:10:22 [main] DEBUG o.s.b.f.s.DefaultListableBeanFactory getSingleton 225 
 - Creating shared instance of singleton bean 'org.springframework.boot.autoconfigure.transaction.TransactionAutoConfiguration'
2026-03-27 16:10:22 [main] DEBUG o.s.b.f.s.DefaultListableBeanFactory getSingleton 225 
 - Creating shared instance of singleton bean 'spring.transaction-org.springframework.boot.autoconfigure.transaction.TransactionProperties'
2026-03-27 16:10:22 [main] DEBUG o.s.b.f.s.DefaultListableBeanFactory getSingleton 225 
 - Creating shared instance of singleton bean 'org.springframework.boot.autoconfigure.jdbc.DataSourceTransactionManagerAutoConfiguration'
2026-03-27 16:10:22 [main] DEBUG o.s.b.f.s.DefaultListableBeanFactory getSingleton 225 
 - Creating shared instance of singleton bean 'org.springframework.boot.autoconfigure.transaction.TransactionAutoConfiguration$EnableTransactionManagementConfiguration$CglibAutoProxyConfiguration'
2026-03-27 16:10:22 [main] DEBUG o.s.b.f.s.DefaultListableBeanFactory getSingleton 225 
 - Creating shared instance of singleton bean 'org.springframework.boot.autoconfigure.transaction.TransactionAutoConfiguration$EnableTransactionManagementConfiguration'
2026-03-27 16:10:22 [main] DEBUG o.s.b.f.s.DefaultListableBeanFactory getSingleton 225 
 - Creating shared instance of singleton bean 'org.springframework.boot.autoconfigure.transaction.TransactionAutoConfiguration$TransactionTemplateConfiguration'
2026-03-27 16:10:22 [main] DEBUG o.s.b.f.s.DefaultListableBeanFactory getSingleton 225 
 - Creating shared instance of singleton bean 'transactionTemplate'
2026-03-27 16:10:22 [main] DEBUG o.s.b.f.s.DefaultListableBeanFactory registerDependentBeans 952 
 - Autowiring by type from bean name 'transactionTemplate' via factory method to bean named 'transactionManager'
2026-03-27 16:10:22 [main] DEBUG o.s.b.f.s.DefaultListableBeanFactory getSingleton 225 
 - Creating shared instance of singleton bean 'org.springframework.boot.autoconfigure.web.client.RestTemplateAutoConfiguration'
2026-03-27 16:10:22 [main] DEBUG o.s.b.f.s.DefaultListableBeanFactory getSingleton 225 
 - Creating shared instance of singleton bean 'org.springframework.boot.autoconfigure.web.embedded.EmbeddedWebServerFactoryCustomizerAutoConfiguration'
2026-03-27 16:10:22 [main] DEBUG o.s.b.f.s.DefaultListableBeanFactory getSingleton 225 
 - Creating shared instance of singleton bean 'org.springframework.boot.autoconfigure.web.servlet.MultipartAutoConfiguration'
2026-03-27 16:10:22 [main] DEBUG o.s.b.f.s.DefaultListableBeanFactory getSingleton 225 
 - Creating shared instance of singleton bean 'spring.servlet.multipart-org.springframework.boot.autoconfigure.web.servlet.MultipartProperties'
2026-03-27 16:10:22 [main] DEBUG o.s.b.f.s.DefaultListableBeanFactory registerDependentBeans 952 
 - Autowiring by type from bean name 'org.springframework.boot.autoconfigure.web.servlet.MultipartAutoConfiguration' via constructor to bean named 'spring.servlet.multipart-org.springframework.boot.autoconfigure.web.servlet.MultipartProperties'
2026-03-27 16:10:22 [main] DEBUG o.s.c.s.DefaultLifecycleProcessor start 353 
 - Starting beans in phase -2147483647
2026-03-27 16:10:22 [main] DEBUG o.s.c.s.DefaultLifecycleProcessor doStart 185 
 - Successfully started bean 'springBootLoggingLifecycle'
2026-03-27 16:10:22 [main] DEBUG o.s.c.s.DefaultLifecycleProcessor start 353 
 - Starting beans in phase 2147483646
2026-03-27 16:10:22 [main] INFO  o.a.coyote.http11.Http11NioProtocol log 173 
 - Starting ProtocolHandler ["http-nio-8081"]
2026-03-27 16:10:22 [main] INFO  o.s.b.w.e.tomcat.TomcatWebServer start 220 
 - Tomcat started on port(s): 8081 (http) with context path '/evAdmin'
2026-03-27 16:10:22 [main] DEBUG o.s.c.s.DefaultLifecycleProcessor doStart 185 
 - Successfully started bean 'webServerStartStop'
2026-03-27 16:10:22 [main] DEBUG o.s.c.s.DefaultLifecycleProcessor start 353 
 - Starting beans in phase 2147483647
2026-03-27 16:10:22 [main] DEBUG o.s.c.s.DefaultLifecycleProcessor doStart 185 
 - Successfully started bean 'webServerGracefulShutdown'
2026-03-27 16:10:22 [main] DEBUG o.s.b.a.l.ConditionEvaluationReportLoggingListener logAutoConfigurationReport 126 
 - 


============================
CONDITIONS EVALUATION REPORT
============================


Positive matches:
-----------------

   AopAutoConfiguration matched:
      - @ConditionalOnProperty (spring.aop.auto=true) matched (OnPropertyCondition)

   AopAutoConfiguration.AspectJAutoProxyingConfiguration matched:
      - @ConditionalOnClass found required class 'org.aspectj.weaver.Advice' (OnClassCondition)

   AopAutoConfiguration.AspectJAutoProxyingConfiguration.CglibAutoProxyConfiguration matched:
      - @ConditionalOnProperty (spring.aop.proxy-target-class=true) matched (OnPropertyCondition)

   ApplicationAvailabilityAutoConfiguration#applicationAvailability matched:
      - @ConditionalOnMissingBean (types: org.springframework.boot.availability.ApplicationAvailability; SearchStrategy: all) did not find any beans (OnBeanCondition)

   DataSourceAutoConfiguration matched:
      - @ConditionalOnClass found required classes 'javax.sql.DataSource', 'org.springframework.jdbc.datasource.embedded.EmbeddedDatabaseType' (OnClassCondition)
      - @ConditionalOnMissingBean (types: io.r2dbc.spi.ConnectionFactory; SearchStrategy: all) did not find any beans (OnBeanCondition)

   DataSourceAutoConfiguration.PooledDataSourceConfiguration matched:
      - AnyNestedCondition 1 matched 1 did not; NestedCondition on DataSourceAutoConfiguration.PooledDataSourceCondition.PooledDataSourceAvailable PooledDataSource found supported DataSource; NestedCondition on DataSourceAutoConfiguration.PooledDataSourceCondition.ExplicitType @ConditionalOnProperty (spring.datasource.type) did not find property 'type' (DataSourceAutoConfiguration.PooledDataSourceCondition)
      - @ConditionalOnMissingBean (types: javax.sql.DataSource,javax.sql.XADataSource; SearchStrategy: all) did not find any beans (OnBeanCondition)

   DataSourceConfiguration.Hikari matched:
      - @ConditionalOnClass found required class 'com.zaxxer.hikari.HikariDataSource' (OnClassCondition)
      - @ConditionalOnProperty (spring.datasource.type=com.zaxxer.hikari.HikariDataSource) matched (OnPropertyCondition)
      - @ConditionalOnMissingBean (types: javax.sql.DataSource; SearchStrategy: all) did not find any beans (OnBeanCondition)

   DataSourceInitializationConfiguration matched:
      - @ConditionalOnClass found required class 'org.springframework.jdbc.datasource.init.DatabasePopulator' (OnClassCondition)
      - @ConditionalOnSingleCandidate (types: javax.sql.DataSource; SearchStrategy: all) found a single bean 'dataSource'; @ConditionalOnMissingBean (types: org.springframework.boot.autoconfigure.sql.init.SqlDataSourceScriptDatabaseInitializer,org.springframework.boot.autoconfigure.sql.init.SqlR2dbcScriptDatabaseInitializer; SearchStrategy: all) did not find any beans (OnBeanCondition)

   DataSourceJmxConfiguration matched:
      - @ConditionalOnProperty (spring.jmx.enabled=true) matched (OnPropertyCondition)

   DataSourceJmxConfiguration.Hikari matched:
      - @ConditionalOnClass found required class 'com.zaxxer.hikari.HikariDataSource' (OnClassCondition)
      - @ConditionalOnSingleCandidate (types: javax.sql.DataSource; SearchStrategy: all) found a single bean 'dataSource' (OnBeanCondition)

   DataSourcePoolMetadataProvidersConfiguration.HikariPoolDataSourceMetadataProviderConfiguration matched:
      - @ConditionalOnClass found required class 'com.zaxxer.hikari.HikariDataSource' (OnClassCondition)

   DataSourceTransactionManagerAutoConfiguration matched:
      - @ConditionalOnClass found required classes 'org.springframework.jdbc.core.JdbcTemplate', 'org.springframework.transaction.TransactionManager' (OnClassCondition)

   DataSourceTransactionManagerAutoConfiguration.JdbcTransactionManagerConfiguration matched:
      - @ConditionalOnSingleCandidate (types: javax.sql.DataSource; SearchStrategy: all) found a single bean 'dataSource' (OnBeanCondition)

   DataSourceTransactionManagerAutoConfiguration.JdbcTransactionManagerConfiguration#transactionManager matched:
      - @ConditionalOnMissingBean (types: org.springframework.transaction.TransactionManager; SearchStrategy: all) did not find any beans (OnBeanCondition)

   DispatcherServletAutoConfiguration matched:
      - @ConditionalOnClass found required class 'org.springframework.web.servlet.DispatcherServlet' (OnClassCondition)
      - found 'session' scope (OnWebApplicationCondition)

   DispatcherServletAutoConfiguration.DispatcherServletConfiguration matched:
      - @ConditionalOnClass found required class 'javax.servlet.ServletRegistration' (OnClassCondition)
      - Default DispatcherServlet did not find dispatcher servlet beans (DispatcherServletAutoConfiguration.DefaultDispatcherServletCondition)

   DispatcherServletAutoConfiguration.DispatcherServletRegistrationConfiguration matched:
      - @ConditionalOnClass found required class 'javax.servlet.ServletRegistration' (OnClassCondition)
      - DispatcherServlet Registration did not find servlet registration bean (DispatcherServletAutoConfiguration.DispatcherServletRegistrationCondition)

   DispatcherServletAutoConfiguration.DispatcherServletRegistrationConfiguration#dispatcherServletRegistration matched:
      - @ConditionalOnBean (names: dispatcherServlet types: org.springframework.web.servlet.DispatcherServlet; SearchStrategy: all) found bean 'dispatcherServlet' (OnBeanCondition)

   EmbeddedWebServerFactoryCustomizerAutoConfiguration matched:
      - @ConditionalOnWebApplication (required) found 'session' scope (OnWebApplicationCondition)
      - @ConditionalOnWarDeployment the application is not deployed as a WAR file. (OnWarDeploymentCondition)

   EmbeddedWebServerFactoryCustomizerAutoConfiguration.TomcatWebServerFactoryCustomizerConfiguration matched:
      - @ConditionalOnClass found required classes 'org.apache.catalina.startup.Tomcat', 'org.apache.coyote.UpgradeProtocol' (OnClassCondition)

   ErrorMvcAutoConfiguration matched:
      - @ConditionalOnClass found required classes 'javax.servlet.Servlet', 'org.springframework.web.servlet.DispatcherServlet' (OnClassCondition)
      - found 'session' scope (OnWebApplicationCondition)

   ErrorMvcAutoConfiguration#basicErrorController matched:
      - @ConditionalOnMissingBean (types: org.springframework.boot.web.servlet.error.ErrorController; SearchStrategy: current) did not find any beans (OnBeanCondition)

   ErrorMvcAutoConfiguration#errorAttributes matched:
      - @ConditionalOnMissingBean (types: org.springframework.boot.web.servlet.error.ErrorAttributes; SearchStrategy: current) did not find any beans (OnBeanCondition)

   ErrorMvcAutoConfiguration.DefaultErrorViewResolverConfiguration#conventionErrorViewResolver matched:
      - @ConditionalOnBean (types: org.springframework.web.servlet.DispatcherServlet; SearchStrategy: all) found bean 'dispatcherServlet'; @ConditionalOnMissingBean (types: org.springframework.boot.autoconfigure.web.servlet.error.ErrorViewResolver; SearchStrategy: all) did not find any beans (OnBeanCondition)

   ErrorMvcAutoConfiguration.WhitelabelErrorViewConfiguration matched:
      - @ConditionalOnProperty (server.error.whitelabel.enabled) matched (OnPropertyCondition)
      - ErrorTemplate Missing did not find error template view (ErrorMvcAutoConfiguration.ErrorTemplateMissingCondition)

   ErrorMvcAutoConfiguration.WhitelabelErrorViewConfiguration#defaultErrorView matched:
      - @ConditionalOnMissingBean (names: error; SearchStrategy: all) did not find any beans (OnBeanCondition)

   GenericCacheConfiguration matched:
      - Cache org.springframework.boot.autoconfigure.cache.GenericCacheConfiguration automatic cache type (CacheCondition)

   GsonAutoConfiguration matched:
      - @ConditionalOnClass found required class 'com.google.gson.Gson' (OnClassCondition)

   GsonAutoConfiguration#gson matched:
      - @ConditionalOnMissingBean (types: com.google.gson.Gson; SearchStrategy: all) did not find any beans (OnBeanCondition)

   GsonAutoConfiguration#gsonBuilder matched:
      - @ConditionalOnMissingBean (types: com.google.gson.GsonBuilder; SearchStrategy: all) did not find any beans (OnBeanCondition)

   GsonHttpMessageConvertersConfiguration matched:
      - @ConditionalOnClass found required class 'com.google.gson.Gson' (OnClassCondition)

   HttpEncodingAutoConfiguration matched:
      - @ConditionalOnClass found required class 'org.springframework.web.filter.CharacterEncodingFilter' (OnClassCondition)
      - found 'session' scope (OnWebApplicationCondition)
      - @ConditionalOnProperty (server.servlet.encoding.enabled) matched (OnPropertyCondition)

   HttpEncodingAutoConfiguration#characterEncodingFilter matched:
      - @ConditionalOnMissingBean (types: org.springframework.web.filter.CharacterEncodingFilter; SearchStrategy: all) did not find any beans (OnBeanCondition)

   HttpMessageConvertersAutoConfiguration matched:
      - @ConditionalOnClass found required class 'org.springframework.http.converter.HttpMessageConverter' (OnClassCondition)
      - NoneNestedConditions 0 matched 1 did not; NestedCondition on HttpMessageConvertersAutoConfiguration.NotReactiveWebApplicationCondition.ReactiveWebApplication did not find reactive web application classes (HttpMessageConvertersAutoConfiguration.NotReactiveWebApplicationCondition)

   HttpMessageConvertersAutoConfiguration#messageConverters matched:
      - @ConditionalOnMissingBean (types: org.springframework.boot.autoconfigure.http.HttpMessageConverters; SearchStrategy: all) did not find any beans (OnBeanCondition)

   HttpMessageConvertersAutoConfiguration.StringHttpMessageConverterConfiguration matched:
      - @ConditionalOnClass found required class 'org.springframework.http.converter.StringHttpMessageConverter' (OnClassCondition)

   HttpMessageConvertersAutoConfiguration.StringHttpMessageConverterConfiguration#stringHttpMessageConverter matched:
      - @ConditionalOnMissingBean (types: org.springframework.http.converter.StringHttpMessageConverter; SearchStrategy: all) did not find any beans (OnBeanCondition)

   JacksonAutoConfiguration matched:
      - @ConditionalOnClass found required class 'com.fasterxml.jackson.databind.ObjectMapper' (OnClassCondition)

   JacksonAutoConfiguration.Jackson2ObjectMapperBuilderCustomizerConfiguration matched:
      - @ConditionalOnClass found required class 'org.springframework.http.converter.json.Jackson2ObjectMapperBuilder' (OnClassCondition)

   JacksonAutoConfiguration.JacksonObjectMapperBuilderConfiguration matched:
      - @ConditionalOnClass found required class 'org.springframework.http.converter.json.Jackson2ObjectMapperBuilder' (OnClassCondition)

   JacksonAutoConfiguration.JacksonObjectMapperBuilderConfiguration#jacksonObjectMapperBuilder matched:
      - @ConditionalOnMissingBean (types: org.springframework.http.converter.json.Jackson2ObjectMapperBuilder; SearchStrategy: all) did not find any beans (OnBeanCondition)

   JacksonAutoConfiguration.JacksonObjectMapperConfiguration matched:
      - @ConditionalOnClass found required class 'org.springframework.http.converter.json.Jackson2ObjectMapperBuilder' (OnClassCondition)

   JacksonAutoConfiguration.JacksonObjectMapperConfiguration#jacksonObjectMapper matched:
      - @ConditionalOnMissingBean (types: com.fasterxml.jackson.databind.ObjectMapper; SearchStrategy: all) did not find any beans (OnBeanCondition)

   JacksonAutoConfiguration.ParameterNamesModuleConfiguration matched:
      - @ConditionalOnClass found required class 'com.fasterxml.jackson.module.paramnames.ParameterNamesModule' (OnClassCondition)

   JacksonAutoConfiguration.ParameterNamesModuleConfiguration#parameterNamesModule matched:
      - @ConditionalOnMissingBean (types: com.fasterxml.jackson.module.paramnames.ParameterNamesModule; SearchStrategy: all) did not find any beans (OnBeanCondition)

   JacksonHttpMessageConvertersConfiguration.MappingJackson2HttpMessageConverterConfiguration matched:
      - @ConditionalOnClass found required class 'com.fasterxml.jackson.databind.ObjectMapper' (OnClassCondition)
      - @ConditionalOnProperty (spring.mvc.converters.preferred-json-mapper=jackson) matched (OnPropertyCondition)
      - @ConditionalOnBean (types: com.fasterxml.jackson.databind.ObjectMapper; SearchStrategy: all) found bean 'jacksonObjectMapper' (OnBeanCondition)

   JacksonHttpMessageConvertersConfiguration.MappingJackson2HttpMessageConverterConfiguration#mappingJackson2HttpMessageConverter matched:
      - @ConditionalOnMissingBean (types: org.springframework.http.converter.json.MappingJackson2HttpMessageConverter ignored: org.springframework.hateoas.server.mvc.TypeConstrainedMappingJackson2HttpMessageConverter,org.springframework.data.rest.webmvc.alps.AlpsJsonHttpMessageConverter; SearchStrategy: all) did not find any beans (OnBeanCondition)

   JdbcTemplateAutoConfiguration matched:
      - @ConditionalOnClass found required classes 'javax.sql.DataSource', 'org.springframework.jdbc.core.JdbcTemplate' (OnClassCondition)
      - @ConditionalOnSingleCandidate (types: javax.sql.DataSource; SearchStrategy: all) found a single bean 'dataSource' (OnBeanCondition)

   JdbcTemplateConfiguration matched:
      - @ConditionalOnMissingBean (types: org.springframework.jdbc.core.JdbcOperations; SearchStrategy: all) did not find any beans (OnBeanCondition)

   LifecycleAutoConfiguration#defaultLifecycleProcessor matched:
      - @ConditionalOnMissingBean (names: lifecycleProcessor; SearchStrategy: current) did not find any beans (OnBeanCondition)

   MultipartAutoConfiguration matched:
      - @ConditionalOnClass found required classes 'javax.servlet.Servlet', 'org.springframework.web.multipart.support.StandardServletMultipartResolver', 'javax.servlet.MultipartConfigElement' (OnClassCondition)
      - found 'session' scope (OnWebApplicationCondition)
      - @ConditionalOnProperty (spring.servlet.multipart.enabled) matched (OnPropertyCondition)

   MybatisAutoConfiguration matched:
      - @ConditionalOnClass found required classes 'org.apache.ibatis.session.SqlSessionFactory', 'org.mybatis.spring.SqlSessionFactoryBean' (OnClassCondition)
      - @ConditionalOnSingleCandidate (types: javax.sql.DataSource; SearchStrategy: all) found a single bean 'dataSource' (OnBeanCondition)

   MybatisAutoConfiguration#sqlSessionFactory matched:
      - @ConditionalOnMissingBean (types: org.apache.ibatis.session.SqlSessionFactory; SearchStrategy: all) did not find any beans (OnBeanCondition)

   MybatisAutoConfiguration#sqlSessionTemplate matched:
      - @ConditionalOnMissingBean (types: org.mybatis.spring.SqlSessionTemplate; SearchStrategy: all) did not find any beans (OnBeanCondition)

   MybatisLanguageDriverAutoConfiguration matched:
      - @ConditionalOnClass found required class 'org.apache.ibatis.scripting.LanguageDriver' (OnClassCondition)

   NamedParameterJdbcTemplateConfiguration matched:
      - @ConditionalOnSingleCandidate (types: org.springframework.jdbc.core.JdbcTemplate; SearchStrategy: all) found a single bean 'jdbcTemplate'; @ConditionalOnMissingBean (types: org.springframework.jdbc.core.namedparam.NamedParameterJdbcOperations; SearchStrategy: all) did not find any beans (OnBeanCondition)

   NoOpCacheConfiguration matched:
      - Cache org.springframework.boot.autoconfigure.cache.NoOpCacheConfiguration automatic cache type (CacheCondition)

   PersistenceExceptionTranslationAutoConfiguration matched:
      - @ConditionalOnClass found required class 'org.springframework.dao.annotation.PersistenceExceptionTranslationPostProcessor' (OnClassCondition)

   PersistenceExceptionTranslationAutoConfiguration#persistenceExceptionTranslationPostProcessor matched:
      - @ConditionalOnProperty (spring.dao.exceptiontranslation.enabled) matched (OnPropertyCondition)
      - @ConditionalOnMissingBean (types: org.springframework.dao.annotation.PersistenceExceptionTranslationPostProcessor; SearchStrategy: all) did not find any beans (OnBeanCondition)

   PropertyPlaceholderAutoConfiguration#propertySourcesPlaceholderConfigurer matched:
      - @ConditionalOnMissingBean (types: org.springframework.context.support.PropertySourcesPlaceholderConfigurer; SearchStrategy: current) did not find any beans (OnBeanCondition)

   RestTemplateAutoConfiguration matched:
      - @ConditionalOnClass found required class 'org.springframework.web.client.RestTemplate' (OnClassCondition)
      - NoneNestedConditions 0 matched 1 did not; NestedCondition on RestTemplateAutoConfiguration.NotReactiveWebApplicationCondition.ReactiveWebApplication did not find reactive web application classes (RestTemplateAutoConfiguration.NotReactiveWebApplicationCondition)

   RestTemplateAutoConfiguration#restTemplateBuilder matched:
      - @ConditionalOnMissingBean (types: org.springframework.boot.web.client.RestTemplateBuilder; SearchStrategy: all) did not find any beans (OnBeanCondition)

   RestTemplateAutoConfiguration#restTemplateBuilderConfigurer matched:
      - @ConditionalOnMissingBean (types: org.springframework.boot.autoconfigure.web.client.RestTemplateBuilderConfigurer; SearchStrategy: all) did not find any beans (OnBeanCondition)

   SecurityAutoConfiguration matched:
      - @ConditionalOnClass found required class 'org.springframework.security.authentication.DefaultAuthenticationEventPublisher' (OnClassCondition)

   SecurityAutoConfiguration#authenticationEventPublisher matched:
      - @ConditionalOnMissingBean (types: org.springframework.security.authentication.AuthenticationEventPublisher; SearchStrategy: all) did not find any beans (OnBeanCondition)

   SecurityFilterAutoConfiguration matched:
      - @ConditionalOnClass found required classes 'org.springframework.security.web.context.AbstractSecurityWebApplicationInitializer', 'org.springframework.security.config.http.SessionCreationPolicy' (OnClassCondition)
      - found 'session' scope (OnWebApplicationCondition)

   SecurityFilterAutoConfiguration#securityFilterChainRegistration matched:
      - @ConditionalOnBean (names: springSecurityFilterChain; SearchStrategy: all) found bean 'springSecurityFilterChain' (OnBeanCondition)

   ServletWebServerFactoryAutoConfiguration matched:
      - @ConditionalOnClass found required class 'javax.servlet.ServletRequest' (OnClassCondition)
      - found 'session' scope (OnWebApplicationCondition)

   ServletWebServerFactoryAutoConfiguration#tomcatServletWebServerFactoryCustomizer matched:
      - @ConditionalOnClass found required class 'org.apache.catalina.startup.Tomcat' (OnClassCondition)

   ServletWebServerFactoryConfiguration.EmbeddedTomcat matched:
      - @ConditionalOnClass found required classes 'javax.servlet.Servlet', 'org.apache.catalina.startup.Tomcat', 'org.apache.coyote.UpgradeProtocol' (OnClassCondition)
      - @ConditionalOnMissingBean (types: org.springframework.boot.web.servlet.server.ServletWebServerFactory; SearchStrategy: current) did not find any beans (OnBeanCondition)

   SimpleCacheConfiguration matched:
      - Cache org.springframework.boot.autoconfigure.cache.SimpleCacheConfiguration automatic cache type (CacheCondition)

   SpringBootWebSecurityConfiguration matched:
      - found 'session' scope (OnWebApplicationCondition)

   SpringBootWebSecurityConfiguration.ErrorPageSecurityFilterConfiguration matched:
      - @ConditionalOnClass found required class 'org.springframework.security.web.access.WebInvocationPrivilegeEvaluator' (OnClassCondition)
      - @ConditionalOnBean (types: org.springframework.security.web.access.WebInvocationPrivilegeEvaluator; SearchStrategy: all) found bean 'privilegeEvaluator' (OnBeanCondition)

   SqlInitializationAutoConfiguration matched:
      - @ConditionalOnProperty (spring.sql.init.enabled) matched (OnPropertyCondition)
      - NoneNestedConditions 0 matched 1 did not; NestedCondition on SqlInitializationAutoConfiguration.SqlInitializationModeCondition.ModeIsNever @ConditionalOnProperty (spring.sql.init.mode=never) did not find property 'mode' (SqlInitializationAutoConfiguration.SqlInitializationModeCondition)

   TaskExecutionAutoConfiguration matched:
      - @ConditionalOnClass found required class 'org.springframework.scheduling.concurrent.ThreadPoolTaskExecutor' (OnClassCondition)

   TaskExecutionAutoConfiguration#applicationTaskExecutor matched:
      - @ConditionalOnMissingBean (types: java.util.concurrent.Executor; SearchStrategy: all) did not find any beans (OnBeanCondition)

   TaskExecutionAutoConfiguration#taskExecutorBuilder matched:
      - @ConditionalOnMissingBean (types: org.springframework.boot.task.TaskExecutorBuilder; SearchStrategy: all) did not find any beans (OnBeanCondition)

   TaskSchedulingAutoConfiguration matched:
      - @ConditionalOnClass found required class 'org.springframework.scheduling.concurrent.ThreadPoolTaskScheduler' (OnClassCondition)

   TaskSchedulingAutoConfiguration#taskSchedulerBuilder matched:
      - @ConditionalOnMissingBean (types: org.springframework.boot.task.TaskSchedulerBuilder; SearchStrategy: all) did not find any beans (OnBeanCondition)

   TemplateEngineConfigurations.DefaultTemplateEngineConfiguration#templateEngine matched:
      - @ConditionalOnMissingBean (types: org.thymeleaf.spring5.ISpringTemplateEngine; SearchStrategy: all) did not find any beans (OnBeanCondition)

   ThymeleafAutoConfiguration matched:
      - @ConditionalOnClass found required classes 'org.thymeleaf.templatemode.TemplateMode', 'org.thymeleaf.spring5.SpringTemplateEngine' (OnClassCondition)

   ThymeleafAutoConfiguration.DefaultTemplateResolverConfiguration matched:
      - @ConditionalOnMissingBean (names: defaultTemplateResolver; SearchStrategy: all) did not find any beans (OnBeanCondition)

   ThymeleafAutoConfiguration.ThymeleafJava8TimeDialect matched:
      - @ConditionalOnClass found required class 'org.thymeleaf.extras.java8time.dialect.Java8TimeDialect' (OnClassCondition)

   ThymeleafAutoConfiguration.ThymeleafJava8TimeDialect#java8TimeDialect matched:
      - @ConditionalOnMissingBean (types: org.thymeleaf.extras.java8time.dialect.Java8TimeDialect; SearchStrategy: all) did not find any beans (OnBeanCondition)

   ThymeleafAutoConfiguration.ThymeleafSecurityDialectConfiguration matched:
      - @ConditionalOnClass found required classes 'org.thymeleaf.extras.springsecurity5.dialect.SpringSecurityDialect', 'org.springframework.security.web.server.csrf.CsrfToken' (OnClassCondition)

   ThymeleafAutoConfiguration.ThymeleafSecurityDialectConfiguration#securityDialect matched:
      - @ConditionalOnMissingBean (types: org.thymeleaf.extras.springsecurity5.dialect.SpringSecurityDialect; SearchStrategy: all) did not find any beans (OnBeanCondition)

   ThymeleafAutoConfiguration.ThymeleafWebLayoutConfiguration matched:
      - @ConditionalOnClass found required class 'nz.net.ultraq.thymeleaf.layoutdialect.LayoutDialect' (OnClassCondition)

   ThymeleafAutoConfiguration.ThymeleafWebLayoutConfiguration#layoutDialect matched:
      - @ConditionalOnMissingBean (types: nz.net.ultraq.thymeleaf.layoutdialect.LayoutDialect; SearchStrategy: all) did not find any beans (OnBeanCondition)

   ThymeleafAutoConfiguration.ThymeleafWebMvcConfiguration matched:
      - found 'session' scope (OnWebApplicationCondition)
      - @ConditionalOnProperty (spring.thymeleaf.enabled) matched (OnPropertyCondition)

   ThymeleafAutoConfiguration.ThymeleafWebMvcConfiguration.ThymeleafViewResolverConfiguration#thymeleafViewResolver matched:
      - @ConditionalOnMissingBean (names: thymeleafViewResolver; SearchStrategy: all) did not find any beans (OnBeanCondition)

   TransactionAutoConfiguration matched:
      - @ConditionalOnClass found required class 'org.springframework.transaction.PlatformTransactionManager' (OnClassCondition)

   TransactionAutoConfiguration#platformTransactionManagerCustomizers matched:
      - @ConditionalOnMissingBean (types: org.springframework.boot.autoconfigure.transaction.TransactionManagerCustomizers; SearchStrategy: all) did not find any beans (OnBeanCondition)

   TransactionAutoConfiguration.EnableTransactionManagementConfiguration matched:
      - @ConditionalOnBean (types: org.springframework.transaction.TransactionManager; SearchStrategy: all) found bean 'transactionManager'; @ConditionalOnMissingBean (types: org.springframework.transaction.annotation.AbstractTransactionManagementConfiguration; SearchStrategy: all) did not find any beans (OnBeanCondition)

   TransactionAutoConfiguration.EnableTransactionManagementConfiguration.CglibAutoProxyConfiguration matched:
      - @ConditionalOnProperty (spring.aop.proxy-target-class=true) matched (OnPropertyCondition)

   TransactionAutoConfiguration.TransactionTemplateConfiguration matched:
      - @ConditionalOnSingleCandidate (types: org.springframework.transaction.PlatformTransactionManager; SearchStrategy: all) found a single bean 'transactionManager' (OnBeanCondition)

   TransactionAutoConfiguration.TransactionTemplateConfiguration#transactionTemplate matched:
      - @ConditionalOnMissingBean (types: org.springframework.transaction.support.TransactionOperations; SearchStrategy: all) did not find any beans (OnBeanCondition)

   WebMvcAutoConfiguration matched:
      - @ConditionalOnClass found required classes 'javax.servlet.Servlet', 'org.springframework.web.servlet.DispatcherServlet', 'org.springframework.web.servlet.config.annotation.WebMvcConfigurer' (OnClassCondition)
      - found 'session' scope (OnWebApplicationCondition)
      - @ConditionalOnMissingBean (types: org.springframework.web.servlet.config.annotation.WebMvcConfigurationSupport; SearchStrategy: all) did not find any beans (OnBeanCondition)

   WebMvcAutoConfiguration#formContentFilter matched:
      - @ConditionalOnProperty (spring.mvc.formcontent.filter.enabled) matched (OnPropertyCondition)
      - @ConditionalOnMissingBean (types: org.springframework.web.filter.FormContentFilter; SearchStrategy: all) did not find any beans (OnBeanCondition)

   WebMvcAutoConfiguration.EnableWebMvcConfiguration#flashMapManager matched:
      - @ConditionalOnMissingBean (names: flashMapManager; SearchStrategy: all) did not find any beans (OnBeanCondition)

   WebMvcAutoConfiguration.EnableWebMvcConfiguration#themeResolver matched:
      - @ConditionalOnMissingBean (names: themeResolver; SearchStrategy: all) did not find any beans (OnBeanCondition)

   WebMvcAutoConfiguration.WebMvcAutoConfigurationAdapter#defaultViewResolver matched:
      - @ConditionalOnMissingBean (types: org.springframework.web.servlet.view.InternalResourceViewResolver; SearchStrategy: all) did not find any beans (OnBeanCondition)

   WebMvcAutoConfiguration.WebMvcAutoConfigurationAdapter#requestContextFilter matched:
      - @ConditionalOnMissingBean (types: org.springframework.web.context.request.RequestContextListener,org.springframework.web.filter.RequestContextFilter; SearchStrategy: all) did not find any beans (OnBeanCondition)

   WebMvcAutoConfiguration.WebMvcAutoConfigurationAdapter#viewResolver matched:
      - @ConditionalOnBean (types: org.springframework.web.servlet.ViewResolver; SearchStrategy: all) found beans 'defaultViewResolver', 'downloadViewResolver', 'mvcViewResolver'; @ConditionalOnMissingBean (names: viewResolver types: org.springframework.web.servlet.view.ContentNegotiatingViewResolver; SearchStrategy: all) did not find any beans (OnBeanCondition)

   WebSocketServletAutoConfiguration matched:
      - @ConditionalOnClass found required classes 'javax.servlet.Servlet', 'javax.websocket.server.ServerContainer' (OnClassCondition)
      - found 'session' scope (OnWebApplicationCondition)

   WebSocketServletAutoConfiguration.TomcatWebSocketConfiguration matched:
      - @ConditionalOnClass found required classes 'org.apache.catalina.startup.Tomcat', 'org.apache.tomcat.websocket.server.WsSci' (OnClassCondition)

   WebSocketServletAutoConfiguration.TomcatWebSocketConfiguration#websocketServletWebServerCustomizer matched:
      - @ConditionalOnMissingBean (names: websocketServletWebServerCustomizer; SearchStrategy: all) did not find any beans (OnBeanCondition)


Negative matches:
-----------------

   ActiveMQAutoConfiguration:
      Did not match:
         - @ConditionalOnClass did not find required class 'javax.jms.ConnectionFactory' (OnClassCondition)

   AopAutoConfiguration.AspectJAutoProxyingConfiguration.JdkDynamicAutoProxyConfiguration:
      Did not match:
         - @ConditionalOnProperty (spring.aop.proxy-target-class=false) did not find property 'proxy-target-class' (OnPropertyCondition)

   AopAutoConfiguration.ClassProxyingConfiguration:
      Did not match:
         - @ConditionalOnMissingClass found unwanted class 'org.aspectj.weaver.Advice' (OnClassCondition)

   ArtemisAutoConfiguration:
      Did not match:
         - @ConditionalOnClass did not find required class 'javax.jms.ConnectionFactory' (OnClassCondition)

   BatchAutoConfiguration:
      Did not match:
         - @ConditionalOnClass did not find required class 'org.springframework.batch.core.launch.JobLauncher' (OnClassCondition)

   Cache2kCacheConfiguration:
      Did not match:
         - @ConditionalOnClass did not find required class 'org.cache2k.Cache2kBuilder' (OnClassCondition)

   CacheAutoConfiguration:
      Did not match:
         - @ConditionalOnBean (types: org.springframework.cache.interceptor.CacheAspectSupport; SearchStrategy: all) did not find any beans of type org.springframework.cache.interceptor.CacheAspectSupport (OnBeanCondition)
      Matched:
         - @ConditionalOnClass found required class 'org.springframework.cache.CacheManager' (OnClassCondition)

   CacheAutoConfiguration.CacheManagerEntityManagerFactoryDependsOnPostProcessor:
      Did not match:
         - @ConditionalOnClass did not find required class 'org.springframework.orm.jpa.LocalContainerEntityManagerFactoryBean' (OnClassCondition)
         - Ancestor org.springframework.boot.autoconfigure.cache.CacheAutoConfiguration did not match (ConditionEvaluationReport.AncestorsMatchedCondition)

   CaffeineCacheConfiguration:
      Did not match:
         - @ConditionalOnClass did not find required class 'com.github.benmanes.caffeine.cache.Caffeine' (OnClassCondition)

   CassandraAutoConfiguration:
      Did not match:
         - @ConditionalOnClass did not find required class 'com.datastax.oss.driver.api.core.CqlSession' (OnClassCondition)

   CassandraDataAutoConfiguration:
      Did not match:
         - @ConditionalOnClass did not find required class 'com.datastax.oss.driver.api.core.CqlSession' (OnClassCondition)

   CassandraReactiveDataAutoConfiguration:
      Did not match:
         - @ConditionalOnClass did not find required class 'com.datastax.oss.driver.api.core.CqlSession' (OnClassCondition)

   CassandraReactiveRepositoriesAutoConfiguration:
      Did not match:
         - @ConditionalOnClass did not find required class 'org.springframework.data.cassandra.ReactiveSession' (OnClassCondition)

   CassandraRepositoriesAutoConfiguration:
      Did not match:
         - @ConditionalOnClass did not find required class 'com.datastax.oss.driver.api.core.CqlSession' (OnClassCondition)

   ClientHttpConnectorAutoConfiguration:
      Did not match:
         - @ConditionalOnClass did not find required class 'org.springframework.web.reactive.function.client.WebClient' (OnClassCondition)

   CodecsAutoConfiguration:
      Did not match:
         - @ConditionalOnClass did not find required class 'org.springframework.web.reactive.function.client.WebClient' (OnClassCondition)

   CouchbaseAutoConfiguration:
      Did not match:
         - @ConditionalOnClass did not find required class 'com.couchbase.client.java.Cluster' (OnClassCondition)

   CouchbaseCacheConfiguration:
      Did not match:
         - @ConditionalOnClass did not find required class 'com.couchbase.client.java.Cluster' (OnClassCondition)

   CouchbaseDataAutoConfiguration:
      Did not match:
         - @ConditionalOnClass did not find required class 'com.couchbase.client.java.Bucket' (OnClassCondition)

   CouchbaseReactiveDataAutoConfiguration:
      Did not match:
         - @ConditionalOnClass did not find required class 'com.couchbase.client.java.Cluster' (OnClassCondition)

   CouchbaseReactiveRepositoriesAutoConfiguration:
      Did not match:
         - @ConditionalOnClass did not find required class 'com.couchbase.client.java.Cluster' (OnClassCondition)

   CouchbaseRepositoriesAutoConfiguration:
      Did not match:
         - @ConditionalOnClass did not find required class 'com.couchbase.client.java.Bucket' (OnClassCondition)

   DataSourceAutoConfiguration.EmbeddedDatabaseConfiguration:
      Did not match:
         - EmbeddedDataSource spring.datasource.url is set (DataSourceAutoConfiguration.EmbeddedDatabaseCondition)

   DataSourceConfiguration.Dbcp2:
      Did not match:
         - @ConditionalOnClass did not find required class 'org.apache.commons.dbcp2.BasicDataSource' (OnClassCondition)

   DataSourceConfiguration.Generic:
      Did not match:
         - @ConditionalOnProperty (spring.datasource.type) did not find property 'spring.datasource.type' (OnPropertyCondition)

   DataSourceConfiguration.OracleUcp:
      Did not match:
         - @ConditionalOnClass did not find required classes 'oracle.ucp.jdbc.PoolDataSourceImpl', 'oracle.jdbc.OracleConnection' (OnClassCondition)

   DataSourceConfiguration.Tomcat:
      Did not match:
         - @ConditionalOnClass did not find required class 'org.apache.tomcat.jdbc.pool.DataSource' (OnClassCondition)

   DataSourceJmxConfiguration.TomcatDataSourceJmxConfiguration:
      Did not match:
         - @ConditionalOnClass did not find required class 'org.apache.tomcat.jdbc.pool.DataSourceProxy' (OnClassCondition)

   DataSourcePoolMetadataProvidersConfiguration.CommonsDbcp2PoolDataSourceMetadataProviderConfiguration:
      Did not match:
         - @ConditionalOnClass did not find required class 'org.apache.commons.dbcp2.BasicDataSource' (OnClassCondition)

   DataSourcePoolMetadataProvidersConfiguration.OracleUcpPoolDataSourceMetadataProviderConfiguration:
      Did not match:
         - @ConditionalOnClass did not find required classes 'oracle.ucp.jdbc.PoolDataSource', 'oracle.jdbc.OracleConnection' (OnClassCondition)

   DataSourcePoolMetadataProvidersConfiguration.TomcatDataSourcePoolMetadataProviderConfiguration:
      Did not match:
         - @ConditionalOnClass did not find required class 'org.apache.tomcat.jdbc.pool.DataSource' (OnClassCondition)

   DispatcherServletAutoConfiguration.DispatcherServletConfiguration#multipartResolver:
      Did not match:
         - @ConditionalOnMissingBean (names: multipartResolver; SearchStrategy: all) found beans named multipartResolver (OnBeanCondition)

   EhCacheCacheConfiguration:
      Did not match:
         - @ConditionalOnClass did not find required class 'net.sf.ehcache.Cache' (OnClassCondition)

   ElasticsearchDataAutoConfiguration:
      Did not match:
         - @ConditionalOnClass did not find required class 'org.springframework.data.elasticsearch.core.ElasticsearchRestTemplate' (OnClassCondition)

   ElasticsearchRepositoriesAutoConfiguration:
      Did not match:
         - @ConditionalOnClass did not find required class 'org.elasticsearch.client.Client' (OnClassCondition)

   ElasticsearchRestClientAutoConfiguration:
      Did not match:
         - @ConditionalOnClass did not find required class 'org.elasticsearch.client.RestClientBuilder' (OnClassCondition)

   EmbeddedLdapAutoConfiguration:
      Did not match:
         - @ConditionalOnClass did not find required class 'com.unboundid.ldap.listener.InMemoryDirectoryServer' (OnClassCondition)

   EmbeddedMongoAutoConfiguration:
      Did not match:
         - @ConditionalOnClass did not find required class 'com.mongodb.MongoClientSettings' (OnClassCondition)

   EmbeddedWebServerFactoryCustomizerAutoConfiguration.JettyWebServerFactoryCustomizerConfiguration:
      Did not match:
         - @ConditionalOnClass did not find required classes 'org.eclipse.jetty.server.Server', 'org.eclipse.jetty.util.Loader', 'org.eclipse.jetty.webapp.WebAppContext' (OnClassCondition)

   EmbeddedWebServerFactoryCustomizerAutoConfiguration.NettyWebServerFactoryCustomizerConfiguration:
      Did not match:
         - @ConditionalOnClass did not find required class 'reactor.netty.http.server.HttpServer' (OnClassCondition)

   EmbeddedWebServerFactoryCustomizerAutoConfiguration.UndertowWebServerFactoryCustomizerConfiguration:
      Did not match:
         - @ConditionalOnClass did not find required classes 'io.undertow.Undertow', 'org.xnio.SslClientAuthMode' (OnClassCondition)

   ErrorMvcAutoConfiguration.WhitelabelErrorViewConfiguration#beanNameViewResolver:
      Did not match:
         - @ConditionalOnMissingBean (types: org.springframework.web.servlet.view.BeanNameViewResolver; SearchStrategy: all) found beans of type 'org.springframework.web.servlet.view.BeanNameViewResolver' downloadViewResolver (OnBeanCondition)

   ErrorWebFluxAutoConfiguration:
      Did not match:
         - @ConditionalOnClass did not find required class 'org.springframework.web.reactive.config.WebFluxConfigurer' (OnClassCondition)

   FlywayAutoConfiguration:
      Did not match:
         - @ConditionalOnClass did not find required class 'org.flywaydb.core.Flyway' (OnClassCondition)

   FreeMarkerAutoConfiguration:
      Did not match:
         - @ConditionalOnClass did not find required class 'freemarker.template.Configuration' (OnClassCondition)

   GraphQlAutoConfiguration:
      Did not match:
         - @ConditionalOnClass did not find required class 'graphql.GraphQL' (OnClassCondition)

   GraphQlQueryByExampleAutoConfiguration:
      Did not match:
         - @ConditionalOnClass did not find required class 'graphql.GraphQL' (OnClassCondition)

   GraphQlQuerydslAutoConfiguration:
      Did not match:
         - @ConditionalOnClass did not find required class 'graphql.GraphQL' (OnClassCondition)

   GraphQlRSocketAutoConfiguration:
      Did not match:
         - @ConditionalOnClass did not find required class 'graphql.GraphQL' (OnClassCondition)

   GraphQlReactiveQueryByExampleAutoConfiguration:
      Did not match:
         - @ConditionalOnClass did not find required class 'graphql.GraphQL' (OnClassCondition)

   GraphQlReactiveQuerydslAutoConfiguration:
      Did not match:
         - @ConditionalOnClass did not find required class 'graphql.GraphQL' (OnClassCondition)

   GraphQlWebFluxAutoConfiguration:
      Did not match:
         - @ConditionalOnClass did not find required class 'graphql.GraphQL' (OnClassCondition)

   GraphQlWebFluxSecurityAutoConfiguration:
      Did not match:
         - @ConditionalOnClass did not find required class 'graphql.GraphQL' (OnClassCondition)

   GraphQlWebMvcAutoConfiguration:
      Did not match:
         - @ConditionalOnClass did not find required class 'graphql.GraphQL' (OnClassCondition)

   GraphQlWebMvcSecurityAutoConfiguration:
      Did not match:
         - @ConditionalOnClass did not find required class 'graphql.GraphQL' (OnClassCondition)

   GroovyTemplateAutoConfiguration:
      Did not match:
         - @ConditionalOnClass did not find required class 'groovy.text.markup.MarkupTemplateEngine' (OnClassCondition)

   GsonHttpMessageConvertersConfiguration.GsonHttpMessageConverterConfiguration:
      Did not match:
         - AnyNestedCondition 0 matched 2 did not; NestedCondition on GsonHttpMessageConvertersConfiguration.PreferGsonOrJacksonAndJsonbUnavailableCondition.JacksonJsonbUnavailable NoneNestedConditions 1 matched 1 did not; NestedCondition on GsonHttpMessageConvertersConfiguration.JacksonAndJsonbUnavailableCondition.JsonbPreferred @ConditionalOnProperty (spring.mvc.converters.preferred-json-mapper=jsonb) did not find property 'spring.mvc.converters.preferred-json-mapper'; NestedCondition on GsonHttpMessageConvertersConfiguration.JacksonAndJsonbUnavailableCondition.JacksonAvailable @ConditionalOnBean (types: org.springframework.http.converter.json.MappingJackson2HttpMessageConverter; SearchStrategy: all) found bean 'mappingJackson2HttpMessageConverter'; NestedCondition on GsonHttpMessageConvertersConfiguration.PreferGsonOrJacksonAndJsonbUnavailableCondition.GsonPreferred @ConditionalOnProperty (spring.mvc.converters.preferred-json-mapper=gson) did not find property 'spring.mvc.converters.preferred-json-mapper' (GsonHttpMessageConvertersConfiguration.PreferGsonOrJacksonAndJsonbUnavailableCondition)

   H2ConsoleAutoConfiguration:
      Did not match:
         - @ConditionalOnClass did not find required class 'org.h2.server.web.WebServlet' (OnClassCondition)

   HazelcastAutoConfiguration:
      Did not match:
         - @ConditionalOnClass did not find required class 'com.hazelcast.core.HazelcastInstance' (OnClassCondition)

   HazelcastCacheConfiguration:
      Did not match:
         - @ConditionalOnClass did not find required class 'com.hazelcast.core.HazelcastInstance' (OnClassCondition)

   HazelcastJpaDependencyAutoConfiguration:
      Did not match:
         - @ConditionalOnClass did not find required class 'com.hazelcast.core.HazelcastInstance' (OnClassCondition)

   HibernateJpaAutoConfiguration:
      Did not match:
         - @ConditionalOnClass did not find required class 'javax.persistence.EntityManager' (OnClassCondition)

   HttpHandlerAutoConfiguration:
      Did not match:
         - @ConditionalOnClass did not find required class 'org.springframework.web.reactive.DispatcherHandler' (OnClassCondition)

   HypermediaAutoConfiguration:
      Did not match:
         - @ConditionalOnClass did not find required class 'org.springframework.hateoas.EntityModel' (OnClassCondition)

   InfinispanCacheConfiguration:
      Did not match:
         - @ConditionalOnClass did not find required class 'org.infinispan.spring.embedded.provider.SpringEmbeddedCacheManager' (OnClassCondition)

   InfluxDbAutoConfiguration:
      Did not match:
         - @ConditionalOnClass did not find required class 'org.influxdb.InfluxDB' (OnClassCondition)

   IntegrationAutoConfiguration:
      Did not match:
         - @ConditionalOnClass did not find required class 'org.springframework.integration.config.EnableIntegration' (OnClassCondition)

   JCacheCacheConfiguration:
      Did not match:
         - @ConditionalOnClass did not find required class 'javax.cache.Caching' (OnClassCondition)

   JacksonHttpMessageConvertersConfiguration.MappingJackson2XmlHttpMessageConverterConfiguration:
      Did not match:
         - @ConditionalOnClass did not find required class 'com.fasterxml.jackson.dataformat.xml.XmlMapper' (OnClassCondition)

   JdbcRepositoriesAutoConfiguration:
      Did not match:
         - @ConditionalOnClass did not find required class 'org.springframework.data.jdbc.repository.config.AbstractJdbcConfiguration' (OnClassCondition)

   JerseyAutoConfiguration:
      Did not match:
         - @ConditionalOnClass did not find required class 'org.glassfish.jersey.server.spring.SpringComponentProvider' (OnClassCondition)

   JmsAutoConfiguration:
      Did not match:
         - @ConditionalOnClass did not find required class 'javax.jms.Message' (OnClassCondition)

   JmxAutoConfiguration:
      Did not match:
         - @ConditionalOnProperty (spring.jmx.enabled=true) did not find property 'enabled' (OnPropertyCondition)
      Matched:
         - @ConditionalOnClass found required class 'org.springframework.jmx.export.MBeanExporter' (OnClassCondition)

   JndiConnectionFactoryAutoConfiguration:
      Did not match:
         - @ConditionalOnClass did not find required class 'org.springframework.jms.core.JmsTemplate' (OnClassCondition)

   JndiDataSourceAutoConfiguration:
      Did not match:
         - @ConditionalOnProperty (spring.datasource.jndi-name) did not find property 'jndi-name' (OnPropertyCondition)
      Matched:
         - @ConditionalOnClass found required classes 'javax.sql.DataSource', 'org.springframework.jdbc.datasource.embedded.EmbeddedDatabaseType' (OnClassCondition)

   JooqAutoConfiguration:
      Did not match:
         - @ConditionalOnClass did not find required class 'org.jooq.DSLContext' (OnClassCondition)

   JpaRepositoriesAutoConfiguration:
      Did not match:
         - @ConditionalOnClass did not find required class 'org.springframework.data.jpa.repository.JpaRepository' (OnClassCondition)

   JsonbAutoConfiguration:
      Did not match:
         - @ConditionalOnClass did not find required class 'javax.json.bind.Jsonb' (OnClassCondition)

   JsonbHttpMessageConvertersConfiguration:
      Did not match:
         - @ConditionalOnClass did not find required class 'javax.json.bind.Jsonb' (OnClassCondition)

   JtaAutoConfiguration:
      Did not match:
         - @ConditionalOnClass did not find required class 'javax.transaction.Transaction' (OnClassCondition)

   KafkaAutoConfiguration:
      Did not match:
         - @ConditionalOnClass did not find required class 'org.springframework.kafka.core.KafkaTemplate' (OnClassCondition)

   LdapAutoConfiguration:
      Did not match:
         - @ConditionalOnClass did not find required class 'org.springframework.ldap.core.ContextSource' (OnClassCondition)

   LdapRepositoriesAutoConfiguration:
      Did not match:
         - @ConditionalOnClass did not find required class 'org.springframework.data.ldap.repository.LdapRepository' (OnClassCondition)

   LiquibaseAutoConfiguration:
      Did not match:
         - @ConditionalOnClass did not find required class 'liquibase.change.DatabaseChange' (OnClassCondition)

   MailSenderAutoConfiguration:
      Did not match:
         - @ConditionalOnClass did not find required class 'javax.mail.internet.MimeMessage' (OnClassCondition)

   MailSenderValidatorAutoConfiguration:
      Did not match:
         - @ConditionalOnSingleCandidate did not find required type 'org.springframework.mail.javamail.JavaMailSenderImpl' (OnBeanCondition)

   MessageSourceAutoConfiguration:
      Did not match:
         - ResourceBundle did not find bundle with basename messages (MessageSourceAutoConfiguration.ResourceBundleCondition)

   MongoAutoConfiguration:
      Did not match:
         - @ConditionalOnClass did not find required class 'com.mongodb.client.MongoClient' (OnClassCondition)

   MongoDataAutoConfiguration:
      Did not match:
         - @ConditionalOnClass did not find required class 'com.mongodb.client.MongoClient' (OnClassCondition)

   MongoReactiveAutoConfiguration:
      Did not match:
         - @ConditionalOnClass did not find required class 'com.mongodb.reactivestreams.client.MongoClient' (OnClassCondition)

   MongoReactiveDataAutoConfiguration:
      Did not match:
         - @ConditionalOnClass did not find required class 'com.mongodb.reactivestreams.client.MongoClient' (OnClassCondition)

   MongoReactiveRepositoriesAutoConfiguration:
      Did not match:
         - @ConditionalOnClass did not find required class 'com.mongodb.reactivestreams.client.MongoClient' (OnClassCondition)

   MongoRepositoriesAutoConfiguration:
      Did not match:
         - @ConditionalOnClass did not find required class 'com.mongodb.client.MongoClient' (OnClassCondition)

   MultipartAutoConfiguration#multipartConfigElement:
      Did not match:
         - @ConditionalOnMissingBean (types: javax.servlet.MultipartConfigElement,org.springframework.web.multipart.commons.CommonsMultipartResolver; SearchStrategy: all) found beans of type 'org.springframework.web.multipart.commons.CommonsMultipartResolver' multipartResolver (OnBeanCondition)

   MultipartAutoConfiguration#multipartResolver:
      Did not match:
         - @ConditionalOnMissingBean (types: org.springframework.web.multipart.MultipartResolver; SearchStrategy: all) found beans of type 'org.springframework.web.multipart.MultipartResolver' multipartResolver (OnBeanCondition)

   MustacheAutoConfiguration:
      Did not match:
         - @ConditionalOnClass did not find required class 'com.samskivert.mustache.Mustache' (OnClassCondition)

   MybatisAutoConfiguration.MapperScannerRegistrarNotFoundConfiguration:
      Did not match:
         - @ConditionalOnMissingBean (types: org.mybatis.spring.mapper.MapperFactoryBean,org.mybatis.spring.mapper.MapperScannerConfigurer; SearchStrategy: all) found beans of type 'org.mybatis.spring.mapper.MapperScannerConfigurer' kr.co.kevit.localcsms.adminweb.AdminWebApplication#MapperScannerRegistrar#0 (OnBeanCondition)

   MybatisLanguageDriverAutoConfiguration.FreeMarkerConfiguration:
      Did not match:
         - @ConditionalOnClass did not find required classes 'org.mybatis.scripting.freemarker.FreeMarkerLanguageDriver', 'org.mybatis.scripting.freemarker.FreeMarkerLanguageDriverConfig' (OnClassCondition)

   MybatisLanguageDriverAutoConfiguration.LegacyFreeMarkerConfiguration:
      Did not match:
         - @ConditionalOnClass did not find required class 'org.mybatis.scripting.freemarker.FreeMarkerLanguageDriver' (OnClassCondition)

   MybatisLanguageDriverAutoConfiguration.LegacyVelocityConfiguration:
      Did not match:
         - @ConditionalOnClass did not find required class 'org.mybatis.scripting.velocity.Driver' (OnClassCondition)

   MybatisLanguageDriverAutoConfiguration.ThymeleafConfiguration:
      Did not match:
         - @ConditionalOnClass did not find required class 'org.mybatis.scripting.thymeleaf.ThymeleafLanguageDriver' (OnClassCondition)

   MybatisLanguageDriverAutoConfiguration.VelocityConfiguration:
      Did not match:
         - @ConditionalOnClass did not find required classes 'org.mybatis.scripting.velocity.VelocityLanguageDriver', 'org.mybatis.scripting.velocity.VelocityLanguageDriverConfig' (OnClassCondition)

   Neo4jAutoConfiguration:
      Did not match:
         - @ConditionalOnClass did not find required class 'org.neo4j.driver.Driver' (OnClassCondition)

   Neo4jDataAutoConfiguration:
      Did not match:
         - @ConditionalOnClass did not find required class 'org.neo4j.driver.Driver' (OnClassCondition)

   Neo4jReactiveDataAutoConfiguration:
      Did not match:
         - @ConditionalOnClass did not find required class 'org.neo4j.driver.Driver' (OnClassCondition)

   Neo4jReactiveRepositoriesAutoConfiguration:
      Did not match:
         - @ConditionalOnClass did not find required class 'org.neo4j.driver.Driver' (OnClassCondition)

   Neo4jRepositoriesAutoConfiguration:
      Did not match:
         - @ConditionalOnClass did not find required class 'org.neo4j.driver.Driver' (OnClassCondition)

   NettyAutoConfiguration:
      Did not match:
         - @ConditionalOnClass did not find required class 'io.netty.util.NettyRuntime' (OnClassCondition)

   OAuth2ClientAutoConfiguration:
      Did not match:
         - @ConditionalOnClass did not find required class 'org.springframework.security.oauth2.client.registration.ClientRegistration' (OnClassCondition)

   OAuth2ResourceServerAutoConfiguration:
      Did not match:
         - @ConditionalOnClass did not find required class 'org.springframework.security.oauth2.server.resource.BearerTokenAuthenticationToken' (OnClassCondition)

   ProjectInfoAutoConfiguration#buildProperties:
      Did not match:
         - @ConditionalOnResource did not find resource '${spring.info.build.location:classpath:META-INF/build-info.properties}' (OnResourceCondition)

   ProjectInfoAutoConfiguration#gitProperties:
      Did not match:
         - GitResource did not find git info at classpath:git.properties (ProjectInfoAutoConfiguration.GitResourceAvailableCondition)

   QuartzAutoConfiguration:
      Did not match:
         - @ConditionalOnClass did not find required class 'org.quartz.Scheduler' (OnClassCondition)

   R2dbcAutoConfiguration:
      Did not match:
         - @ConditionalOnClass did not find required class 'io.r2dbc.spi.ConnectionFactory' (OnClassCondition)

   R2dbcDataAutoConfiguration:
      Did not match:
         - @ConditionalOnClass did not find required class 'org.springframework.data.r2dbc.core.R2dbcEntityTemplate' (OnClassCondition)

   R2dbcInitializationConfiguration:
      Did not match:
         - @ConditionalOnClass did not find required classes 'io.r2dbc.spi.ConnectionFactory', 'org.springframework.r2dbc.connection.init.DatabasePopulator' (OnClassCondition)

   R2dbcRepositoriesAutoConfiguration:
      Did not match:
         - @ConditionalOnClass did not find required class 'io.r2dbc.spi.ConnectionFactory' (OnClassCondition)

   R2dbcTransactionManagerAutoConfiguration:
      Did not match:
         - @ConditionalOnClass did not find required class 'org.springframework.r2dbc.connection.R2dbcTransactionManager' (OnClassCondition)

   RSocketGraphQlClientAutoConfiguration:
      Did not match:
         - @ConditionalOnClass did not find required class 'graphql.GraphQL' (OnClassCondition)

   RSocketMessagingAutoConfiguration:
      Did not match:
         - @ConditionalOnClass did not find required class 'io.rsocket.RSocket' (OnClassCondition)

   RSocketRequesterAutoConfiguration:
      Did not match:
         - @ConditionalOnClass did not find required class 'io.rsocket.RSocket' (OnClassCondition)

   RSocketSecurityAutoConfiguration:
      Did not match:
         - @ConditionalOnClass did not find required class 'org.springframework.security.rsocket.core.SecuritySocketAcceptorInterceptor' (OnClassCondition)

   RSocketServerAutoConfiguration:
      Did not match:
         - @ConditionalOnClass did not find required class 'io.rsocket.core.RSocketServer' (OnClassCondition)

   RSocketStrategiesAutoConfiguration:
      Did not match:
         - @ConditionalOnClass did not find required class 'io.netty.buffer.PooledByteBufAllocator' (OnClassCondition)

   RabbitAutoConfiguration:
      Did not match:
         - @ConditionalOnClass did not find required class 'com.rabbitmq.client.Channel' (OnClassCondition)

   ReactiveElasticsearchRepositoriesAutoConfiguration:
      Did not match:
         - @ConditionalOnClass did not find required class 'org.springframework.data.elasticsearch.client.reactive.ReactiveElasticsearchClient' (OnClassCondition)

   ReactiveElasticsearchRestClientAutoConfiguration:
      Did not match:
         - @ConditionalOnClass did not find required class 'reactor.netty.http.client.HttpClient' (OnClassCondition)

   ReactiveMultipartAutoConfiguration:
      Did not match:
         - @ConditionalOnClass did not find required class 'org.springframework.web.reactive.config.WebFluxConfigurer' (OnClassCondition)

   ReactiveOAuth2ClientAutoConfiguration:
      Did not match:
         - @ConditionalOnClass did not find required class 'reactor.core.publisher.Flux' (OnClassCondition)

   ReactiveOAuth2ResourceServerAutoConfiguration:
      Did not match:
         - @ConditionalOnWebApplication did not find reactive web application classes (OnWebApplicationCondition)

   ReactiveSecurityAutoConfiguration:
      Did not match:
         - @ConditionalOnClass did not find required class 'reactor.core.publisher.Flux' (OnClassCondition)

   ReactiveUserDetailsServiceAutoConfiguration:
      Did not match:
         - AnyNestedCondition 0 matched 2 did not; NestedCondition on ReactiveUserDetailsServiceAutoConfiguration.ReactiveUserDetailsServiceCondition.ReactiveWebApplicationCondition did not find reactive web application classes; NestedCondition on ReactiveUserDetailsServiceAutoConfiguration.ReactiveUserDetailsServiceCondition.RSocketSecurityEnabledCondition @ConditionalOnBean (types: org.springframework.messaging.rsocket.annotation.support.RSocketMessageHandler; SearchStrategy: all) did not find any beans of type org.springframework.messaging.rsocket.annotation.support.RSocketMessageHandler (ReactiveUserDetailsServiceAutoConfiguration.ReactiveUserDetailsServiceCondition)
      Matched:
         - @ConditionalOnClass found required class 'org.springframework.security.authentication.ReactiveAuthenticationManager' (OnClassCondition)

   ReactiveWebServerFactoryAutoConfiguration:
      Did not match:
         - @ConditionalOnWebApplication did not find reactive web application classes (OnWebApplicationCondition)

   RedisAutoConfiguration:
      Did not match:
         - @ConditionalOnClass did not find required class 'org.springframework.data.redis.core.RedisOperations' (OnClassCondition)

   RedisCacheConfiguration:
      Did not match:
         - @ConditionalOnClass did not find required class 'org.springframework.data.redis.connection.RedisConnectionFactory' (OnClassCondition)

   RedisReactiveAutoConfiguration:
      Did not match:
         - @ConditionalOnClass did not find required class 'reactor.core.publisher.Flux' (OnClassCondition)

   RedisRepositoriesAutoConfiguration:
      Did not match:
         - @ConditionalOnClass did not find required class 'org.springframework.data.redis.repository.configuration.EnableRedisRepositories' (OnClassCondition)

   RepositoryRestMvcAutoConfiguration:
      Did not match:
         - @ConditionalOnClass did not find required class 'org.springframework.data.rest.webmvc.config.RepositoryRestMvcConfiguration' (OnClassCondition)

   Saml2RelyingPartyAutoConfiguration:
      Did not match:
         - @ConditionalOnClass did not find required class 'org.springframework.security.saml2.provider.service.registration.RelyingPartyRegistrationRepository' (OnClassCondition)

   SecurityDataConfiguration:
      Did not match:
         - @ConditionalOnClass did not find required class 'org.springframework.security.data.repository.query.SecurityEvaluationContextExtension' (OnClassCondition)

   SendGridAutoConfiguration:
      Did not match:
         - @ConditionalOnClass did not find required class 'com.sendgrid.SendGrid' (OnClassCondition)

   ServletWebServerFactoryAutoConfiguration.ForwardedHeaderFilterConfiguration:
      Did not match:
         - @ConditionalOnProperty (server.forward-headers-strategy=framework) did not find property 'server.forward-headers-strategy' (OnPropertyCondition)

   ServletWebServerFactoryConfiguration.EmbeddedJetty:
      Did not match:
         - @ConditionalOnClass did not find required classes 'org.eclipse.jetty.server.Server', 'org.eclipse.jetty.util.Loader', 'org.eclipse.jetty.webapp.WebAppContext' (OnClassCondition)

   ServletWebServerFactoryConfiguration.EmbeddedUndertow:
      Did not match:
         - @ConditionalOnClass did not find required classes 'io.undertow.Undertow', 'org.xnio.SslClientAuthMode' (OnClassCondition)

   SessionAutoConfiguration:
      Did not match:
         - @ConditionalOnClass did not find required class 'org.springframework.session.Session' (OnClassCondition)

   SolrAutoConfiguration:
      Did not match:
         - @ConditionalOnClass did not find required class 'org.apache.solr.client.solrj.impl.CloudSolrClient' (OnClassCondition)

   SpringApplicationAdminJmxAutoConfiguration:
      Did not match:
         - @ConditionalOnProperty (spring.application.admin.enabled=true) did not find property 'enabled' (OnPropertyCondition)

   SpringBootWebSecurityConfiguration.SecurityFilterChainConfiguration:
      Did not match:
         - AllNestedConditions 1 matched 1 did not; NestedCondition on DefaultWebSecurityCondition.Beans @ConditionalOnMissingBean (types: org.springframework.security.config.annotation.web.configuration.WebSecurityConfigurerAdapter,org.springframework.security.web.SecurityFilterChain; SearchStrategy: all) found beans of type 'org.springframework.security.web.SecurityFilterChain' filterChain; NestedCondition on DefaultWebSecurityCondition.Classes @ConditionalOnClass found required classes 'org.springframework.security.web.SecurityFilterChain', 'org.springframework.security.config.annotation.web.builders.HttpSecurity' (DefaultWebSecurityCondition)

   SpringBootWebSecurityConfiguration.WebSecurityEnablerConfiguration:
      Did not match:
         - @ConditionalOnMissingBean (names: springSecurityFilterChain; SearchStrategy: all) found beans named springSecurityFilterChain (OnBeanCondition)
      Matched:
         - @ConditionalOnClass found required class 'org.springframework.security.config.annotation.web.configuration.EnableWebSecurity' (OnClassCondition)

   SpringDataWebAutoConfiguration:
      Did not match:
         - @ConditionalOnClass did not find required class 'org.springframework.data.web.PageableHandlerMethodArgumentResolver' (OnClassCondition)

   TaskSchedulingAutoConfiguration#scheduledBeanLazyInitializationExcludeFilter:
      Did not match:
         - @ConditionalOnBean (names: org.springframework.context.annotation.internalScheduledAnnotationProcessor; SearchStrategy: all) did not find any beans named org.springframework.context.annotation.internalScheduledAnnotationProcessor (OnBeanCondition)

   TaskSchedulingAutoConfiguration#taskScheduler:
      Did not match:
         - @ConditionalOnBean (names: org.springframework.context.annotation.internalScheduledAnnotationProcessor; SearchStrategy: all) did not find any beans named org.springframework.context.annotation.internalScheduledAnnotationProcessor (OnBeanCondition)

   TemplateEngineConfigurations.ReactiveTemplateEngineConfiguration:
      Did not match:
         - did not find reactive web application classes (OnWebApplicationCondition)

   ThymeleafAutoConfiguration.DataAttributeDialectConfiguration:
      Did not match:
         - @ConditionalOnClass did not find required class 'com.github.mxab.thymeleaf.extras.dataattribute.dialect.DataAttributeDialect' (OnClassCondition)

   ThymeleafAutoConfiguration.ThymeleafWebFluxConfiguration:
      Did not match:
         - did not find reactive web application classes (OnWebApplicationCondition)

   ThymeleafAutoConfiguration.ThymeleafWebMvcConfiguration#resourceUrlEncodingFilter:
      Did not match:
         - @ConditionalOnEnabledResourceChain did not find class org.webjars.WebJarAssetLocator (OnEnabledResourceChainCondition)

   TransactionAutoConfiguration#transactionalOperator:
      Did not match:
         - @ConditionalOnSingleCandidate (types: org.springframework.transaction.ReactiveTransactionManager; SearchStrategy: all) did not find any beans (OnBeanCondition)

   TransactionAutoConfiguration.AspectJTransactionManagementConfiguration:
      Did not match:
         - @ConditionalOnBean did not find required type 'org.springframework.transaction.aspectj.AbstractTransactionAspect' (OnBeanCondition)
         - @ConditionalOnBean (types: org.springframework.transaction.aspectj.AbstractTransactionAspect; SearchStrategy: all) did not find any beans of type org.springframework.transaction.aspectj.AbstractTransactionAspect (OnBeanCondition)

   TransactionAutoConfiguration.EnableTransactionManagementConfiguration.JdkDynamicAutoProxyConfiguration:
      Did not match:
         - @ConditionalOnProperty (spring.aop.proxy-target-class=false) did not find property 'proxy-target-class' (OnPropertyCondition)

   UserDetailsServiceAutoConfiguration:
      Did not match:
         - @ConditionalOnMissingBean (types: org.springframework.security.authentication.AuthenticationManager,org.springframework.security.authentication.AuthenticationProvider,org.springframework.security.core.userdetails.UserDetailsService,org.springframework.security.authentication.AuthenticationManagerResolver,org.springframework.security.oauth2.jwt.JwtDecoder,org.springframework.security.oauth2.server.resource.introspection.OpaqueTokenIntrospector,org.springframework.security.oauth2.client.registration.ClientRegistrationRepository,org.springframework.security.saml2.provider.service.registration.RelyingPartyRegistrationRepository; SearchStrategy: all) found beans of type 'org.springframework.security.authentication.AuthenticationProvider' webAuthenticationProvider (OnBeanCondition)
      Matched:
         - @ConditionalOnClass found required class 'org.springframework.security.authentication.AuthenticationManager' (OnClassCondition)

   ValidationAutoConfiguration:
      Did not match:
         - @ConditionalOnClass did not find required class 'javax.validation.executable.ExecutableValidator' (OnClassCondition)

   WebClientAutoConfiguration:
      Did not match:
         - @ConditionalOnClass did not find required class 'org.springframework.web.reactive.function.client.WebClient' (OnClassCondition)

   WebFluxAutoConfiguration:
      Did not match:
         - @ConditionalOnClass did not find required class 'org.springframework.web.reactive.config.WebFluxConfigurer' (OnClassCondition)

   WebMvcAutoConfiguration#hiddenHttpMethodFilter:
      Did not match:
         - @ConditionalOnProperty (spring.mvc.hiddenmethod.filter.enabled) did not find property 'enabled' (OnPropertyCondition)

   WebMvcAutoConfiguration.EnableWebMvcConfiguration#localeResolver:
      Did not match:
         - @ConditionalOnMissingBean (names: localeResolver; SearchStrategy: all) found beans named localeResolver (OnBeanCondition)

   WebMvcAutoConfiguration.ResourceChainCustomizerConfiguration:
      Did not match:
         - @ConditionalOnEnabledResourceChain did not find class org.webjars.WebJarAssetLocator (OnEnabledResourceChainCondition)

   WebMvcAutoConfiguration.WebMvcAutoConfigurationAdapter#beanNameViewResolver:
      Did not match:
         - @ConditionalOnMissingBean (types: org.springframework.web.servlet.view.BeanNameViewResolver; SearchStrategy: all) found beans of type 'org.springframework.web.servlet.view.BeanNameViewResolver' downloadViewResolver (OnBeanCondition)

   WebServiceTemplateAutoConfiguration:
      Did not match:
         - @ConditionalOnClass did not find required class 'org.springframework.oxm.Marshaller' (OnClassCondition)

   WebServicesAutoConfiguration:
      Did not match:
         - @ConditionalOnClass did not find required class 'org.springframework.ws.transport.http.MessageDispatcherServlet' (OnClassCondition)

   WebSessionIdResolverAutoConfiguration:
      Did not match:
         - @ConditionalOnClass did not find required class 'reactor.core.publisher.Mono' (OnClassCondition)

   WebSocketMessagingAutoConfiguration:
      Did not match:
         - @ConditionalOnClass did not find required class 'org.springframework.web.socket.config.annotation.WebSocketMessageBrokerConfigurer' (OnClassCondition)

   WebSocketReactiveAutoConfiguration:
      Did not match:
         - @ConditionalOnWebApplication did not find reactive web application classes (OnWebApplicationCondition)

   WebSocketServletAutoConfiguration.Jetty10WebSocketConfiguration:
      Did not match:
         - @ConditionalOnClass did not find required classes 'org.eclipse.jetty.websocket.javax.server.internal.JavaxWebSocketServerContainer', 'org.eclipse.jetty.websocket.server.JettyWebSocketServerContainer' (OnClassCondition)

   WebSocketServletAutoConfiguration.JettyWebSocketConfiguration:
      Did not match:
         - @ConditionalOnClass did not find required class 'org.eclipse.jetty.websocket.jsr356.server.deploy.WebSocketServerContainerInitializer' (OnClassCondition)

   WebSocketServletAutoConfiguration.UndertowWebSocketConfiguration:
      Did not match:
         - @ConditionalOnClass did not find required class 'io.undertow.websockets.jsr.Bootstrap' (OnClassCondition)

   XADataSourceAutoConfiguration:
      Did not match:
         - @ConditionalOnClass did not find required class 'javax.transaction.TransactionManager' (OnClassCondition)


Exclusions:
-----------

    None


Unconditional classes:
----------------------

    org.springframework.boot.autoconfigure.context.ConfigurationPropertiesAutoConfiguration

    org.springframework.boot.autoconfigure.context.LifecycleAutoConfiguration

    org.springframework.boot.autoconfigure.context.PropertyPlaceholderAutoConfiguration

    org.springframework.boot.autoconfigure.availability.ApplicationAvailabilityAutoConfiguration

    org.springframework.boot.autoconfigure.info.ProjectInfoAutoConfiguration



2026-03-27 16:10:22 [main] INFO  k.c.k.l.adminweb.AdminWebApplication logStarted 61 
 - Started AdminWebApplication in 5.658 seconds (JVM running for 6.338)
2026-03-27 16:10:22 [main] DEBUG o.s.b.a.ApplicationAvailabilityBean onApplicationEvent 77 
 - Application availability state LivenessState changed to CORRECT
2026-03-27 16:10:22 [main] DEBUG o.s.b.a.ApplicationAvailabilityBean onApplicationEvent 77 
 - Application availability state ReadinessState changed to ACCEPTING_TRAFFIC
2026-03-27 16:10:27 [SpringApplicationShutdownHook] DEBUG o.s.b.a.ApplicationAvailabilityBean onApplicationEvent 77 
 - Application availability state ReadinessState changed from ACCEPTING_TRAFFIC to REFUSING_TRAFFIC
2026-03-27 16:10:27 [SpringApplicationShutdownHook] DEBUG o.s.b.w.s.c.AnnotationConfigServletWebServerApplicationContext doClose 1060 
 - Closing org.springframework.boot.web.servlet.context.AnnotationConfigServletWebServerApplicationContext@5c33f1a9, started on Fri Mar 27 16:10:17 KST 2026
2026-03-27 16:10:27 [SpringApplicationShutdownHook] DEBUG o.s.c.s.DefaultLifecycleProcessor stop 366 
 - Stopping beans in phase 2147483647
2026-03-27 16:10:27 [SpringApplicationShutdownHook] DEBUG o.s.c.s.DefaultLifecycleProcessor lambda$doStop$3 239 
 - Bean 'webServerGracefulShutdown' completed its stop procedure
2026-03-27 16:10:27 [SpringApplicationShutdownHook] DEBUG o.s.c.s.DefaultLifecycleProcessor stop 366 
 - Stopping beans in phase 2147483646
2026-03-27 16:10:27 [SpringApplicationShutdownHook] DEBUG o.s.c.s.DefaultLifecycleProcessor lambda$doStop$3 239 
 - Bean 'webServerStartStop' completed its stop procedure
2026-03-27 16:10:27 [SpringApplicationShutdownHook] DEBUG o.s.c.s.DefaultLifecycleProcessor stop 366 
 - Stopping beans in phase -2147483647
2026-03-27 16:10:27 [SpringApplicationShutdownHook] DEBUG o.s.c.s.DefaultLifecycleProcessor lambda$doStop$3 239 
 - Bean 'springBootLoggingLifecycle' completed its stop procedure
2026-03-27 16:10:27 [SpringApplicationShutdownHook] DEBUG o.s.s.c.ThreadPoolTaskExecutor shutdown 224 
 - Shutting down ExecutorService 'applicationTaskExecutor'
2026-03-27 16:13:15 [main] INFO  k.c.k.l.adminweb.AdminWebApplication logStarting 55 
 - Starting AdminWebApplication using Java 17.0.12 on BOOK-MATTTOCA92 with PID 44128 (C:\Users\KEVIT\git\local-csms\localcsms\web\admin-web\target\evAdmin.jar started by KEVIT in C:\Users\KEVIT\git\local-csms)
2026-03-27 16:13:15 [main] INFO  k.c.k.l.adminweb.AdminWebApplication logStartupProfileInfo 632 
 - No active profile set, falling back to 1 default profile: "default"
2026-03-27 16:13:17 [main] INFO  o.s.b.w.e.tomcat.TomcatWebServer initialize 108 
 - Tomcat initialized with port(s): 8081 (http)
2026-03-27 16:13:17 [main] INFO  o.a.coyote.http11.Http11NioProtocol log 173 
 - Initializing ProtocolHandler ["http-nio-8081"]
2026-03-27 16:13:17 [main] INFO  o.a.catalina.core.StandardService log 173 
 - Starting service [Tomcat]
2026-03-27 16:13:17 [main] INFO  o.a.catalina.core.StandardEngine log 173 
 - Starting Servlet engine: [Apache Tomcat/9.0.83]
2026-03-27 16:13:17 [main] INFO  o.a.c.c.C.[.[localhost].[/evAdmin] log 173 
 - Initializing Spring embedded WebApplicationContext
2026-03-27 16:13:17 [main] INFO  o.s.b.w.s.c.ServletWebServerApplicationContext prepareWebApplicationContext 292 
 - Root WebApplicationContext: initialization completed in 1487 ms
2026-03-27 16:13:18 [main] WARN  o.s.b.w.s.c.AnnotationConfigServletWebServerApplicationContext refresh 599 
 - Exception encountered during context initialization - cancelling refresh attempt: org.springframework.beans.factory.BeanCreationException: Error creating bean with name 'csConfigurationResource': Lookup method resolution failed; nested exception is java.lang.IllegalStateException: Failed to introspect Class [kr.co.kevit.localcsms.adminweb.resource.charger.CsConfigurationResource] from ClassLoader [org.springframework.boot.loader.LaunchedURLClassLoader@6438a396]
2026-03-27 16:13:18 [main] INFO  o.a.catalina.core.StandardService log 173 
 - Stopping service [Tomcat]
2026-03-27 16:13:18 [main] INFO  o.s.b.a.l.ConditionEvaluationReportLoggingListener logMessage 136 
 - 

Error starting ApplicationContext. To display the conditions report re-run your application with 'debug' enabled.
2026-03-27 16:13:18 [main] ERROR o.s.boot.SpringApplication reportFailure 818 
 - Application run failed
org.springframework.beans.factory.BeanCreationException: Error creating bean with name 'csConfigurationResource': Lookup method resolution failed; nested exception is java.lang.IllegalStateException: Failed to introspect Class [kr.co.kevit.localcsms.adminweb.resource.charger.CsConfigurationResource] from ClassLoader [org.springframework.boot.loader.LaunchedURLClassLoader@6438a396]
	at org.springframework.beans.factory.annotation.AutowiredAnnotationBeanPostProcessor.determineCandidateConstructors(AutowiredAnnotationBeanPostProcessor.java:298)
	at org.springframework.beans.factory.support.AbstractAutowireCapableBeanFactory.determineConstructorsFromBeanPostProcessors(AbstractAutowireCapableBeanFactory.java:1302)
	at org.springframework.beans.factory.support.AbstractAutowireCapableBeanFactory.createBeanInstance(AbstractAutowireCapableBeanFactory.java:1219)
	at org.springframework.beans.factory.support.AbstractAutowireCapableBeanFactory.doCreateBean(AbstractAutowireCapableBeanFactory.java:582)
	at org.springframework.beans.factory.support.AbstractAutowireCapableBeanFactory.createBean(AbstractAutowireCapableBeanFactory.java:542)
	at org.springframework.beans.factory.support.AbstractBeanFactory.lambda$doGetBean$0(AbstractBeanFactory.java:335)
	at org.springframework.beans.factory.support.DefaultSingletonBeanRegistry.getSingleton(DefaultSingletonBeanRegistry.java:234)
	at org.springframework.beans.factory.support.AbstractBeanFactory.doGetBean(AbstractBeanFactory.java:333)
	at org.springframework.beans.factory.support.AbstractBeanFactory.getBean(AbstractBeanFactory.java:208)
	at org.springframework.beans.factory.support.DefaultListableBeanFactory.preInstantiateSingletons(DefaultListableBeanFactory.java:955)
	at org.springframework.context.support.AbstractApplicationContext.finishBeanFactoryInitialization(AbstractApplicationContext.java:929)
	at org.springframework.context.support.AbstractApplicationContext.refresh(AbstractApplicationContext.java:591)
	at org.springframework.boot.web.servlet.context.ServletWebServerApplicationContext.refresh(ServletWebServerApplicationContext.java:147)
	at org.springframework.boot.SpringApplication.refresh(SpringApplication.java:732)
	at org.springframework.boot.SpringApplication.refreshContext(SpringApplication.java:409)
	at org.springframework.boot.SpringApplication.run(SpringApplication.java:308)
	at org.springframework.boot.SpringApplication.run(SpringApplication.java:1300)
	at org.springframework.boot.SpringApplication.run(SpringApplication.java:1289)
	at kr.co.kevit.localcsms.adminweb.AdminWebApplication.main(AdminWebApplication.java:23)
	at java.base/jdk.internal.reflect.NativeMethodAccessorImpl.invoke0(Native Method)
	at java.base/jdk.internal.reflect.NativeMethodAccessorImpl.invoke(NativeMethodAccessorImpl.java:77)
	at java.base/jdk.internal.reflect.DelegatingMethodAccessorImpl.invoke(DelegatingMethodAccessorImpl.java:43)
	at java.base/java.lang.reflect.Method.invoke(Method.java:568)
	at org.springframework.boot.loader.MainMethodRunner.run(MainMethodRunner.java:49)
	at org.springframework.boot.loader.Launcher.launch(Launcher.java:108)
	at org.springframework.boot.loader.Launcher.launch(Launcher.java:58)
	at org.springframework.boot.loader.JarLauncher.main(JarLauncher.java:65)
Caused by: java.lang.IllegalStateException: Failed to introspect Class [kr.co.kevit.localcsms.adminweb.resource.charger.CsConfigurationResource] from ClassLoader [org.springframework.boot.loader.LaunchedURLClassLoader@6438a396]
	at org.springframework.util.ReflectionUtils.getDeclaredMethods(ReflectionUtils.java:485)
	at org.springframework.util.ReflectionUtils.doWithLocalMethods(ReflectionUtils.java:321)
	at org.springframework.beans.factory.annotation.AutowiredAnnotationBeanPostProcessor.determineCandidateConstructors(AutowiredAnnotationBeanPostProcessor.java:276)
	... 26 common frames omitted
Caused by: java.lang.NoClassDefFoundError: kr/co/kevit/localcsms/charger/entity/shared/CsConfigurationSearchCond
	at java.base/java.lang.Class.getDeclaredMethods0(Native Method)
	at java.base/java.lang.Class.privateGetDeclaredMethods(Class.java:3402)
	at java.base/java.lang.Class.getDeclaredMethods(Class.java:2504)
	at org.springframework.util.ReflectionUtils.getDeclaredMethods(ReflectionUtils.java:467)
	... 28 common frames omitted
Caused by: java.lang.ClassNotFoundException: kr.co.kevit.localcsms.charger.entity.shared.CsConfigurationSearchCond
	at java.base/java.net.URLClassLoader.findClass(URLClassLoader.java:445)
	at java.base/java.lang.ClassLoader.loadClass(ClassLoader.java:592)
	at org.springframework.boot.loader.LaunchedURLClassLoader.loadClass(LaunchedURLClassLoader.java:151)
	at java.base/java.lang.ClassLoader.loadClass(ClassLoader.java:525)
	... 32 common frames omitted
2026-03-27 16:14:30 [main] INFO  k.c.k.l.adminweb.AdminWebApplication logStarting 55 
 - Starting AdminWebApplication using Java 17.0.12 on BOOK-MATTTOCA92 with PID 38752 (C:\Users\KEVIT\git\local-csms\localcsms\web\admin-web\target\evAdmin.jar started by KEVIT in c:\Users\KEVIT\git\local-csms)
2026-03-27 16:14:30 [main] INFO  k.c.k.l.adminweb.AdminWebApplication logStartupProfileInfo 632 
 - No active profile set, falling back to 1 default profile: "default"
2026-03-27 16:14:31 [main] WARN  o.s.b.w.s.c.AnnotationConfigServletWebServerApplicationContext refresh 599 
 - Exception encountered during context initialization - cancelling refresh attempt: org.springframework.context.ApplicationContextException: Unable to start web server; nested exception is org.springframework.beans.factory.BeanCreationException: Error creating bean with name 'tomcatServletWebServerFactory' defined in class path resource [org/springframework/boot/autoconfigure/web/servlet/ServletWebServerFactoryConfiguration$EmbeddedTomcat.class]: Initialization of bean failed; nested exception is org.springframework.beans.factory.UnsatisfiedDependencyException: Error creating bean with name 'servletWebServerFactoryCustomizer' defined in class path resource [org/springframework/boot/autoconfigure/web/servlet/ServletWebServerFactoryAutoConfiguration.class]: Unsatisfied dependency expressed through method 'servletWebServerFactoryCustomizer' parameter 0; nested exception is org.springframework.boot.context.properties.ConfigurationPropertiesBindException: Error creating bean with name 'server-org.springframework.boot.autoconfigure.web.ServerProperties': Could not bind properties to 'ServerProperties' : prefix=server, ignoreInvalidFields=false, ignoreUnknownFields=true; nested exception is org.springframework.boot.context.properties.bind.BindException: Failed to bind properties under 'server.port' to java.lang.Integer
2026-03-27 16:14:31 [main] INFO  o.s.b.a.l.ConditionEvaluationReportLoggingListener logMessage 136 
 - 

Error starting ApplicationContext. To display the conditions report re-run your application with 'debug' enabled.
2026-03-27 16:14:31 [main] ERROR o.s.b.d.LoggingFailureAnalysisReporter report 40 
 - 

***************************
APPLICATION FAILED TO START
***************************

Description:

Failed to bind properties under 'server.port' to java.lang.Integer:

    Property: server.port
    Value: "--thin.list"
    Origin: "server.port" from property source "systemProperties"
    Reason: failed to convert java.lang.String to java.lang.Integer (caused by java.lang.NumberFormatException: For input string: "--thin.list")

Action:

Update your application's configuration

2026-03-27 16:21:37 [main] INFO  k.c.k.l.adminweb.AdminWebApplication logStarting 55 
 - Starting AdminWebApplication using Java 17.0.12 on BOOK-MATTTOCA92 with PID 145484 (C:\Users\KEVIT\git\local-csms\localcsms\web\admin-web\target\evAdmin.jar started by KEVIT in C:\Users\KEVIT\git\local-csms)
2026-03-27 16:21:37 [main] INFO  k.c.k.l.adminweb.AdminWebApplication logStartupProfileInfo 632 
 - No active profile set, falling back to 1 default profile: "default"
2026-03-27 16:21:39 [main] INFO  o.s.b.w.e.tomcat.TomcatWebServer initialize 108 
 - Tomcat initialized with port(s): 8081 (http)
2026-03-27 16:21:39 [main] INFO  o.a.coyote.http11.Http11NioProtocol log 173 
 - Initializing ProtocolHandler ["http-nio-8081"]
2026-03-27 16:21:39 [main] INFO  o.a.catalina.core.StandardService log 173 
 - Starting service [Tomcat]
2026-03-27 16:21:39 [main] INFO  o.a.catalina.core.StandardEngine log 173 
 - Starting Servlet engine: [Apache Tomcat/9.0.83]
2026-03-27 16:21:39 [main] INFO  o.a.c.c.C.[.[localhost].[/evAdmin] log 173 
 - Initializing Spring embedded WebApplicationContext
2026-03-27 16:21:39 [main] INFO  o.s.b.w.s.c.ServletWebServerApplicationContext prepareWebApplicationContext 292 
 - Root WebApplicationContext: initialization completed in 1429 ms
2026-03-27 16:21:40 [main] WARN  o.s.b.w.s.c.AnnotationConfigServletWebServerApplicationContext refresh 599 
 - Exception encountered during context initialization - cancelling refresh attempt: org.springframework.beans.factory.BeanCreationException: Error creating bean with name 'csConfigurationResource': Lookup method resolution failed; nested exception is java.lang.IllegalStateException: Failed to introspect Class [kr.co.kevit.localcsms.adminweb.resource.charger.CsConfigurationResource] from ClassLoader [org.springframework.boot.loader.LaunchedURLClassLoader@6438a396]
2026-03-27 16:21:40 [main] INFO  o.a.catalina.core.StandardService log 173 
 - Stopping service [Tomcat]
2026-03-27 16:21:40 [main] INFO  o.s.b.a.l.ConditionEvaluationReportLoggingListener logMessage 136 
 - 

Error starting ApplicationContext. To display the conditions report re-run your application with 'debug' enabled.
2026-03-27 16:21:40 [main] ERROR o.s.boot.SpringApplication reportFailure 818 
 - Application run failed
org.springframework.beans.factory.BeanCreationException: Error creating bean with name 'csConfigurationResource': Lookup method resolution failed; nested exception is java.lang.IllegalStateException: Failed to introspect Class [kr.co.kevit.localcsms.adminweb.resource.charger.CsConfigurationResource] from ClassLoader [org.springframework.boot.loader.LaunchedURLClassLoader@6438a396]
	at org.springframework.beans.factory.annotation.AutowiredAnnotationBeanPostProcessor.determineCandidateConstructors(AutowiredAnnotationBeanPostProcessor.java:298)
	at org.springframework.beans.factory.support.AbstractAutowireCapableBeanFactory.determineConstructorsFromBeanPostProcessors(AbstractAutowireCapableBeanFactory.java:1302)
	at org.springframework.beans.factory.support.AbstractAutowireCapableBeanFactory.createBeanInstance(AbstractAutowireCapableBeanFactory.java:1219)
	at org.springframework.beans.factory.support.AbstractAutowireCapableBeanFactory.doCreateBean(AbstractAutowireCapableBeanFactory.java:582)
	at org.springframework.beans.factory.support.AbstractAutowireCapableBeanFactory.createBean(AbstractAutowireCapableBeanFactory.java:542)
	at org.springframework.beans.factory.support.AbstractBeanFactory.lambda$doGetBean$0(AbstractBeanFactory.java:335)
	at org.springframework.beans.factory.support.DefaultSingletonBeanRegistry.getSingleton(DefaultSingletonBeanRegistry.java:234)
	at org.springframework.beans.factory.support.AbstractBeanFactory.doGetBean(AbstractBeanFactory.java:333)
	at org.springframework.beans.factory.support.AbstractBeanFactory.getBean(AbstractBeanFactory.java:208)
	at org.springframework.beans.factory.support.DefaultListableBeanFactory.preInstantiateSingletons(DefaultListableBeanFactory.java:955)
	at org.springframework.context.support.AbstractApplicationContext.finishBeanFactoryInitialization(AbstractApplicationContext.java:929)
	at org.springframework.context.support.AbstractApplicationContext.refresh(AbstractApplicationContext.java:591)
	at org.springframework.boot.web.servlet.context.ServletWebServerApplicationContext.refresh(ServletWebServerApplicationContext.java:147)
	at org.springframework.boot.SpringApplication.refresh(SpringApplication.java:732)
	at org.springframework.boot.SpringApplication.refreshContext(SpringApplication.java:409)
	at org.springframework.boot.SpringApplication.run(SpringApplication.java:308)
	at org.springframework.boot.SpringApplication.run(SpringApplication.java:1300)
	at org.springframework.boot.SpringApplication.run(SpringApplication.java:1289)
	at kr.co.kevit.localcsms.adminweb.AdminWebApplication.main(AdminWebApplication.java:23)
	at java.base/jdk.internal.reflect.NativeMethodAccessorImpl.invoke0(Native Method)
	at java.base/jdk.internal.reflect.NativeMethodAccessorImpl.invoke(NativeMethodAccessorImpl.java:77)
	at java.base/jdk.internal.reflect.DelegatingMethodAccessorImpl.invoke(DelegatingMethodAccessorImpl.java:43)
	at java.base/java.lang.reflect.Method.invoke(Method.java:568)
	at org.springframework.boot.loader.MainMethodRunner.run(MainMethodRunner.java:49)
	at org.springframework.boot.loader.Launcher.launch(Launcher.java:108)
	at org.springframework.boot.loader.Launcher.launch(Launcher.java:58)
	at org.springframework.boot.loader.JarLauncher.main(JarLauncher.java:65)
Caused by: java.lang.IllegalStateException: Failed to introspect Class [kr.co.kevit.localcsms.adminweb.resource.charger.CsConfigurationResource] from ClassLoader [org.springframework.boot.loader.LaunchedURLClassLoader@6438a396]
	at org.springframework.util.ReflectionUtils.getDeclaredMethods(ReflectionUtils.java:485)
	at org.springframework.util.ReflectionUtils.doWithLocalMethods(ReflectionUtils.java:321)
	at org.springframework.beans.factory.annotation.AutowiredAnnotationBeanPostProcessor.determineCandidateConstructors(AutowiredAnnotationBeanPostProcessor.java:276)
	... 26 common frames omitted
Caused by: java.lang.NoClassDefFoundError: kr/co/kevit/localcsms/charger/entity/shared/CsConfigurationSearchCond
	at java.base/java.lang.Class.getDeclaredMethods0(Native Method)
	at java.base/java.lang.Class.privateGetDeclaredMethods(Class.java:3402)
	at java.base/java.lang.Class.getDeclaredMethods(Class.java:2504)
	at org.springframework.util.ReflectionUtils.getDeclaredMethods(ReflectionUtils.java:467)
	... 28 common frames omitted
Caused by: java.lang.ClassNotFoundException: kr.co.kevit.localcsms.charger.entity.shared.CsConfigurationSearchCond
	at java.base/java.net.URLClassLoader.findClass(URLClassLoader.java:445)
	at java.base/java.lang.ClassLoader.loadClass(ClassLoader.java:592)
	at org.springframework.boot.loader.LaunchedURLClassLoader.loadClass(LaunchedURLClassLoader.java:151)
	at java.base/java.lang.ClassLoader.loadClass(ClassLoader.java:525)
	... 32 common frames omitted
2026-03-27 16:24:27 [main] INFO  k.c.k.l.adminweb.AdminWebApplication logStarting 55 
 - Starting AdminWebApplication using Java 17.0.12 on BOOK-MATTTOCA92 with PID 77960 (C:\Users\KEVIT\git\local-csms\localcsms\web\admin-web\target\evAdmin.jar started by KEVIT in C:\Users\KEVIT\git\local-csms)
2026-03-27 16:24:27 [main] INFO  k.c.k.l.adminweb.AdminWebApplication logStartupProfileInfo 632 
 - No active profile set, falling back to 1 default profile: "default"
2026-03-27 16:24:29 [main] INFO  o.s.b.w.e.tomcat.TomcatWebServer initialize 108 
 - Tomcat initialized with port(s): 8081 (http)
2026-03-27 16:24:29 [main] INFO  o.a.coyote.http11.Http11NioProtocol log 173 
 - Initializing ProtocolHandler ["http-nio-8081"]
2026-03-27 16:24:29 [main] INFO  o.a.catalina.core.StandardService log 173 
 - Starting service [Tomcat]
2026-03-27 16:24:29 [main] INFO  o.a.catalina.core.StandardEngine log 173 
 - Starting Servlet engine: [Apache Tomcat/9.0.83]
2026-03-27 16:24:29 [main] INFO  o.a.c.c.C.[.[localhost].[/evAdmin] log 173 
 - Initializing Spring embedded WebApplicationContext
2026-03-27 16:24:29 [main] INFO  o.s.b.w.s.c.ServletWebServerApplicationContext prepareWebApplicationContext 292 
 - Root WebApplicationContext: initialization completed in 1397 ms
2026-03-27 16:24:30 [main] INFO  o.s.s.web.DefaultSecurityFilterChain <init> 55 
 - Will secure any request with [org.springframework.security.web.session.DisableEncodeUrlFilter@23202c31, org.springframework.security.web.context.request.async.WebAsyncManagerIntegrationFilter@5782d777, org.springframework.security.web.context.SecurityContextPersistenceFilter@24361cfc, org.springframework.security.web.header.HeaderWriterFilter@238acd0b, org.springframework.security.web.authentication.logout.LogoutFilter@26a2f7f9, org.springframework.security.web.authentication.UsernamePasswordAuthenticationFilter@26f7cdf8, org.springframework.security.web.savedrequest.RequestCacheAwareFilter@15ac59c2, org.springframework.security.web.servletapi.SecurityContextHolderAwareRequestFilter@7a7d1b47, org.springframework.security.web.authentication.AnonymousAuthenticationFilter@4f824872, org.springframework.security.web.session.SessionManagementFilter@2125ad3, org.springframework.security.web.access.ExceptionTranslationFilter@58496dc, org.springframework.security.web.access.intercept.FilterSecurityInterceptor@75e710b]
2026-03-27 16:24:30 [main] INFO  o.s.b.a.w.s.WelcomePageHandlerMapping <init> 60 
 - Adding welcome page template: index
2026-03-27 16:24:31 [main] INFO  o.a.coyote.http11.Http11NioProtocol log 173 
 - Starting ProtocolHandler ["http-nio-8081"]
2026-03-27 16:24:31 [main] INFO  o.s.b.w.e.tomcat.TomcatWebServer start 220 
 - Tomcat started on port(s): 8081 (http) with context path '/evAdmin'
2026-03-27 16:24:31 [main] INFO  k.c.k.l.adminweb.AdminWebApplication logStarted 61 
 - Started AdminWebApplication in 4.305 seconds (JVM running for 5.0)
2026-03-27 16:24:50 [http-nio-8081-exec-2] INFO  o.a.c.c.C.[.[localhost].[/evAdmin] log 173 
 - Initializing Spring DispatcherServlet 'dispatcherServlet'
2026-03-27 16:24:50 [http-nio-8081-exec-2] INFO  o.s.web.servlet.DispatcherServlet initServletBean 525 
 - Initializing Servlet 'dispatcherServlet'
2026-03-27 16:24:50 [http-nio-8081-exec-2] INFO  o.s.web.servlet.DispatcherServlet initServletBean 547 
 - Completed initialization in 2 ms
2026-03-27 16:24:50 [http-nio-8081-exec-3] ERROR k.c.k.l.a.controller.LoginController loginPage 57 
 - class java.lang.String cannot be cast to class kr.co.kevit.localcsms.authority.entity.domain.User (java.lang.String is in module java.base of loader 'bootstrap'; kr.co.kevit.localcsms.authority.entity.domain.User is in unnamed module of loader org.springframework.boot.loader.LaunchedURLClassLoader @6438a396)
2026-03-27 16:25:03 [http-nio-8081-exec-3] INFO  com.zaxxer.hikari.HikariDataSource getConnection 110 
 - HikariPool-1 - Starting...
2026-03-27 16:25:04 [http-nio-8081-exec-3] INFO  com.zaxxer.hikari.HikariDataSource getConnection 123 
 - HikariPool-1 - Start completed.
2026-03-27 16:25:04 [http-nio-8081-exec-8] INFO  k.c.k.l.a.r.system.AuthorityResource getMyUserInfo 155 
 - [REQ] USER ID :E00000000, ACCESS_IP:0:0:0:0:0:0:0:1, URL : ws/system/myUserInfo, GET
2026-03-27 16:25:04 [http-nio-8081-exec-8] INFO  k.c.k.l.a.r.system.AuthorityResource getMyUserInfo 157 
 - [RES] USER ID :E00000000, ACCESS_IP:0:0:0:0:0:0:0:1, URL : ws/system/myUserInfo, GET, SUCCESS
2026-03-27 16:25:05 [http-nio-8081-exec-7] INFO  k.c.k.l.a.r.c.CommonCodeResource searchCommonCodes 50 
 - [REQ] USER ID :E00000000, ACCESS_IP:0:0:0:0:0:0:0:1, URL : ws/common/codes, GET, DATA : {"highCodes":["CHE000","CHRA00","CHMK00","CHMD00","CHAB00","CHRS00","RESA00","ACCC00","ACCD00","CHKT00","CBMK00","SPMK00","DCHC00","AC3C00","DCMC00","CHMT00","MEMB00","MEMK00","MEML00","MSGA00","TELB00","URG000","BDST00","RCST00","REIT00","SYNO00","CSCA00","CSCS00","FCTP00","FCTP01","CHCK00","M2MMK0","RFMK00","LCD000","ICMK00","BDMK00","CM0000","RECS00"],"totalItemCount":0,"pageItemSize":20,"pageCount":0,"pageNumber":0}
2026-03-27 16:25:05 [http-nio-8081-exec-3] INFO  k.c.k.l.a.r.common.CommonValResource searchCommonVals 49 
 - [REQ] USER ID :E00000000, ACCESS_IP:0:0:0:0:0:0:0:1, URL : ws/common/val, GET, DATA : {"highCodes":["ELCO00"],"totalItemCount":0,"pageItemSize":20,"pageCount":0,"pageNumber":0}
2026-03-27 16:25:05 [http-nio-8081-exec-3] INFO  k.c.k.l.a.r.common.CommonValResource searchCommonVals 53 
 - [RES] USER ID :E00000000, ACCESS_IP:0:0:0:0:0:0:0:1, URL : ws/common/val, GET, SUCCESS
2026-03-27 16:25:05 [http-nio-8081-exec-7] INFO  k.c.k.l.a.r.c.CommonCodeResource searchCommonCodes 54 
 - [RES] USER ID :E00000000, ACCESS_IP:0:0:0:0:0:0:0:1, URL : ws/common/codes, GET, SUCCESS
2026-03-27 16:25:05 [http-nio-8081-exec-6] INFO  k.c.k.l.a.r.c.ChargerStatusResource searchChargerStatus 55 
 - [REQ] USER ID :E00000000, ACCESS_IP:0:0:0:0:0:0:0:1, URL : ws/charger/status, GET, DATA : {"cpId":"","cpName":"","status":[],"csErrorStatus":"","totalItemCount":0,"pageItemSize":20,"pageCount":0,"pageNumber":0}
2026-03-27 16:25:05 [http-nio-8081-exec-6] INFO  k.c.k.l.a.r.c.ChargerStatusResource searchChargerStatus 59 
 - [RES] USER ID :E00000000, ACCESS_IP:0:0:0:0:0:0:0:1, URL : ws/charger/status, GET, SUCCESS
2026-03-27 16:25:05 [http-nio-8081-exec-5] INFO  k.c.k.l.a.r.c.ChargingStationInfoResource searchChargerList 159 
 - [REQ] USER ID :E00000000, ACCESS_IP:0:0:0:0:0:0:0:1, URL : ws/charger/csAlarm, GET
2026-03-27 16:25:05 [http-nio-8081-exec-5] INFO  k.c.k.l.a.r.c.ChargingStationInfoResource searchChargerList 163 
 - [RES] USER ID :E00000000, ACCESS_IP:0:0:0:0:0:0:0:1, URL : ws/charger/csAlarm, GET, SUCCESS
2026-03-27 16:25:10 [http-nio-8081-exec-6] INFO  k.c.k.l.a.r.system.RemoteLogResource searchList 38 
 - [REQ] USER:E00000000 URL:ws/system/remoteLog/list DATA:{"actionName":"","status":"","ocppVersion":"","totalItemCount":0,"pageItemSize":20,"pageCount":0,"pageNumber":0}
2026-03-27 16:25:10 [http-nio-8081-exec-6] INFO  k.c.k.l.a.r.system.RemoteLogResource searchList 41 
 - [RES] USER:E00000000 URL:ws/system/remoteLog/list SUCCESS count:426
2026-03-27 16:26:02 [http-nio-8081-exec-1] INFO  k.c.k.l.a.r.common.CommonValResource searchCommonVals 49 
 - [REQ] USER ID :E00000000, ACCESS_IP:0:0:0:0:0:0:0:1, URL : ws/common/val, GET, DATA : {"highCodes":["ELCO00"],"totalItemCount":0,"pageItemSize":20,"pageCount":0,"pageNumber":0}
2026-03-27 16:26:02 [http-nio-8081-exec-10] INFO  k.c.k.l.a.r.system.AuthorityResource getMyUserInfo 155 
 - [REQ] USER ID :E00000000, ACCESS_IP:0:0:0:0:0:0:0:1, URL : ws/system/myUserInfo, GET
2026-03-27 16:26:02 [http-nio-8081-exec-4] INFO  k.c.k.l.a.r.c.CommonCodeResource searchCommonCodes 50 
 - [REQ] USER ID :E00000000, ACCESS_IP:0:0:0:0:0:0:0:1, URL : ws/common/codes, GET, DATA : {"highCodes":["CHE000","CHRA00","CHMK00","CHMD00","CHAB00","CHRS00","RESA00","ACCC00","ACCD00","CHKT00","CBMK00","SPMK00","DCHC00","AC3C00","DCMC00","CHMT00","MEMB00","MEMK00","MEML00","MSGA00","TELB00","URG000","BDST00","RCST00","REIT00","SYNO00","CSCA00","CSCS00","FCTP00","FCTP01","CHCK00","M2MMK0","RFMK00","LCD000","ICMK00","BDMK00","CM0000","RECS00"],"totalItemCount":0,"pageItemSize":20,"pageCount":0,"pageNumber":0}
2026-03-27 16:26:02 [http-nio-8081-exec-10] INFO  k.c.k.l.a.r.system.AuthorityResource getMyUserInfo 157 
 - [RES] USER ID :E00000000, ACCESS_IP:0:0:0:0:0:0:0:1, URL : ws/system/myUserInfo, GET, SUCCESS
2026-03-27 16:26:02 [http-nio-8081-exec-1] INFO  k.c.k.l.a.r.common.CommonValResource searchCommonVals 53 
 - [RES] USER ID :E00000000, ACCESS_IP:0:0:0:0:0:0:0:1, URL : ws/common/val, GET, SUCCESS
2026-03-27 16:26:02 [http-nio-8081-exec-4] INFO  k.c.k.l.a.r.c.CommonCodeResource searchCommonCodes 54 
 - [RES] USER ID :E00000000, ACCESS_IP:0:0:0:0:0:0:0:1, URL : ws/common/codes, GET, SUCCESS
2026-03-27 16:26:02 [http-nio-8081-exec-7] INFO  k.c.k.l.a.r.c.ChargerStatusResource searchChargerStatus 55 
 - [REQ] USER ID :E00000000, ACCESS_IP:0:0:0:0:0:0:0:1, URL : ws/charger/status, GET, DATA : {"cpId":"","cpName":"","status":[],"csErrorStatus":"","totalItemCount":0,"pageItemSize":20,"pageCount":0,"pageNumber":0}
2026-03-27 16:26:02 [http-nio-8081-exec-7] INFO  k.c.k.l.a.r.c.ChargerStatusResource searchChargerStatus 59 
 - [RES] USER ID :E00000000, ACCESS_IP:0:0:0:0:0:0:0:1, URL : ws/charger/status, GET, SUCCESS
2026-03-27 16:26:02 [http-nio-8081-exec-2] INFO  k.c.k.l.a.r.c.ChargingStationInfoResource searchChargerList 159 
 - [REQ] USER ID :E00000000, ACCESS_IP:0:0:0:0:0:0:0:1, URL : ws/charger/csAlarm, GET
2026-03-27 16:26:02 [http-nio-8081-exec-2] INFO  k.c.k.l.a.r.c.ChargingStationInfoResource searchChargerList 163 
 - [RES] USER ID :E00000000, ACCESS_IP:0:0:0:0:0:0:0:1, URL : ws/charger/csAlarm, GET, SUCCESS
2026-03-27 16:26:07 [http-nio-8081-exec-1] INFO  k.c.k.l.a.r.system.RemoteLogResource searchList 38 
 - [REQ] USER:E00000000 URL:ws/system/remoteLog/list DATA:{"actionName":"","status":"","ocppVersion":"","totalItemCount":0,"pageItemSize":20,"pageCount":0,"pageNumber":0}
2026-03-27 16:26:07 [http-nio-8081-exec-1] INFO  k.c.k.l.a.r.system.RemoteLogResource searchList 41 
 - [RES] USER:E00000000 URL:ws/system/remoteLog/list SUCCESS count:426
2026-03-27 16:26:10 [http-nio-8081-exec-10] INFO  k.c.k.l.a.r.system.RemoteLogResource detail 54 
 - [REQ] USER:E00000000 URL:ws/system/remoteLog/57a35162-58fc-4ed5-8f82-f93fe38fd050
2026-03-27 16:26:12 [http-nio-8081-exec-2] INFO  k.c.k.l.a.r.system.RemoteLogResource detail 54 
 - [REQ] USER:E00000000 URL:ws/system/remoteLog/57a35162-58fc-4ed5-8f82-f93fe38fd050
2026-03-27 16:26:15 [http-nio-8081-exec-4] INFO  k.c.k.l.a.r.system.RemoteLogResource detail 54 
 - [REQ] USER:E00000000 URL:ws/system/remoteLog/57a35162-58fc-4ed5-8f82-f93fe38fd050
2026-03-27 16:26:20 [http-nio-8081-exec-7] INFO  k.c.k.l.a.r.system.RemoteLogResource detail 54 
 - [REQ] USER:E00000000 URL:ws/system/remoteLog/6658b229-87cf-4a0d-951d-076e55f6a4df
2026-03-27 16:26:25 [http-nio-8081-exec-5] INFO  k.c.k.l.a.r.system.RemoteLogResource detail 54 
 - [REQ] USER:E00000000 URL:ws/system/remoteLog/b0bafe2a-35d8-469f-8d7c-f2a70593e3d7
2026-03-27 16:26:27 [http-nio-8081-exec-8] INFO  k.c.k.l.a.r.system.RemoteLogResource detail 54 
 - [REQ] USER:E00000000 URL:ws/system/remoteLog/73935182-3799-4486-9603-b1ef8a00a618
2026-03-27 16:26:53 [http-nio-8081-exec-6] INFO  k.c.k.l.a.r.system.RemoteLogResource searchList 38 
 - [REQ] USER:E00000000 URL:ws/system/remoteLog/list DATA:{"actionName":"","status":"","ocppVersion":"","totalItemCount":0,"pageItemSize":20,"pageCount":0,"pageNumber":1}
2026-03-27 16:26:53 [http-nio-8081-exec-6] INFO  k.c.k.l.a.r.system.RemoteLogResource searchList 41 
 - [RES] USER:E00000000 URL:ws/system/remoteLog/list SUCCESS count:426
2026-03-27 16:26:54 [http-nio-8081-exec-9] INFO  k.c.k.l.a.r.system.RemoteLogResource searchList 38 
 - [REQ] USER:E00000000 URL:ws/system/remoteLog/list DATA:{"actionName":"","status":"","ocppVersion":"","totalItemCount":0,"pageItemSize":20,"pageCount":0,"pageNumber":2}
2026-03-27 16:26:54 [http-nio-8081-exec-9] INFO  k.c.k.l.a.r.system.RemoteLogResource searchList 41 
 - [RES] USER:E00000000 URL:ws/system/remoteLog/list SUCCESS count:426
2026-03-27 16:26:55 [http-nio-8081-exec-3] INFO  k.c.k.l.a.r.system.RemoteLogResource searchList 38 
 - [REQ] USER:E00000000 URL:ws/system/remoteLog/list DATA:{"actionName":"","status":"","ocppVersion":"","totalItemCount":0,"pageItemSize":20,"pageCount":0,"pageNumber":9}
2026-03-27 16:26:55 [http-nio-8081-exec-3] INFO  k.c.k.l.a.r.system.RemoteLogResource searchList 41 
 - [RES] USER:E00000000 URL:ws/system/remoteLog/list SUCCESS count:426
2026-03-27 16:26:56 [http-nio-8081-exec-1] INFO  k.c.k.l.a.r.system.RemoteLogResource searchList 38 
 - [REQ] USER:E00000000 URL:ws/system/remoteLog/list DATA:{"actionName":"","status":"","ocppVersion":"","totalItemCount":0,"pageItemSize":20,"pageCount":0,"pageNumber":10}
2026-03-27 16:26:56 [http-nio-8081-exec-1] INFO  k.c.k.l.a.r.system.RemoteLogResource searchList 41 
 - [RES] USER:E00000000 URL:ws/system/remoteLog/list SUCCESS count:426
2026-03-27 16:27:05 [http-nio-8081-exec-10] INFO  k.c.k.l.a.r.system.RemoteLogResource searchList 38 
 - [REQ] USER:E00000000 URL:ws/system/remoteLog/list DATA:{"actionName":"","status":"","ocppVersion":"","totalItemCount":0,"pageItemSize":20,"pageCount":0,"pageNumber":11}
2026-03-27 16:27:06 [http-nio-8081-exec-10] INFO  k.c.k.l.a.r.system.RemoteLogResource searchList 41 
 - [RES] USER:E00000000 URL:ws/system/remoteLog/list SUCCESS count:426
2026-03-27 16:27:08 [http-nio-8081-exec-6] INFO  k.c.k.l.a.r.system.RemoteLogResource searchList 38 
 - [REQ] USER:E00000000 URL:ws/system/remoteLog/list DATA:{"actionName":"","status":"","ocppVersion":"","totalItemCount":0,"pageItemSize":20,"pageCount":0,"pageNumber":9}
2026-03-27 16:27:08 [http-nio-8081-exec-6] INFO  k.c.k.l.a.r.system.RemoteLogResource searchList 41 
 - [RES] USER:E00000000 URL:ws/system/remoteLog/list SUCCESS count:426
2026-03-27 16:27:09 [http-nio-8081-exec-9] INFO  k.c.k.l.a.r.system.RemoteLogResource searchList 38 
 - [REQ] USER:E00000000 URL:ws/system/remoteLog/list DATA:{"actionName":"","status":"","ocppVersion":"","totalItemCount":0,"pageItemSize":20,"pageCount":0,"pageNumber":0}
2026-03-27 16:27:09 [http-nio-8081-exec-9] INFO  k.c.k.l.a.r.system.RemoteLogResource searchList 41 
 - [RES] USER:E00000000 URL:ws/system/remoteLog/list SUCCESS count:426
2026-03-27 16:28:15 [http-nio-8081-exec-4] INFO  k.c.k.l.a.r.common.CommonValResource searchCommonVals 49 
 - [REQ] USER ID :E00000000, ACCESS_IP:0:0:0:0:0:0:0:1, URL : ws/common/val, GET, DATA : {"highCodes":["ELCO00"],"totalItemCount":0,"pageItemSize":20,"pageCount":0,"pageNumber":0}
2026-03-27 16:28:15 [http-nio-8081-exec-7] INFO  k.c.k.l.a.r.system.AuthorityResource getMyUserInfo 155 
 - [REQ] USER ID :E00000000, ACCESS_IP:0:0:0:0:0:0:0:1, URL : ws/system/myUserInfo, GET
2026-03-27 16:28:15 [http-nio-8081-exec-5] INFO  k.c.k.l.a.r.c.CommonCodeResource searchCommonCodes 50 
 - [REQ] USER ID :E00000000, ACCESS_IP:0:0:0:0:0:0:0:1, URL : ws/common/codes, GET, DATA : {"highCodes":["CHE000","CHRA00","CHMK00","CHMD00","CHAB00","CHRS00","RESA00","ACCC00","ACCD00","CHKT00","CBMK00","SPMK00","DCHC00","AC3C00","DCMC00","CHMT00","MEMB00","MEMK00","MEML00","MSGA00","TELB00","URG000","BDST00","RCST00","REIT00","SYNO00","CSCA00","CSCS00","FCTP00","FCTP01","CHCK00","M2MMK0","RFMK00","LCD000","ICMK00","BDMK00","CM0000","RECS00"],"totalItemCount":0,"pageItemSize":20,"pageCount":0,"pageNumber":0}
2026-03-27 16:28:15 [http-nio-8081-exec-7] INFO  k.c.k.l.a.r.system.AuthorityResource getMyUserInfo 157 
 - [RES] USER ID :E00000000, ACCESS_IP:0:0:0:0:0:0:0:1, URL : ws/system/myUserInfo, GET, SUCCESS
2026-03-27 16:28:15 [http-nio-8081-exec-5] INFO  k.c.k.l.a.r.c.CommonCodeResource searchCommonCodes 54 
 - [RES] USER ID :E00000000, ACCESS_IP:0:0:0:0:0:0:0:1, URL : ws/common/codes, GET, SUCCESS
2026-03-27 16:28:15 [http-nio-8081-exec-4] INFO  k.c.k.l.a.r.common.CommonValResource searchCommonVals 53 
 - [RES] USER ID :E00000000, ACCESS_IP:0:0:0:0:0:0:0:1, URL : ws/common/val, GET, SUCCESS
2026-03-27 16:28:15 [http-nio-8081-exec-4] INFO  k.c.k.l.a.r.c.ChargerStatusResource searchChargerStatus 55 
 - [REQ] USER ID :E00000000, ACCESS_IP:0:0:0:0:0:0:0:1, URL : ws/charger/status, GET, DATA : {"cpId":"","cpName":"","status":[],"csErrorStatus":"","totalItemCount":0,"pageItemSize":20,"pageCount":0,"pageNumber":0}
2026-03-27 16:28:15 [http-nio-8081-exec-4] INFO  k.c.k.l.a.r.c.ChargerStatusResource searchChargerStatus 59 
 - [RES] USER ID :E00000000, ACCESS_IP:0:0:0:0:0:0:0:1, URL : ws/charger/status, GET, SUCCESS
2026-03-27 16:28:15 [http-nio-8081-exec-10] INFO  k.c.k.l.a.r.c.ChargingStationInfoResource searchChargerList 159 
 - [REQ] USER ID :E00000000, ACCESS_IP:0:0:0:0:0:0:0:1, URL : ws/charger/csAlarm, GET
2026-03-27 16:28:15 [http-nio-8081-exec-10] INFO  k.c.k.l.a.r.c.ChargingStationInfoResource searchChargerList 163 
 - [RES] USER ID :E00000000, ACCESS_IP:0:0:0:0:0:0:0:1, URL : ws/charger/csAlarm, GET, SUCCESS
2026-03-27 16:28:17 [http-nio-8081-exec-2] INFO  k.c.k.l.a.r.system.RemoteLogResource searchList 38 
 - [REQ] USER:E00000000 URL:ws/system/remoteLog/list DATA:{"actionName":"","status":"","ocppVersion":"","totalItemCount":0,"pageItemSize":20,"pageCount":0,"pageNumber":0}
2026-03-27 16:28:17 [http-nio-8081-exec-2] INFO  k.c.k.l.a.r.system.RemoteLogResource searchList 41 
 - [RES] USER:E00000000 URL:ws/system/remoteLog/list SUCCESS count:426
2026-03-27 16:28:20 [http-nio-8081-exec-1] INFO  k.c.k.l.a.r.system.RemoteLogResource detail 54 
 - [REQ] USER:E00000000 URL:ws/system/remoteLog/b0bafe2a-35d8-469f-8d7c-f2a70593e3d7
2026-03-27 16:28:30 [http-nio-8081-exec-6] ERROR k.c.k.l.a.controller.LoginController loginPage 57 
 - class java.lang.String cannot be cast to class kr.co.kevit.localcsms.authority.entity.domain.User (java.lang.String is in module java.base of loader 'bootstrap'; kr.co.kevit.localcsms.authority.entity.domain.User is in unnamed module of loader org.springframework.boot.loader.LaunchedURLClassLoader @6438a396)
2026-03-27 16:28:35 [SpringApplicationShutdownHook] INFO  com.zaxxer.hikari.HikariDataSource close 350 
 - HikariPool-1 - Shutdown initiated...
2026-03-27 16:28:35 [SpringApplicationShutdownHook] INFO  com.zaxxer.hikari.HikariDataSource close 352 
 - HikariPool-1 - Shutdown completed.
